cuenta,estado,plan,descripcion,orden,primer_periodo,ultimo_periodo
1A0110,BG,A,Activos Financieros al Valor Razonable con cambios en Ganancias y Pérdidas,68,2010-T1,2012-A
1A0111,BG,A,Activos Financieros Disponibles para la Venta,69,2010-T1,2012-A
1A0116,BG,A,Activos Financieros mantenidos hasta el Vencimiento,70,2010-T1,2012-A
1A0108,BG,A,Activos por Instrumentos Financieros Derivados,71,2010-T1,2012-A
1A0220,BG,A,Inversiones Financieras al Valor Razonable con cambios en Ganancias y Pérdidas,73,2011-T1,2012-T4
1A0106,BG,A,Existencias (neto),75,2010-T1,2012-A
1A0213,BG,A,Activos Financieros Disponibles para la Venta,81,2010-T1,2012-A
1A0215,BG,A,Activos Financieros mantenidos hasta el Vencimiento,82,2010-T1,2012-A
1A0210,BG,A,Activos por Instrumentos Financieros Derivados,83,2010-T1,2012-A
1A0214,BG,A,Inversiones al Método de Participación,84,2010-T1,2012-A
1A0218,BG,A,Otras Inversiones Financieras,85,2010-T1,2012-A
1A0201,BG,A,Cuentas por Cobrar Comerciales (neto),86,2010-T1,2012-A
1A0211,BG,A,Inversiones Inmobiliarias,89,2010-T1,2012-A
1A0207,BG,A,Activo por Impuesto a la Renta y Participaciones Diferidos,92,2010-T1,2012-A
1A0311,BG,A,Impuesto a la Renta y Participaciones Corrientes,105,2010-T1,2012-A
1A0407,BG,A,Cuentas por Pagar Comerciales,110,2010-T1,2012-A
1A0712,BG,A,Excedente de revaluación,111,2011-T1,2012-T4
1A0404,BG,A,Pasivo por Impuesto a la Renta y Participaciones Diferidos,112,2010-T1,2012-A
1A0708,BG,A,Resultados no Realizados,119,2010-T1,2012-A
1A0109,BG,A,Efectivo y Equivalentes de efectivo,171,2010-T1,2026-T2
1A0114,BG,A,Valores Negociables de Propiedad de las AFP,172,2010-T1,2026-T2
1A0103,BG,A,Cuentas por Cobrar Comerciales (neto),173,2010-T1,2026-T2
1A0104,BG,A,Cuentas por Cobrar a vinculadas,174,2010-T1,2026-T2
1A0105,BG,A,Otras Cuentas por Cobrar (neto),175,2010-T1,2026-T2
1A0107,BG,A,Gastos Contratados por Anticipado,176,2010-T1,2026-T2
1A0122,BG,A,Impuesto Corriente,177,2013-T2,2026-T2
1A0113,BG,A,Otros Activos,178,2010-T1,2026-T2
1A01ST,BG,A,Total Activo Corriente,179,2010-T1,2026-T2
1A0219,BG,A,Encaje legal,180,2010-T1,2026-T2
1A0217,BG,A,Inversiones de Propiedad de la AFP,181,2010-T1,2026-T2
1A0202,BG,A,Cuentas por Cobrar a vinculadas (neto),182,2010-T1,2026-T2
1A0203,BG,A,Otras Cuentas por Cobrar (neto),183,2010-T1,2026-T2
1A0205,BG,A,"Inmuebles, Muebles y Equipo (neto)",184,2010-T1,2026-T2
1A0206,BG,A,Activos Intangibles (neto),185,2010-T1,2026-T2
1A0221,BG,A,Activo por Impuesto a la Renta Diferido,186,2011-T1,2026-T2
1A0208,BG,A,Otros Activos,187,2010-T1,2026-T2
1A02ST,BG,A,Total Activo No Corriente,188,2010-T1,2026-T2
1A020T,BG,A,TOTAL ACTIVO,189,2010-T1,2026-T2
1A0801,BG,A,Registro de cartas fianza,190,2010-T1,2026-T2
1A0802,BG,A,Instrumentos Derivados,191,2010-T1,2026-T2
1A0803,BG,A,Bonos de reconocimiento entregados en custodia,192,2010-T1,2026-T2
1A0804,BG,A,Custodia de valores,193,2010-T1,2026-T2
1A0805,BG,A,Control de cheques recibidos de compañía de seguros,194,2010-T1,2026-T2
1A0306,BG,A,Sobregiros Bancarios,195,2010-T1,2026-T2
1A0309,BG,A,Parte corriente de deudas a largo plazo,196,2010-T1,2026-T2
1A0302,BG,A,Cuentas por Pagar Comerciales,197,2010-T1,2026-T2
1A0303,BG,A,Cuentas por Pagar a vinculadas,198,2010-T1,2026-T2
1A0312,BG,A,Dividendos por pagar,199,2011-T1,2026-T2
1A0318,BG,A,Impuesto a la renta Corrientes,200,2013-T2,2026-T2
1A0304,BG,A,Otras Cuentas por Pagar,201,2010-T1,2026-T2
1A0313,BG,A,Beneficios sociales a los trabajadores,202,2011-T1,2026-T2
1A0314,BG,A,Provisión por negligencia,203,2011-T1,2026-T2
1A0319,BG,A,Participaciones por pagar,204,2013-T2,2026-T2
1A0310,BG,A,Provisiones,205,2010-T1,2026-T2
1A03ST,BG,A,Total Pasivo Corriente,206,2010-T1,2026-T2
1A0402,BG,A,Cuentas por Pagar a vinculadas,207,2010-T1,2026-T2
1A0401,BG,A,Deudas a largo plazo,208,2010-T1,2026-T2
1A0409,BG,A,Pasivo por Impuesto a la Renta Diferido,209,2011-T1,2026-T2
1A0408,BG,A,Otros Pasivos,210,2010-T1,2026-T2
1A0406,BG,A,Otras Provisiones,211,2010-T1,2026-T2
1A04ST,BG,A,Total Pasivo No Corriente,212,2010-T1,2026-T2
1A040T,BG,A,Total Pasivo,213,2010-T1,2026-T2
1A0701,BG,A,Capital,214,2010-T1,2026-T2
1A0702,BG,A,Capital Adicional,215,2010-T1,2026-T2
1A0705,BG,A,Reserva Legal,216,2010-T1,2026-T2
1A0706,BG,A,Otras Reservas,217,2010-T1,2026-T2
1A0707,BG,A,Resultados Acumulados,218,2010-T1,2026-T2
1A0711,BG,A,Resultado Neto del ejercicio,219,2010-T1,2026-T2
1A0713,BG,A,Ajustes al Patrimonio,220,2011-T1,2026-T2
1A07ST,BG,A,Total Patrimonio Neto,221,2010-T1,2026-T2
1A070T,BG,A,TOTAL PASIVO Y PATRIMONIO NETO,222,2010-T1,2026-T2
1A0901,BG,A,Control de cartas de fianza,223,2010-T1,2026-T2
1A0902,BG,A,Responsabilidad por instrumentos derivados,224,2010-T1,2026-T2
1A0903,BG,A,Responsabilidad por bonos de reconocimiento entregados en custodia,225,2010-T1,2026-T2
1A0904,BG,A,Responsabilidad por la custodia de valores,226,2010-T1,2026-T2
1A0905,BG,A,Responsabilidad de la AFP por cheques recibidos de compañía de seguros,227,2010-T1,2026-T2
1B0102,BG,B,Depósitos en Bancos del País y del exterior,40,2000-A,2000-A
1B0103,BG,B,Bancos y otras Instituciones Financieras del Exterior,41,2000-A,2000-A
1B0104,BG,B,Canje,42,2000-A,2000-A
1B0202,BG,B,Inversiones financieras temporales,46,2000-A,2000-A
1B0203,BG,B,Colocaciones,47,2000-A,2000-A
1B0106,BG,B,Caja y Canje,51,2001-A,2005-A
1B0207,BG,B,Otros activos,51,2000-A,2000-A
1B0101,BG,B,Banco Central de Reserva del Perú,52,2000-A,2005-A
1B0108,BG,B,Bancos y otras empresas del sistema financiero del país y del exterior,53,2001-A,2005-A
1B0105,BG,B,Otras disponibilidades,54,2000-A,2005-A
1B0302,BG,B,Depósitos de ahorro,54,2000-A,2000-A
1B0107,BG,B,Rendimientos devengados del disponible,55,2001-A,2005-A
1B0303,BG,B,Depósitos a plazo,55,2000-A,2000-A
1B01ST,BG,B,Total Fondos Disponibles,56,2000-A,2005-A
1B0304,BG,B,Certificados bancarios en moneda extranjera,56,2000-A,2000-A
1B0201,BG,B,Fondos interbancarios,57,2000-A,2005-A
1B0305,BG,B,Otros depósitos y Obligaciones,57,2000-A,2000-A
1B0208,BG,B,"Inversiones negociables y a vencimiento, neto",58,2001-A,2005-A
1B0306,BG,B,Total depósitos y obligaciones con el público,58,2000-A,2000-A
1B0209,BG,B,"Cartera de créditos, neto",59,2001-A,2005-A
1B0401,BG,B,Adeudo a bancos y corresponsales,59,2000-A,2000-A
1B0210,BG,B,"Cuentas por cobrar, neto",60,2001-A,2005-A
1B0501,BG,B,Bonos de arrendamiento financiero y subordinados,60,2000-A,2000-A
1B0211,BG,B,Cuentas por cobrar diversas,61,2001-A,2005-A
1B0217,BG,B,Otros activos,62,2001-A,2005-A
1B0701,BG,B,Otros pasivos,62,2000-A,2000-A
1B0219,BG,B,TOTAL ACTIVO CORRIENTE,63,2001-A,2005-A
1B0212,BG,B,"Cartera de créditos, neto",64,2001-A,2005-A
1B0213,BG,B,"Cuentas por cobrar, neto",65,2001-A,2005-A
1B0214,BG,B,Cuentas por cobrar diversas,66,2001-A,2005-A
1B0215,BG,B,"Bienes realizables recibidos en pago, adjudicados y fuera de uso",67,2001-A,2005-A
1B0216,BG,B,"Inversiones a vencimiento, neto",68,2001-A,2005-A
1B0204,BG,B,Inversiones permanentes neto,69,2000-A,2005-A
1B0205,BG,B,"Inmuebles, Mobiliario y Equipo (neto de depreciación y desvalorización acumulada)",70,2000-A,2005-A
1B0221,BG,B,Activos intangibles (neto de amortización y desvalorización acumulada),71,2002-A,2005-A
1B0206,BG,B,Impuesto a la renta y participaciones diferidos activo,72,2000-A,2005-A
1B0218,BG,B,Otros activos,73,2001-A,2005-A
1B0220,BG,B,TOTAL ACTIVO NO CORRIENTE,74,2001-A,2005-A
1B020T,BG,B,TOTAL ACTIVO,75,2000-A,2005-A
1B0301,BG,B,Obligaciones a la vista,76,2000-A,2005-A
1B0307,BG,B,Obligaciones por cuentas de ahorro,77,2001-A,2005-A
1B0308,BG,B,Obligaciones por cuentas a plazos,78,2001-A,2005-A
1B0309,BG,B,Otras obligaciones,79,2001-A,2005-A
1B0310,BG,B,Gastos por pagar de obligaciones con el público,80,2001-A,2005-A
1B0311,BG,B,Total obligaciones con el público,81,2001-A,2005-A
1B0312,BG,B,Fondos interbancarios,82,2001-A,2005-A
1B0313,BG,B,Depósitos de empresas del sistema financiero y organismos financieros internacionales,83,2001-A,2005-A
1B0314,BG,B,Adeudos y obligaciones financieras a corto plazo,84,2001-A,2005-A
1B0315,BG,B,"Valores, títulos y obligaciones en circulación",85,2001-A,2005-A
1B0316,BG,B,Cuentas por pagar,86,2001-A,2005-A
1B0317,BG,B,Cuentas por pagar diversas,87,2001-A,2005-A
1B0318,BG,B,Provisiones y otros pasivos,88,2001-A,2005-A
1B03ST,BG,B,TOTAL PASIVO CORRIENTE,89,2001-A,2005-A
1B0402,BG,B,Adeudos y obligaciones financieras a largo plazo,90,2001-A,2005-A
1B0403,BG,B,"Valores, títulos y obligaciones en circulación",91,2001-A,2005-A
1B0404,BG,B,Cuentas por pagar,92,2001-A,2005-A
1B0405,BG,B,Cuentas por pagar diversas,93,2001-A,2005-A
1B0406,BG,B,Provisiones y otros pasivos,94,2001-A,2005-A
1B0601,BG,B,Impuesto a la renta y participaciones diferidos pasivo,95,2000-A,2005-A
1B0801,BG,B,TOTAL PASIVO,96,2000-A,2005-A
1B0901,BG,B,Contingencias,97,2000-A,2005-A
1B0902,BG,B,Interés minoritario,98,2000-A,2005-A
1B1001,BG,B,Capital social,99,2000-A,2005-A
1B1002,BG,B,Capital adicional,100,2000-A,2005-A
1B1006,BG,B,Resultados no realizados,101,2002-A,2005-A
1B1003,BG,B,Reserva legal,102,2000-A,2005-A
1B1004,BG,B,Otras reservas,103,2000-A,2005-A
1B1005,BG,B,Resultados acumulados,104,2000-A,2005-A
1B1007,BG,B,Efecto acumulado por reexpresión a moneda extranjera,105,2002-A,2005-A
1B10ST,BG,B,TOTAL PATRIMONIO,106,2000-A,2005-A
1B100T,BG,B,TOTAL PASIVO Y PATRIMONIO,107,2000-A,2005-A
1C0101,BG,C,Caja y Bancos,176,2004-T2,2005-A
1C0102,BG,C,Valores Negociables (neto de provisión acumulada),177,2004-T2,2005-A
1C0204,BG,C,Inversiones Permanentes (neto de provisión acumulada),189,2004-T2,2005-A
1C0307,BG,C,Préstamos Bancarios,214,2004-T2,2005-A
1C0305,BG,C,Parte Corriente de las Deudas a Largo Plazo,218,2004-T2,2005-A
1C0501,BG,C,Contingencias (Solo debe mostrarse cuando exista),228,2004-T2,2005-A
1C0502,BG,C,Interés minoritario,229,2004-T2,2005-A
1C0704,BG,C,Excedente de Revaluación,234,2004-T2,2005-A
1C0308,BG,C,Pasivos por Instrumentos Financieros Derivados,309,2004-T2,2006-T4
1C0405,BG,C,Pasivos por Instrumentos Financieros Derivados,314,2004-T2,2006-T4
1C0710,BG,C,Total Patrimonio Neto atribuible a los accionistas mayoritarios,328,2006-T1,2006-T4
1C0504,BG,C,Capital,329,2006-T1,2006-T4
1C0505,BG,C,Acciones de Inversión,330,2006-T1,2006-T4
1C0506,BG,C,Capital adicional,331,2006-T1,2006-T4
1C0507,BG,C,Resultados no realizados,332,2006-T1,2006-T4
1C0508,BG,C,Reservas Legales,333,2006-T1,2006-T4
1C0509,BG,C,Otras Reservas,334,2006-T1,2006-T4
1C0510,BG,C,Resultados Acumulados,335,2006-T1,2006-T4
1C0511,BG,C,Diferencias de Conversión,336,2006-T1,2006-T4
1C0503,BG,C,Total Patrimonio Neto atribuible a los Intereses Minoritarios,337,2006-T1,2006-T4
1C0109,BG,C,Efectivo y Equivalentes de efectivo,381,2006-T1,2014-A
1C0117,BG,C,Depósitos a Plazo y Fondos Restringidos,382,2012-A,2014-A
1C0114,BG,C,Inversiones Financieras,383,2006-T1,2014-A
1C0110,BG,C,Activos Financieros al Valor Razonable con cambios en Ganancias y Pérdidas,384,2006-T1,2014-A
1C0111,BG,C,Activos Financieros Disponibles para la Venta,385,2006-T1,2014-A
1C0116,BG,C,Activos Financieros mantenidos hasta el Vencimiento,386,2006-A,2014-A
1C0108,BG,C,Activos por Instrumentos Financieros Derivados,387,2004-T2,2014-A
1C0103,BG,C,Cuentas por Cobrar Comerciales (neto),388,2004-T2,2014-A
1C0104,BG,C,Cuentas por Cobrar a Partes Relacionadas,389,2004-T2,2014-A
1C0105,BG,C,Otras Cuentas por Cobrar (neto),390,2004-T2,2014-A
1C0106,BG,C,Existencias (neto),391,2004-T2,2014-A
1C0112,BG,C,Activos Biológicos,392,2006-T1,2014-A
1C0115,BG,C,Activos no Corrientes mantenidos para la Venta,393,2006-T1,2014-A
1C0107,BG,C,Gastos Diferidos,394,2004-T2,2014-A
1C0113,BG,C,Otros Activos,395,2006-T1,2014-A
1C01ST,BG,C,Total Activo Corriente,396,2004-T2,2014-A
1C0217,BG,C,Inversiones Financieras,397,2006-T1,2014-A
1C0213,BG,C,Activos Financieros Disponibles para la Venta,398,2006-T1,2014-A
1C0215,BG,C,Activos Financieros mantenidos hasta el Vencimiento,399,2006-T1,2014-A
1C0210,BG,C,Activos por Instrumentos Financieros Derivados,400,2004-T2,2014-A
1C0214,BG,C,Inversiones al Método de Participación,401,2006-T1,2014-A
1C0218,BG,C,Otras Inversiones Financieras,402,2006-T1,2014-A
1C0201,BG,C,Cuentas por Cobrar Comerciales,403,2004-T2,2014-A
1C0202,BG,C,Cuentas por Cobrar a Partes Relacionadas,404,2004-T2,2014-A
1C0203,BG,C,Otras Cuentas por Cobrar,405,2004-T2,2014-A
1C0209,BG,C,Existencias (neto),406,2004-T2,2014-A
1C0216,BG,C,Activos Biológicos,407,2006-T1,2014-A
1C0211,BG,C,Inversiones Inmobiliarias,408,2004-T2,2014-A
1C0205,BG,C,"Inmuebles, Maquinaria y Equipo (neto)",409,2004-T2,2014-A
1C0206,BG,C,Activos Intangibles (neto),410,2004-T2,2014-A
1C0207,BG,C,Activo por Impuesto a la Renta y Participaciones Diferidos,411,2004-T2,2014-A
1C0212,BG,C,Crédito Mercantil,412,2004-T2,2014-A
1C0208,BG,C,Otros Activos,413,2004-T2,2014-A
1C02ST,BG,C,Total Activo No Corriente,414,2004-T2,2014-A
1C020T,BG,C,TOTAL ACTIVO,415,2004-T2,2014-A
1C1101,BG,C,Caja y Bancos,416,2004-T2,2014-A
1C1102,BG,C,Compensación de Operaciones,417,2004-T2,2014-A
1C1103,BG,C,Cuentas por Cobrar a Participantes,418,2004-T2,2014-A
1C1104,BG,C,Liquidación de Operaciones,419,2004-T2,2014-A
1C1105,BG,C,Entregas a Rendir Cuenta,420,2004-T2,2014-A
1C1106,BG,C,Otras Cuentas por Cobrar,421,2004-T2,2014-A
1C11ST,BG,C,Total Cuentas de Orden Deudoras de Fondos Bursátiles,422,2004-T2,2014-A
1C1301,BG,C,Emisiones,423,2004-T2,2014-A
1C1302,BG,C,Anotación en Cuenta,424,2004-T2,2014-A
1C1303,BG,C,Valores por Anotar en Cuenta,425,2004-T2,2014-A
1C1304,BG,C,Dividendos en Acciones,426,2004-T2,2014-A
1C1305,BG,C,Valores Ajustados,427,2004-T2,2014-A
1C1306,BG,C,Valores Retirados del Registro,428,2004-T2,2014-A
1C13ST,BG,C,Total Cuentas de Orden Deudoras de Valores Bursátiles,429,2004-T2,2014-A
1C0306,BG,C,Sobregiros Bancarios,430,2004-T2,2014-A
1C0309,BG,C,Obligaciones Financieras,431,2006-T1,2014-A
1C0302,BG,C,Cuentas por Pagar Comerciales,432,2004-T2,2014-A
1C0303,BG,C,Cuentas por Pagar a Partes Relacionadas,433,2004-T2,2014-A
1C0311,BG,C,Impuesto a la Renta y Participaciones Corrientes,434,2006-T1,2014-A
1C0304,BG,C,Otras Cuentas por Pagar,435,2004-T2,2014-A
1C0310,BG,C,Provisiones,436,2006-T1,2014-A
1C0312,BG,C,Pasivos mantenidos para la Venta,437,2006-A,2014-A
1C03ST,BG,C,Total Pasivo Corriente,438,2004-T2,2014-A
1C0401,BG,C,Obligaciones Financieras,439,2004-T2,2014-A
1C0407,BG,C,Cuentas por Pagar Comerciales,440,2006-T1,2014-A
1C0402,BG,C,Cuentas por Pagar a Partes Relacionadas,441,2004-T2,2014-A
1C0404,BG,C,Pasivo por Impuesto a la Renta y Participaciones Diferidos,442,2004-T2,2014-A
1C0408,BG,C,Otras Cuentas por Pagar,443,2006-T1,2014-A
1C0406,BG,C,Provisiones,444,2006-T1,2014-A
1C0403,BG,C,Ingresos Diferidos (netos),445,2004-T2,2014-A
1C04ST,BG,C,Total Pasivo No Corriente,446,2004-T2,2014-A
1C040T,BG,C,Total Pasivo,447,2004-T2,2014-A
1C0701,BG,C,Capital,448,2004-T2,2014-A
1C0703,BG,C,Acciones de Inversión,449,2004-T2,2014-A
1C0702,BG,C,Capital Adicional,450,2004-T2,2014-A
1C0708,BG,C,Resultados no Realizados,451,2004-T2,2014-A
1C0705,BG,C,Reservas Legales,452,2004-T2,2014-A
1C0706,BG,C,Otras Reservas,453,2004-T2,2014-A
1C0707,BG,C,Resultados Acumulados,454,2004-T2,2014-A
1C0709,BG,C,Diferencias de Conversión,455,2004-T2,2014-A
1C07ST,BG,C,Total Patrimonio Neto,456,2004-T2,2014-A
1C070T,BG,C,TOTAL PASIVO Y PATRIMONIO,457,2004-T2,2014-A
1C1201,BG,C,Cuentas por Pagar a Participantes,458,2004-T2,2014-A
1C1202,BG,C,Garantías Recibidas por Operaciones,459,2004-T2,2014-A
1C1203,BG,C,Entregas por Cuenta de Emisores,460,2004-T2,2014-A
1C1204,BG,C,Intereses por Cuentas de Terceros,461,2004-T2,2014-A
1C1205,BG,C,"Comisiones, Contribuciones y Aportaciones",462,2004-T2,2014-A
1C1206,BG,C,Ingresos Financieros,463,2004-T2,2014-A
1C1207,BG,C,Otras Cuentas por Pagar,464,2004-T2,2014-A
1C12ST,BG,C,Total Cuentas de Orden Acreedoras de Fondos Bursátiles,465,2004-T2,2014-A
1C1401,BG,C,Valores Emitidos,466,2004-T2,2014-A
1C1402,BG,C,Registro por Anotación en Cuenta,467,2004-T2,2014-A
1C1403,BG,C,Anotación en Cuenta en Curso,468,2004-T2,2014-A
1C1404,BG,C,Registro de Dividendos en Acciones,469,2004-T2,2014-A
1C1405,BG,C,Registro del Ajuste de Valores,470,2004-T2,2014-A
1C1406,BG,C,Retiro de Valores del Registro,471,2004-T2,2014-A
1C14ST,BG,C,Total Cuentas de Orden Acreedoras de Valores Bursátiles,472,2004-T2,2014-A
1D0101,BG,D,Caja y Bancos,0,2000-T1,2005-A
1D0109,BG,D,Efectivo y Equivalentes al Efectivo,0,2006-T1,2026-T2
1D0102,BG,D,Valores Negociables (neto de provisión acumulada),1,2000-T1,2005-A
1D0114,BG,D,Otros Activos Financieros,1,2006-T1,2026-T2
1D0110,BG,D,- Activos Financieros al Valor Razonable con cambios en Ganancias y Pérdidas,2,2006-T1,2010-T4
1D0121,BG,D,Cuentas por Cobrar Comerciales y Otras Cuentas por Cobrar,2,2012-A,2026-T2
1D0103,BG,D,Cuentas por Cobrar Comerciales,3,2000-T1,2026-T2
1D0111,BG,D,- Activos Financieros Disponibles para la Venta,3,2006-T1,2010-T4
1D0104,BG,D,Cuentas por Cobrar a Entidades Relacionadas,4,2000-T1,2026-T2
1D0116,BG,D,- Activos Financieros mantenidos hasta el Vencimiento,4,2006-A,2010-T4
1D0105,BG,D,Otras Cuentas por Cobrar,5,2000-T1,2026-T2
1D0108,BG,D,- Activos por Instrumentos Financieros Derivados,5,2002-A,2010-T4
1D0107,BG,D,Anticipos,6,2000-T1,2026-T2
1D0106,BG,D,Inventarios,7,2000-T1,2026-T2
1D0112,BG,D,Activos Biológicos,8,2006-T1,2026-T2
1D0117,BG,D,Activos por Impuestos a las Ganancias,9,2010-A,2026-T2
1D0113,BG,D,Otros Activos no Financieros,10,2006-T1,2026-T2
1D0122,BG,D,Activos Corrientes Distintos al Efectivo Pignorados como Garantía Colateral,11,2016-A,2026-T2
1D0118,BG,D,Total Activos Corrientes Distintos de los Activos no Corrientes o Grupos de Activos para su Disposición Clasificados como Mantenidos para la Venta o para Distribuir a los Propietarios,12,2010-A,2026-T2
1D0119,BG,D,Activos no Corrientes o Grupos de Activos para su Disposición Clasificados como Mantenidos para la Venta,12,2010-A,2016-T4
1D0115,BG,D,Activos no Corrientes o Grupos de Activos para su Disposición Clasificados como Mantenidos para la Venta o como Mantenidos para Distribuir a los Propietarios,13,2006-T1,2026-T2
1D0120,BG,D,Activos no Corrientes o Grupos de Activos para su Disposición Clasificados como Mantenidos para Distribuir a los Propietarios,13,2010-A,2016-T4
1D0204,BG,D,Inversiones Permanentes (neto de provisión acumulada),13,2000-T1,2005-A
1D01ST,BG,D,Total Activos Corrientes,14,2000-T1,2026-T2
1D0217,BG,D,Otros Activos Financieros,15,2006-T1,2026-T2
1D0213,BG,D,- Activos Financieros Disponibles para la Venta,16,2006-T1,2010-T4
1D0214,BG,D,Inversiones Contabilizadas Aplicando el Método de la Participación,16,2006-T1,2026-T2
1D0221,BG,D,"Inversiones en Subsidiarias, Negocios Conjuntos y Asociadas",16,2012-A,2026-T2
1D0215,BG,D,- Activos Financieros mantenidos hasta el Vencimiento,17,2006-T1,2010-T4
1D0219,BG,D,Cuentas por Cobrar Comerciales y Otras Cuentas por Cobrar,17,2012-A,2026-T2
1D0301,BG,D,Sobregiros y Préstamos Bancarios,17,2000-T1,2002-A
1D0201,BG,D,Cuentas por Cobrar Comerciales,18,2000-T1,2026-T2
1D0210,BG,D,- Activos por Instrumentos Financieros Derivados,18,2002-A,2010-T4
1D0202,BG,D,Cuentas por Cobrar a Entidades Relacionadas,19,2000-T1,2026-T2
1D0203,BG,D,Otras Cuentas por Cobrar,20,2000-T1,2026-T2
1D0218,BG,D,- Otras Inversiones Financieras,20,2006-T1,2010-T4
1D0220,BG,D,Anticipos,21,2012-A,2026-T2
1D0222,BG,D,Inventarios,22,2016-A,2026-T2
1D0216,BG,D,Activos Biológicos,23,2006-T1,2026-T2
1D0209,BG,D,Existencias (neto),24,2002-A,2010-T4
1D0211,BG,D,Propiedades de Inversión,24,2002-A,2026-T2
1D0307,BG,D,Préstamos Bancarios,24,2002-A,2005-A
1D0205,BG,D,"Propiedades, Planta y Equipo",25,2000-T1,2026-T2
1D0206,BG,D,Activos Intangibles Distintos de la Plusvalía,26,2000-T1,2026-T2
1D0207,BG,D,Activos por Impuestos Diferidos,27,2000-T1,2026-T2
1D0223,BG,D,"Activos por Impuestos Corrientes, no Corrientes",28,2016-A,2026-T2
1D0305,BG,D,Parte Corriente de las Deudas a Largo Plazo,28,2000-T1,2005-A
1D0212,BG,D,Plusvalía,29,2002-A,2026-T2
1D0208,BG,D,Otros Activos no Financieros,30,2000-T1,2026-T2
1D0224,BG,D,Activos no Corrientes Distintos al Efectivo Pignorados como Garantía Colateral,31,2016-A,2026-T2
1D02ST,BG,D,Total Activos No Corrientes,32,2002-A,2026-T2
1D020T,BG,D,TOTAL DE ACTIVOS,33,2000-T1,2026-T2
1D0306,BG,D,Sobregiros Bancarios,34,2002-A,2010-T4
1D0309,BG,D,Otros Pasivos Financieros,34,2006-T1,2026-T2
1D0316,BG,D,Cuentas por Pagar Comerciales y Otras Cuentas por Pagar,35,2012-A,2026-T2
1D0302,BG,D,Cuentas por Pagar Comerciales,36,2000-T1,2026-T2
1D0303,BG,D,Cuentas por Pagar a Entidades Relacionadas,37,2000-T1,2026-T2
1D0304,BG,D,Otras Cuentas por Pagar,38,2000-T1,2026-T2
1D0501,BG,D,Contingencias (Solo debe mostrarse cuando exista),38,2000-T1,2005-A
1D0317,BG,D,Ingresos Diferidos,39,2012-A,2026-T2
1D0502,BG,D,Interés minoritario,39,2000-T1,2005-A
1D0308,BG,D,Pasivos por Instrumentos Financieros Derivados,40,2002-A,2006-T4
1D0313,BG,D,Provisión por Beneficios a los Empleados,40,2010-A,2026-T2
1D0310,BG,D,Otras Provisiones,41,2006-T1,2026-T2
1D0311,BG,D,Pasivos por Impuestos a las Ganancias,42,2006-T1,2026-T2
1D0314,BG,D,Otros Pasivos no Financieros,43,2010-A,2026-T2
1D0315,BG,D,Total de Pasivos Corrientes Distintos de Pasivos Incluidos en Grupos de Activos para su Disposición Clasificados como Mantenidos para la Venta,44,2010-A,2026-T2
1D0704,BG,D,Excedente de Revaluación,44,2000-T1,2005-A
1D0312,BG,D,Pasivos incluidos en Grupos de Activos para su Disposición Clasificados como Mantenidos para la Venta,45,2006-A,2026-T2
1D0405,BG,D,Pasivos por Instrumentos Financieros Derivados,45,2002-A,2006-T4
1D03ST,BG,D,Total Pasivos Corrientes,46,2000-T1,2026-T2
1D0401,BG,D,Otros Pasivos Financieros,47,2000-T1,2026-T2
1D0411,BG,D,Cuentas por Pagar Comerciales y Otras Cuentas por Pagar,48,2012-A,2026-T2
1D0407,BG,D,Cuentas por Pagar Comerciales,49,2006-T1,2026-T2
1D0402,BG,D,Cuentas por Pagar a Entidades Relacionadas,50,2000-T1,2026-T2
1D0408,BG,D,Otras Cuentas por Pagar,51,2006-T1,2026-T2
1D0403,BG,D,Ingresos Diferidos,52,2000-T1,2026-T2
1D0409,BG,D,Provisión por Beneficios a los Empleados,53,2010-A,2026-T2
1D0406,BG,D,Otras Provisiones,54,2006-T1,2026-T2
1D0404,BG,D,Pasivos por Impuestos Diferidos,55,2000-T1,2026-T2
1D0412,BG,D,"Pasivos por Impuestos Corrientes, no Corriente",56,2016-A,2026-T2
1D0705,BG,D,Reservas Legales,56,2000-T1,2010-T4
1D0410,BG,D,Otros Pasivos no Financieros,57,2010-A,2026-T2
1D0706,BG,D,Otras Reservas,57,2000-T1,2010-T4
1D04ST,BG,D,Total Pasivos No Corrientes,58,2002-A,2026-T2
1D040T,BG,D,Total Pasivos,59,2000-T1,2026-T2
1D0709,BG,D,Diferencias de Conversión,59,2002-A,2010-T4
1D0504,BG,D,Capital,60,2006-T1,2006-T4
1D0701,BG,D,Capital Emitido,60,2000-T1,2026-T2
1D0505,BG,D,Acciones de Inversión,61,2006-T1,2006-T4
1D0702,BG,D,Primas de Emisión,61,2000-T1,2026-T2
1D0506,BG,D,Capital adicional,62,2006-T1,2006-T4
1D0703,BG,D,Acciones de Inversión,62,2000-T1,2026-T2
1D0507,BG,D,Resultados no realizados,63,2006-T1,2006-T4
1D0711,BG,D,Acciones Propias en Cartera,63,2010-A,2026-T2
1D0508,BG,D,Reservas Legales,64,2006-T1,2006-T4
1D0712,BG,D,Otras Reservas de Capital,64,2010-A,2026-T2
1D0509,BG,D,Otras Reservas,65,2006-T1,2006-T4
1D0707,BG,D,Resultados Acumulados,65,2000-T1,2026-T2
1D0510,BG,D,Resultados Acumulados,66,2006-T1,2006-T4
1D0708,BG,D,Otras Reservas de Patrimonio,66,2002-A,2026-T2
1D0511,BG,D,Diferencias de Conversión,67,2006-T1,2006-T4
1D0710,BG,D,Patrimonio Atribuible a los Propietarios de la Controladora,67,2006-T1,2026-T2
1D0503,BG,D,Participaciones no Controladoras,68,2006-T1,2026-T2
1D07ST,BG,D,Total Patrimonio,69,2000-T1,2026-T2
1D070T,BG,D,TOTAL PASIVOS Y PATRIMONIO,70,2000-T1,2026-T2
1E0808,BG,E,Efecto acumulado por reexpresión a moneda extranjera,141,2003-T1,2005-T4
1E0102,BG,E,Inversiones financieras (neto),148,2000-T1,2026-T2
1E0113,BG,E,Cuentas por cobrar (neto),149,2013-T2,2026-T2
1E0325,BG,E,Otras Provisiones,154,2011-T1,2012-T4
1E0123,BG,E,Impuestos a las ganancias corrientes,156,2011-T1,2026-T2
1E0126,BG,E,Activos no corrientes mantenidos para la venta,158,2013-T2,2026-T2
1E0114,BG,E,Otros activos,159,2013-T2,2026-T2
1E0206,BG,E,Inversiones Financieras (neto),161,2001-T1,2026-T2
1E0211,BG,E,Cuentas por cobrar (neto),162,2013-T2,2026-T2
1E0702,BG,E,Capital Social,162,2006-T1,2009-A
1E0703,BG,E,Capital Adicional,163,2006-T1,2009-A
1E0201,BG,E,Cuentas por Cobrar Diversas (neto),164,2000-T1,2026-T2
1E0704,BG,E,Reservas,164,2006-T1,2009-A
1E0705,BG,E,Resultados Acumulados,165,2006-T1,2009-A
1E0706,BG,E,Resultado Neto del Ejercicio,166,2006-T1,2009-A
1E0214,BG,E,Plusvalía,168,2006-T1,2026-T2
1E0220,BG,E,Impuestos a las Ganancias Diferidos,169,2011-T1,2026-T2
1E1101,BG,E,Cuentas Contingentes Acreedoras por Contra,172,2006-T1,2026-T2
1E0316,BG,E,Cuentas por pagar,174,2013-T2,2026-T2
1E0105,BG,E,Cuentas corrientes reaseguradores deudores (neto),175,2000-T1,2000-T4
1E0106,BG,E,Depósitos de primas de reaseguros ceptados,176,2000-T1,2000-T4
1E0202,BG,E,Inversiones (neto),181,2000-T1,2000-T4
1E0317,BG,E,Cuentas por Pagar Diversas,182,2006-T1,2026-T2
1E0324,BG,E,Impuestos a las ganancias corrientes,183,2011-T1,2026-T2
1E0205,BG,E,Otros activos,184,2000-T1,2000-T4
1E0320,BG,E,Otros Pasivos (neto),184,2013-T2,2026-T2
1E0301,BG,E,Sobregiros y obligaciones financieras,186,2000-T1,2000-T4
1E0408,BG,E,Cuentas por pagar,186,2013-T2,2026-T2
1E0305,BG,E,Cuentas corrientes reaseguradores acreedores,190,2000-T1,2000-T4
1E0409,BG,E,Cuentas por Pagar Diversas,190,2006-T1,2026-T2
1E0306,BG,E,Depósito de primas reaseguros cedidos,191,2000-T1,2000-T4
1E0414,BG,E,Impuestos a las Ganancias Diferidos,191,2011-T1,2026-T2
1E0411,BG,E,Otros Pasivos (neto),192,2006-T1,2026-T2
1E0412,BG,E,TOTAL PASIVO NO CORRIENTE,193,2003-T1,2026-T2
1E0403,BG,E,Reservas técnicas por primas y riesgo catastrófico,197,2000-T1,2000-T4
1E0814,BG,E,Acciones en Tesorería,198,2011-T1,2026-T2
1E0813,BG,E,Patrimonio Atribuible a los Propietarios de la Controladora,201,2010-T2,2026-T2
1E0701,BG,E,Participaciones No Controladoras,202,2000-T1,2026-T2
1E0212,BG,E,TOTAL ACTIVO NO CORRIENTE,273,2003-T1,2005-T4
1E0308,BG,E,Reservas técnicas por primas,281,2000-T1,2005-T4
1E0601,BG,E,Contingencias,291,2000-T1,2005-T4
1E0101,BG,E,Efectivo y Equivalente de Efectivo,311,2000-T1,2026-T2
1E0124,BG,E,Inversiones financieras (neto),312,2013-T2,2026-T2
1E0115,BG,E,A valor Razonable con Cambios en Resultados,313,2010-T1,2026-T2
1E0116,BG,E,Disponibles para la Venta,314,2010-T1,2026-T2
1E0117,BG,E,A Vencimiento,315,2010-T1,2026-T2
1E0118,BG,E,Menos: Provisiones de Inversiones Financieras y Deterioro de Valor,316,2010-T1,2026-T2
1E0103,BG,E,Cuentas por Cobrar por Operaciones de Seguros (neto),317,2000-T1,2026-T2
1E0119,BG,E,Menos: Cargas Aplicadas Sobre Polizas,318,2010-T1,2026-T2
1E0104,BG,E,Cuentas por Cobrar por Operaciones Sujetas a Riesgo Crediticio (neto),319,2000-T1,2026-T2
1E0109,BG,E,Cuentas por Cobrar a Reaseguradores y Coaseguradores (neto),320,2001-T1,2026-T2
1E0125,BG,E,Activo por Reservas Técnicas a Cargo de Reaseguradoras,321,2013-T2,2026-T2
1E0107,BG,E,Cuentas por Cobrar Diversas (neto),322,2000-T1,2026-T2
1E0120,BG,E,Cuentas por Cobrar por Productos Financieros Derivados para Negociación,323,2010-T1,2026-T2
1E0121,BG,E,Cuentas por Cobrar Productos Financieros Derivados con Fines de Cobertura,324,2010-T1,2026-T2
1E0122,BG,E,Cuentas por Cobrar por Macro-coberturas,325,2010-T1,2026-T2
1E0108,BG,E,Gastos Contrados por Adelantado,326,2000-T1,2026-T2
1E01ST,BG,E,TOTAL ACTIVO CORRIENTE,327,2000-T1,2026-T2
1E0221,BG,E,Activos por Reservas Técnicas a cargo de reaseguradores,328,2013-T2,2026-T2
1E0222,BG,E,Inversiones Financieras (neto),329,2013-T2,2026-T2
1E0215,BG,E,Disponibles para la Venta,330,2010-T1,2026-T2
1E0216,BG,E,A Vencimiento,331,2010-T1,2026-T2
1E0217,BG,E,Inversiones en Subsidiarias y Asociadas,332,2010-T1,2026-T2
1E0218,BG,E,Menos: Provisiones de Inversiones Financieras y Deterioro de Valor,333,2010-T1,2026-T2
1E0207,BG,E,Inversiones en Inmuebles (neto),334,2001-T1,2026-T2
1E0203,BG,E,"Inmuebles, Muebles y Equipo (neto)",335,2000-T1,2026-T2
1E0208,BG,E,Activos Intangibles (Neto),336,2001-T1,2026-T2
1E0219,BG,E,Activo por Impuesto a las ganancias,337,2011-T1,2026-T2
1E0223,BG,E,Activo no Corrientes Mantenidos para la Venta (neto),338,2013-T2,2026-T2
1E0209,BG,E,Otros Activos,339,2001-T1,2026-T2
1E02ST,BG,E,TOTAL ACTIVO,340,2000-T1,2026-T2
1E1102,BG,E,Cuentas Contingentes Acreedoras por Contra,341,2006-T1,2026-T2
1E1103,BG,E,Cuentas de Orden Deudoras,342,2006-T1,2026-T2
1E1104,BG,E,Cuentas de Orden Acreedoras por Contra,343,2006-T1,2026-T2
1E0204,BG,E,Activo por Impuesto a la Renta y Participaciones Diferidos,344,2000-T1,2015-A
1E0302,BG,E,"Tributos, Participaciones y Ctas. por Pagar Diversas",344,2000-T1,2026-T2
1E0321,BG,E,Cuentas por Pagar por Productos Financieros Derivados para Negociación,345,2010-T1,2026-T2
1E0322,BG,E,Cuentas por Pagar por Productos Financieros Derivados con Fines de Cobertura,346,2010-T1,2026-T2
1E0323,BG,E,Cuentas por Pagar por Macro-Coberturas,347,2010-T1,2026-T2
1E0310,BG,E,Obligaciones Financieras,348,2001-T1,2026-T2
1E0303,BG,E,"Cuentas por Pagar a Intermediarios, Comercializadores y Auxiliares",349,2000-T1,2026-T2
1E0304,BG,E,Cuentas por Pagar a Asegurados,350,2000-T1,2026-T2
1E0311,BG,E,Cuentas por Pagar a Reaseguradores y Coaseguradores (neto),351,2001-T1,2026-T2
1E0307,BG,E,Reservas Técnicas por Siniestros,352,2000-T1,2026-T2
1E0309,BG,E,TOTAL PASIVO CORRIENTE,353,2000-T1,2026-T2
1E0401,BG,E,Obligaciones Financieras,354,2000-T1,2026-T2
1E0402,BG,E,Reservas Técnicas por Siniestros,355,2000-T1,2026-T2
1E0407,BG,E,Reservas Técnicas por Primas,356,2001-T1,2026-T2
1E0404,BG,E,Otros Pasivos (neto),357,2000-T1,2026-T2
1E0405,BG,E,Pasivos Diferidos,358,2000-T1,2026-T2
1E0413,BG,E,Pasivo por Impuesto a las Ganancias Diferido,359,2011-T1,2026-T2
1E0501,BG,E,TOTAL PASIVO,360,2000-T1,2026-T2
1E0801,BG,E,Capital Social,361,2000-T1,2026-T2
1E0802,BG,E,Capital Adicional,362,2000-T1,2026-T2
1E0810,BG,E,Reservas,363,2006-T1,2026-T2
1E0812,BG,E,Acciones en Tesorería,364,2010-T1,2026-T2
1E0815,BG,E,Instrumentos Financieros Compuestos,365,2016-T2,2026-T2
1E0811,BG,E,Ajustes al patrimonio,366,2006-T1,2026-T2
1E0806,BG,E,Resultados Acumulados,367,2000-T1,2026-T2
1E0809,BG,E,Resultado del Ejercicio,368,2006-T1,2026-T2
1E0901,BG,E,TOTAL PATRIMONIO,369,2000-T1,2026-T2
1E1001,BG,E,TOTAL PASIVO Y PATRIMONIO,370,2000-T1,2026-T2
1E1202,BG,E,Cuentas Contingentes Acreedoras,371,2006-T1,2026-T2
1E1203,BG,E,Cuentas de Orden Deudoras por Contra,372,2006-T1,2026-T2
1E1204,BG,E,Cuentas de Orden Acreedoras,373,2006-T1,2026-T2
1E1201,BG,E,Cuentas Contingentes Deudoras por Contra,380,2006-T1,2009-A
1E0406,BG,E,Pasivo por Impuesto a la Renta y Participaciones Diferidos,392,2000-T1,2012-A
1E0807,BG,E,Resultados no Realizados,396,2003-T1,2012-A
1E0803,BG,E,Excedente de Revaluación,397,2000-T1,2012-A
1E0804,BG,E,Reserva Legal,398,2000-T1,2012-A
1E0805,BG,E,Otras Reservas,399,2000-T1,2012-A
1F0102,BG,F,Caja y B.C.R.,40,2000-T1,2000-T4
1F0103,BG,F,Otras instituciones financieras,41,2000-T1,2000-T4
1F0401,BG,F,Inversiones financieras temporales,45,2000-T1,2000-T4
1F0402,BG,F,Refinanciadas,46,2000-T1,2000-T4
1F0403,BG,F,-Neto de S/. de prov. para fluctuación de valores,47,2000-T1,2000-T4
1F0404,BG,F,-Neto de S/. resultado en la compra-venta de valores no devengados,48,2000-T1,2000-T4
1F0501,BG,F,COLOCACIONES,49,2000-T1,2000-T4
1F0601,BG,F,Sobregiros y avances en ctas. Ctes.,50,2000-T1,2000-T4
1F0701,BG,F,Documentos descontados,51,2000-T1,2000-T4
1F0702,BG,F,Préstamos,52,2000-T1,2000-T4
1F0703,BG,F,Arrendamientos financieros,53,2000-T1,2000-T4
1F0704,BG,F,Otras colocaciones,54,2000-T1,2000-T4
1F0705,BG,F,Créditos por liquidar,55,2000-T1,2000-T4
1F0706,BG,F,Refinanciadas,56,2000-T1,2000-T4
1F0707,BG,F,Créditos vencidos y en cobranza judicial,57,2000-T1,2000-T4
1F0708,BG,F,-Neto de S/. de prov. Para riesgo de incobrabilidad,58,2000-T1,2000-T4
1F0709,BG,F,-Intereses y comisiones no devengados,59,2000-T1,2000-T4
1F0801,BG,F,"INTERESES, COMISIONES Y OTRAS CUENTAS POR COBRAR",60,2000-T1,2000-T4
1F0901,BG,F,"Intereses, comisiones y otras cuentas por cobrar",61,2000-T1,2000-T4
1F0902,BG,F,-Neto de S/. de prov. por riesgo de incobrabilidad,62,2000-T1,2000-T4
1F1101,BG,F,- Bienes adjudicados y Otros realizables,64,2000-T1,2000-T4
1F1102,BG,F,- Neto de S/. de provisiones,65,2000-T1,2000-T4
1F1201,BG,F,OTRAS INVERSIONES FINANCIERAS,66,2000-T1,2000-T4
1F1301,BG,F,Otras inversiones financieras,67,2000-T1,2000-T4
1F1302,BG,F,Neto de S/. prov. fluct. Valores,68,2000-T1,2000-T4
1F1401,BG,F,INVERSIONES EN SUBSIDIARIAS Y CAPITAL ASIGNADO EN SUC. DEL EXT.,69,2000-T1,2000-T4
1F1501,BG,F,INVERSIONES VENCIDAS Y EN COBRANZA JUDICIAL,70,2000-T1,2000-T4
1F1601,BG,F,Inversiones vencidas y en cobranza judicial,71,2000-T1,2000-T4
1F1602,BG,F,- Neto S/.de prov. para fluctuación de valores,72,2000-T1,2000-T4
1F1702,BG,F,"Inmuebles, mobiliario y equipo",74,2000-T1,2000-T4
1F1703,BG,F,- Neto de S/ depreciación acumulada,75,2000-T1,2000-T4
1F1802,BG,F,Otros activos,77,2000-T1,2000-T4
1F1803,BG,F,- Neto De amortización acumulada De intangibles,78,2000-T1,2000-T4
1F0308,BG,F,Rendimientos Devengados de Inversiones Negociables y a Vencimiento,80,2006-T1,2009-A
1F0309,BG,F,(-) Provisiones para Inversiones Negociables y a Vencimiento,81,2006-T1,2009-A
1F0128,BG,F,Cuentas por cobrar por operaciones de seguros (neto),84,2006-T1,2026-T2
1F0129,BG,F,Cuentas por cobrar a reaseguradores y coaseguradores (neto),85,2006-T1,2026-T2
1F2204,BG,F,En garantía,85,2000-T1,2000-T4
1F0136,BG,F,Activos por reservas técnicas a cargo de reaseguradoras,86,2013-T1,2026-T2
1F2205,BG,F,Certificados bancarios,86,2000-T1,2000-T4
1F2206,BG,F,Compensación por tiempo de servicio (CTS),87,2000-T1,2000-T4
1F0113,BG,F,Cuentas por cobrar diversas (neto),88,2001-T1,2026-T2
1F2207,BG,F,Bonos,88,2000-T1,2000-T4
1F0130,BG,F,Impuestos a las ganancias corrientes,89,2011-T1,2026-T2
1F2208,BG,F,Otros,89,2000-T1,2000-T4
1F3202,BG,F,Contingencias (no ingresar montos),90,2003-T1,2005-T4
1F0114,BG,F,Otros activos (netos),91,2001-T1,2026-T2
1F01ST,BG,F,TOTAL ACTIVO CORRIENTE,92,2001-T1,2026-T2
1F2501,BG,F,INTERESES Y COMISIONES DEVENGADAS,92,2000-T1,2000-T4
1F1902,BG,F,Cartera de créditos (neto),93,2001-T1,2026-T2
1F2601,BG,F,PROVISIÓN PARA BENEFICIOS SOCIALES,93,2000-T1,2000-T4
1F1903,BG,F,Cuentas por cobrar (neto),94,2001-T1,2026-T2
1F2701,BG,F,Provisión para beneficios sociales,94,2000-T1,2000-T4
1F1904,BG,F,Cuentas por cobrar diversas (neto),95,2001-T1,2026-T2
1F2702,BG,F,-Neto de S/. de adelantos,95,2000-T1,2000-T4
1F2801,BG,F,PROVISIÓN PARA CONTINGENCIAS,96,2000-T1,2000-T4
1F1918,BG,F,Inversiones a vencimiento,98,2013-T1,2026-T2
1F3311,BG,F,Efecto acumulado por reexpresión a moneda extranjera,98,2003-T1,2005-T4
1F1906,BG,F,Propiedades de Inversión,99,2001-T1,2026-T2
1F1005,BG,F,"(-) Provisiones y Depreciaciones para Bienes Realizables, Recibidos en Pago, Adjudicados y Bienes fuera de uso",101,2006-T1,2009-A
1F1915,BG,F,Impuestos a las ganancias diferidas,103,2011-T1,2026-T2
1F2705,BG,F,"Valores, Títulos y Obligaciones en Circulación",103,2001-T1,2012-A
1F1910,BG,F,Rendimientos Devengados de Inversiones Permanentes,105,2006-T1,2009-A
1F19ST,BG,F,TOTAL ACTIVO NO CORRIENTE,105,2001-T1,2026-T2
1F3308,BG,F,Reserva legal,105,2001-T1,2005-T4
1F1911,BG,F,(+) Provisiones para Inversiones Permanentes,106,2006-T1,2009-A
1F3309,BG,F,Otras reservas,106,2001-T1,2005-T4
1F2704,BG,F,Adeudados y Obligaciones Financieras,112,2001-T1,2026-T2
1F2719,BG,F,"Cuentas por pagar a intermediarios, comercializadores y auxiliares",115,2006-T1,2026-T2
1F3203,BG,F,Capital Social,115,2006-T1,2009-A
1F2720,BG,F,Cuentas por pagar a asegurados,116,2006-T1,2026-T2
1F3022,BG,F,Ingreso Diferido,116,2006-T1,2012-A
1F3204,BG,F,Capital Adicional,116,2006-T1,2009-A
1F2721,BG,F,Cuentas por pagar a reaseguradores y coaseguradores (neto),117,2006-T1,2026-T2
1F3205,BG,F,Reservas,117,2006-T1,2009-A
1F2722,BG,F,Reservas técnicas por siniestros,118,2006-T1,2026-T2
1F3206,BG,F,Resultados Acumulados,118,2006-T1,2009-A
1F3207,BG,F,Resultado Neto del Ejercicio,119,2006-T1,2009-A
1F2707,BG,F,Cuentas por pagar diversas,120,2001-T1,2026-T2
1F2802,BG,F,Provisiones,121,2001-T1,2026-T2
1F2724,BG,F,Impuestos a las ganancias corrientes,122,2011-T1,2026-T2
1F2901,BG,F,Otros pasivos,123,2000-T1,2026-T2
1F2902,BG,F,TOTAL PASIVO CORRIENTE,124,2001-T1,2026-T2
1F3002,BG,F,Adeudos y obligaciones financieras,125,2001-T1,2026-T2
1F3020,BG,F,Reservas técnicas por primas,126,2006-T1,2026-T2
1F3021,BG,F,Reservas técnicas por siniestros,127,2006-T1,2026-T2
1F3004,BG,F,Cuentas por pagar,128,2001-T1,2026-T2
1F3005,BG,F,Cuentas por pagar diversas,129,2001-T1,2026-T2
1F3027,BG,F,Impuestos a las ganancias diferidas,131,2011-T1,2026-T2
1F30ST,BG,F,TOTAL PASIVO NO CORRIENTE,133,2001-T1,2026-T2
1F0110,BG,F,Rendimientos devengados del disponible,138,2001-T1,2012-A
1F0202,BG,F,Fondos Interbancarios,140,2006-T1,2012-A
1F3310,BG,F,Ajustes al patrimonio,140,2003-T1,2026-T2
1F0203,BG,F,Rendimientos Devengados de Fondos Interbancarios,141,2006-T1,2012-A
1F3313,BG,F,Patrimonio Atribuible a los Propietarios de la Controladora,141,2010-T2,2026-T2
1F3201,BG,F,Participaciones No Controladoras,142,2000-T1,2026-T2
1F3501,BG,F,Cuentas Contingentes Acreedoras,145,2006-T1,2026-T2
1F3510,BG,F,Cuentas de Orden Acreedoras,146,2006-T1,2026-T2
1F0120,BG,F,Rendimientos Devengados de Créditos Vigentes,155,2006-T1,2012-A
1F0122,BG,F,Productos Financieros Derivados para negociación,158,2006-T1,2012-A
1F0123,BG,F,Productos Financieros Derivados con fines de cobertura,159,2006-T1,2012-A
1F0126,BG,F,Rendimientos Devengados de Cuentas por Cobrar,162,2006-T1,2012-A
1F0127,BG,F,(-) Provisiones para Cuentas por Cobrar,163,2006-T1,2012-A
1F1004,BG,F,Bienes Fuera de Uso,167,2006-T1,2012-A
1F1908,BG,F,Inversiones por Participación Patrimonial en Personas Jurídicas del País y del Exterior,169,2006-T1,2012-A
1F1901,BG,F,IMPUESTO A LA RENTA Y PARTICIPACIONES DIFERIDAS,173,2000-T1,2012-A
1F3508,BG,F,"Responsabilidad por litigios, demandas y otras contingencias",173,2006-T1,2009-A
1F2210,BG,F,Gastos por Pagar de Obligaciones con el Público,185,2001-T1,2012-A
1F2302,BG,F,Fondos Interbancarios,187,2006-T1,2012-A
1F2303,BG,F,Gastos por pagar por Fondos Interbancarios,188,2006-T1,2012-A
1F2711,BG,F,Gastos por Pagar por Depósitos de Empresas del Sistemas Financiero y Organismos Financieros Internacionales,193,2006-T1,2012-A
1F2712,BG,F,Adeudos y Obligaciones con el Banco Central de Reserva del Perú,195,2006-T1,2012-A
1F2713,BG,F,Adeudos y Obligaciones con Empresas e instituciones financieras del país,196,2006-T1,2012-A
1F2714,BG,F,Adeudos y Obligaciones con Empresas del Exterior y Organismos Financieros Internacionales,197,2006-T1,2012-A
1F2715,BG,F,Otros Adeudos y Obligaciones del país y del exterior,198,2006-T1,2012-A
1F2716,BG,F,Gastos por Pagar de Adeudos y Obligaciones Financieras,199,2006-T1,2012-A
1F2717,BG,F,Productos Financieros Derivados para negociación,201,2006-T1,2012-A
1F2718,BG,F,Productos Financieros Derivadoscon fines de Cobertura,202,2006-T1,2012-A
1F2723,BG,F,Gastos por Pagar de Cuentas por Pagar,204,2006-T1,2012-A
1F3008,BG,F,Adeudos y Obligaciones con empresas e instituciones financieras del país,206,2006-T1,2012-A
1F3009,BG,F,Adeudos y Obligaciones con Empresas del Exterior y Organismos Financieros Internacionales,207,2006-T1,2012-A
1F3010,BG,F,Otros Adeudos y Obligaciones del país y del exterior,208,2006-T1,2012-A
1F3011,BG,F,Gastos por Pagar de Adeudos y Obligaciones financieras,209,2006-T1,2012-A
1F3013,BG,F,Provisión para Riesgo País y Otros,212,2006-T1,2012-A
1F3003,BG,F,"VALORES, TITULOS Y OBLIGACIONES EN CIRCULACION",214,2001-T1,2012-A
1F3014,BG,F,Bonos Comunes,215,2006-T1,2012-A
1F3015,BG,F,Bonos Subordinados,216,2006-T1,2012-A
1F3023,BG,F,Bonos Convertibles en Acciones,217,2006-T1,2012-A
1F3016,BG,F,Bonos de Arrendamiento Financiero,218,2006-T1,2012-A
1F3017,BG,F,Instrumentos Hipotecarios y otros Instrumentos Representativos de Deuda,219,2006-T1,2012-A
1F3018,BG,F,Otras Obligaciones Subordinadas,220,2006-T1,2012-A
1F3019,BG,F,"Gastos por Pagar de Valores, Títulos y Obligaciones en Circulación",221,2006-T1,2012-A
1F3024,BG,F,- Instrumentos representativos de deuda en tesorería,222,2010-T1,2012-A
1F3001,BG,F,IMPUESTO A LA RENTA Y PARTICIPACIONES DIFERIDAS,223,2000-T1,2012-A
1F0101,BG,F,DISPONIBLE,228,2000-T1,2026-T2
1F0105,BG,F,Caja,229,2001-T1,2026-T2
1F0106,BG,F,Banco Central de Reserva del Perú,230,2001-T1,2026-T2
1F0107,BG,F,Bancos y otras empresas del sistema financiero del país,231,2001-T1,2026-T2
1F0108,BG,F,Bancos y otras instituciones financieras del exterior,232,2001-T1,2026-T2
1F0104,BG,F,Canje,233,2000-T1,2026-T2
1F0109,BG,F,Otras disponibilidades,234,2001-T1,2026-T2
1F0201,BG,F,FONDOS INTERBANCARIOS,235,2000-T1,2026-T2
1F0301,BG,F,INVERSIONES A VALOR RAZONABLE CON CAMBIOS EN RESULTADOS,236,2000-T1,2026-T2
1F0302,BG,F,Instrumento de Capital,237,2006-T1,2026-T2
1F0303,BG,F,Instrumento de Deuda,238,2006-T1,2026-T2
1F0307,BG,F,Inversiones en Commodities,239,2006-T1,2026-T2
1F0135,BG,F,INVERSIONES DISPONIBLES PARA LA VENTA,240,2013-T1,2026-T2
1F0304,BG,F,Instrumentos representativos de Capital,241,2006-T1,2026-T2
1F0305,BG,F,Instrumentos representativos de deuda,242,2006-T1,2026-T2
1F0306,BG,F,INVERSIONES A VENCIMIENTO,243,2006-T1,2026-T2
1F0111,BG,F,CARTERA DE CREDITOS,244,2001-T1,2026-T2
1F0115,BG,F,Cartera de Créditos Vigentes,245,2006-T1,2026-T2
1F0116,BG,F,Cartera de Créditos Reestructurados,246,2006-T1,2026-T2
1F0117,BG,F,Cartera de Créditos Refinanciados,247,2006-T1,2026-T2
1F0118,BG,F,Cartera de Créditos Vencidos,248,2006-T1,2026-T2
1F0119,BG,F,Cartera de Créditos en Cobranza Judicial,249,2006-T1,2026-T2
1F0121,BG,F,(-) Provisiones para Créditos,250,2006-T1,2026-T2
1F0131,BG,F,DERIVADOS PARA NEGOCIACIÓN,251,2013-T1,2026-T2
1F0132,BG,F,DERIVADOS DE COBERTURA,252,2013-T1,2026-T2
1F0112,BG,F,CUENTAS POR COBRAR,253,2001-T1,2026-T2
1F0124,BG,F,Cuentas por Cobrar por Venta de Bienes y Servicios y Fideicomiso (neto),254,2006-T1,2026-T2
1F0125,BG,F,Otras Cuentas por Cobrar (neto),255,2006-T1,2026-T2
1F1001,BG,F,"BIENES REALIZABLES RECIBIDOS EN PAGO, ADJUDICADOS",256,2000-T1,2026-T2
1F1002,BG,F,Bienes Realizables,257,2006-T1,2026-T2
1F1003,BG,F,Bienes Recibidos en Pago y Adjudicados,258,2006-T1,2026-T2
1F1905,BG,F,PARTICIPACIONES,259,2001-T1,2026-T2
1F0133,BG,F,Subsidiarias,260,2013-T2,2026-T2
1F0134,BG,F,Asociadas y participaciones en negocios conjuntos,261,2013-T2,2026-T2
1F1909,BG,F,Otras,262,2006-T1,2026-T2
1F1701,BG,F,"INMUEBLES, MOBILIARIO Y EQUIPO (NETO)",263,2000-T1,2026-T2
1F1907,BG,F,ACTIVO INTANGIBLE DISTINTO DE LA PLUSVALIA,264,2001-T1,2026-T2
1F1912,BG,F,PLUSVALIA,265,2006-T1,2026-T2
1F1916,BG,F,IMPUESTOS CORRIENTES,266,2013-T2,2026-T2
1F1914,BG,F,IMPUESTO A LA RENTA DIFERIDO,267,2011-T1,2026-T2
1F1917,BG,F,ACTIVOS NO CORRIENTES MANTENIDOS PARA LA VENTA,268,2013-T1,2026-T2
1F1801,BG,F,OTROS ACTIVOS,269,2000-T1,2026-T2
1F2001,BG,F,TOTAL DEL ACTIVO,270,2000-T1,2026-T2
1F3401,BG,F,CONTINGENTES DEUDORAS,271,2006-T1,2026-T2
1F3402,BG,F,CUENTAS DE ORDEN DEUDORAS,272,2006-T1,2026-T2
1F3403,BG,F,CONTRACUENTA DE CUENTAS DE ORDEN ACREEDORAS,273,2006-T1,2026-T2
1F3404,BG,F,"FIDEICOMISOS, COMISIONES DE CONFIANZA DEUDORAS Y CUENTAS POR CONTRA ACREEDORAS DE FIDEICOMISOS",274,2006-T1,2026-T2
1F2101,BG,F,OBLIGACIONES CON EL PUBLICO,275,2000-T1,2026-T2
1F2201,BG,F,Obligaciones a la Vista,276,2000-T1,2026-T2
1F2202,BG,F,Obligaciones por Cuentas de Ahorro,277,2000-T1,2026-T2
1F2203,BG,F,Obligaciones por Cuentas a Plazo,278,2000-T1,2026-T2
1F2209,BG,F,Otras Obligaciones,279,2001-T1,2026-T2
1F2301,BG,F,FONDOS INTERBANCARIOS,280,2000-T1,2026-T2
1F2703,BG,F,DEPÓSITOS DE EMPRESAS DEL SISTEMA FINANCIERO Y ORGANISMOS FINANCIEROS INTERNACIONALES,281,2001-T1,2026-T2
1F2708,BG,F,Depósitos a la Vista,282,2006-T1,2026-T2
1F2709,BG,F,Depósitos de Ahorro,283,2006-T1,2026-T2
1F2710,BG,F,Depósitos a Plazo,284,2006-T1,2026-T2
1F2401,BG,F,ADEUDOS Y OBLIGACIONES FINANCIERAS,285,2000-T1,2026-T2
1F2402,BG,F,Adeudos y Obligaciones con el Banco Central de Reserva del Perú,286,2013-T2,2026-T2
1F2403,BG,F,Adeudos y Obligaciones con Empresas e instituciones financieras del país,287,2013-T2,2026-T2
1F2404,BG,F,Adeudos y Obligaciones con Empresas del Exterior y Organismos Financieros Internacionales,288,2013-T2,2026-T2
1F2405,BG,F,Otros Adeudos y Obligaciones del país y del exterior,289,2013-T2,2026-T2
1F2406,BG,F,Valores y Títulos,290,2013-T2,2026-T2
1F2407,BG,F,DERIVADOS PARA NEGOCIACIÓN,291,2013-T1,2026-T2
1F2408,BG,F,DERIVADOS DE COBERTURA,292,2013-T1,2026-T2
1F2706,BG,F,CUENTAS POR PAGAR,293,2001-T1,2026-T2
1F3006,BG,F,PROVISIONES,294,2001-T1,2026-T2
1F3012,BG,F,Provisión para Créditos Contingentes,295,2006-T1,2026-T2
1F3025,BG,F,Provisión para litigio y demandas,296,2010-T1,2026-T2
1F3028,BG,F,Otros,297,2013-T2,2026-T2
1F3029,BG,F,IMPUESTOS CORRIENTES,298,2013-T2,2026-T2
1F3026,BG,F,IMPUESTO A LA RENTA DIFERIDO,299,2011-T1,2026-T2
1F3007,BG,F,OTROS PASIVOS,300,2001-T1,2026-T2
1F3101,BG,F,TOTAL DEL PASIVO,301,2000-T1,2026-T2
1F3301,BG,F,Capital social,302,2000-T1,2026-T2
1F3302,BG,F,Capital adicional,303,2000-T1,2026-T2
1F3314,BG,F,Acciones Propias en Cartera,304,2011-T1,2026-T2
1F3303,BG,F,Reservas,305,2000-T1,2026-T2
1F3304,BG,F,Resultados Acumulados,306,2000-T1,2026-T2
1F3305,BG,F,Resultado Neto del Ejercicio,307,2000-T1,2026-T2
1F3312,BG,F,Ajustes al Patrimonio,308,2006-T1,2026-T2
1F3306,BG,F,TOTAL DEL PATRIMONIO,309,2000-T1,2026-T2
1F3307,BG,F,TOTAL DEL PASIVO Y PATRIMONIO,310,2000-T1,2026-T2
1F3502,BG,F,Responsabilidad por Avales y Cartas Fianza Otorgadas,312,2006-T1,2025-A
1F3503,BG,F,Responsabilidad por Cartas de Crédito,313,2006-T1,2025-A
1F3504,BG,F,Responsabilidad por Aceptaciones Bancarias,314,2006-T1,2025-A
1F3505,BG,F,Responsabilidad por Líneas de Créditos no Utilizadas y Créditos Concedidos no Desembolsados,315,2006-T1,2025-A
1F3506,BG,F,Responsabilidad por Contratos de Productos Financieros Derivados,316,2006-T1,2025-A
1F3507,BG,F,Responsabilidad por Contratos de Underwriting,317,2006-T1,2025-A
1F3512,BG,F,Responsabilidad diversas,318,2010-T1,2025-A
1F3509,BG,F,CONTRACUENTAS DE CUENTAS DE ORDEN DEUDORAS,319,2006-T1,2025-A
1F3511,BG,F,"FIDEICOMISOS, COMISIONES DE CONFIANZA ACREEDORAS Y CUENTAS DEUDORAS POR CONTRA DE FIDEICOMISOS",321,2006-T1,2025-A
1I0000,BG,I,ACTIVO,69,2000-T1,2026-T2
1I0001,BG,I,ACTIVOS CORRIENTES,70,2012-A,2026-T2
1I1010,BG,I,Efectivo y Equivalentes de Efectivo,71,2000-T1,2026-T2
1I1096,BG,I,Otros Activos Financieros,72,2011-T4,2026-T2
1I1030,BG,I,"Cuentas por Cobrar Comerciales, neto",73,2000-T1,2026-T2
1I1050,BG,I,Cuentas por cobrar a Entidades Relacionadas,74,2000-T1,2026-T2
1I1040,BG,I,"Otras Cuentas por Cobrar, neto",75,2000-T1,2026-T2
1I1070,BG,I,Gastos Pagados por Anticipado,76,2000-T1,2026-T2
1I1133,BG,I,Otros Activos no Financieros,77,2012-A,2026-T2
1I1097,BG,I,Activos por Impuestos a las Ganancias,78,2011-T4,2026-T2
1I1135,BG,I,Total de Activos Corrientes Distintos de los Activos o Grupos de Activos para su Disposición Clasificados como Mantenidos para la Venta o para Distribuir a los Propietarios,79,2012-A,2026-T2
1I1103,BG,I,Activos no corrientes o Grupos de Activos para su Disposición Clasificados como Mantenidos para la Venta,80,2012-A,2026-T2
1I1104,BG,I,Activos no Corrientes o Grupos de Activos para su Disposición Clasificados como Mantenidos para Distribuir a los Propietarios,81,2012-A,2026-T2
1I1136,BG,I,Activos no Corrientes o Grupos de Activos para su Disposición Clasificados como Mantenidos para la Venta o como Mantenidos para Distribuir a los Propietarios,82,2012-A,2026-T2
1I1071,BG,I,Total Activos Corrientes,83,2000-T1,2026-T2
1I0002,BG,I,ACTIVOS NO CORRIENTES,84,2012-A,2026-T2
1I1100,BG,I,Otros Activos Financieros,85,2000-T1,2026-T2
1I1098,BG,I,"Inversiones en subsidiarias, negocios conjuntos y asociadas (**)",86,2011-T4,2026-T2
1I1080,BG,I,"Cuentas por Cobrar, Comerciales",87,2000-T1,2026-T2
1I1090,BG,I,Otras Cuentas por Cobrar,88,2000-T1,2026-T2
1I1095,BG,I,Cuentas por cobrar a entidades relacionadas,89,2005-T1,2026-T2
1I1106,BG,I,Inversiones Contabilizadas utilizando el método de la Participación (*),90,2012-A,2026-T2
1I1124,BG,I,Activos Intangibles distintos de la Plusvalía,91,2005-T1,2026-T2
1I1129,BG,I,Plusvalía,92,2012-A,2026-T2
1I1105,BG,I,"Propiedades, Planta y Equipo",93,2005-T1,2026-T2
1I1107,BG,I,Propiedad de Inversión,94,2012-A,2026-T2
1I1126,BG,I,Activos por Impuestos Diferidos,95,2005-T1,2026-T2
1I1130,BG,I,Otros Activos no Financieros,96,2000-T1,2026-T2
1I1134,BG,I,TOTAL ACTIVOS NO CORRIENTES,97,2012-A,2026-T2
1I1131,BG,I,Total Activos,98,2000-T1,2026-T2
1I0003,BG,I,Cuentas de Control y Responsabilidad por Intermediación de Terceros,99,2012-A,2026-T2
1I0009,BG,I,Fondos,100,2012-A,2026-T2
1I0100,BG,I,Fondos de clientes en cuentas de intermediación,101,2012-A,2026-T2
1I0120,BG,I,Cuentas corrientes de clientes con saldos deudores,102,2012-A,2026-T2
1I0130,BG,I,Cuentas por cobrar por liquidación de operaciones,103,2012-A,2026-T2
1I0140,BG,I,Otras cuentas por cobrar de terceros,104,2012-A,2026-T2
1I0190,BG,I,Operaciones de compra con liquidación a plazo,105,2012-A,2026-T2
1I0193,BG,I,Control de Operaciones de venta con liquidación a plazo,106,2012-A,2026-T2
1I0400,BG,I,Margen de Garantía de Operaciones de compra a plazo con Garantía de Efectivo,107,2012-A,2026-T2
1I0010,BG,I,Valores,108,2012-A,2026-T2
1I0300,BG,I,Valores o Instrumentos Financieros de clientes,109,2012-A,2026-T2
1I0302,BG,I,Total,110,2012-A,2026-T2
1I0005,BG,I,Cuentas de Control y Responsabilidad Por Cuenta Propia,111,2012-A,2026-T2
1I0504,BG,I,Cuentas Corrientes con saldo deudor por operaciones de cuenta propia,112,2012-A,2026-T2
1I0506,BG,I,Control de Operaciones de venta con liquidación a plazo,113,2012-A,2026-T2
1I0600,BG,I,Operaciones de compra con liquidación a plazo,114,2012-A,2026-T2
1I0605,BG,I,Responsabilidad por garantías y avales otorgados,115,2012-A,2026-T2
1I0500,BG,I,Activos concedidos en custodia o garantía,116,2012-A,2026-T2
1I0507,BG,I,Total,117,2012-A,2026-T2
1I1400,BG,I,PASIVOS Y PATRIMONIO,118,2000-T1,2026-T2
1I1401,BG,I,PASIVOS CORRIENTES,119,2000-T1,2026-T2
1I1101,BG,I,ACTIVO FIJO NETO,120,2000-T1,2004-A
1I1431,BG,I,Otros Pasivos Financieros,120,2012-A,2026-T2
1I1110,BG,I,Inmuebles y equipos diversos,121,2000-T1,2004-A
1I1420,BG,I,Cuentas por pagar Comerciales,121,2000-T1,2026-T2
1I1120,BG,I,Depreciacion acumulada,122,2000-T1,2004-A
1I1430,BG,I,Otras Cuentas por Pagar,122,2000-T1,2026-T2
1I1440,BG,I,Cuentas por pagar a Entidades relacionadas,123,2000-T1,2026-T2
1I1438,BG,I,Ingresos Diferidos,124,2011-T4,2026-T2
1I1435,BG,I,Otras Provisiones,125,2012-A,2026-T2
1I1436,BG,I,Pasivos por Impuestos a las Ganancias,126,2012-A,2026-T2
1I1433,BG,I,Otros Pasivos no Financieros,127,2012-A,2026-T2
1I1439,BG,I,Provisión por Beneficios a los Empleados,128,2011-T4,2026-T2
1I1434,BG,I,Total de Pasivos Corrientes distintos de Pasivos incluidos en Grupos de Activos para su Disposición Clasificados como Mantenidos para la Venta,129,2012-A,2026-T2
1I1437,BG,I,Pasivos incluidos en Grupos de Activos para su Disposición Clasificados como Mantenidos para la Venta,130,2012-A,2026-T2
1I1461,BG,I,TOTAL PASIVOS CORRIENTES,131,2000-T1,2026-T2
1I1462,BG,I,PASIVOS NO CORRIENTES,132,2012-A,2026-T2
1I1470,BG,I,Otros Pasivos Financieros,133,2000-T1,2026-T2
1I1484,BG,I,Cuentas por Pagar Comerciales,134,2011-T4,2026-T2
1I1483,BG,I,Otras Cuentas por Pagar,135,2012-A,2026-T2
1I1480,BG,I,Cuentas por pagar a Entidades relacionadas,136,2000-T1,2026-T2
1I1494,BG,I,Ingresos Diferidos,137,2005-T1,2026-T2
1I1496,BG,I,Pasivos por impuestos diferidos,138,2005-T1,2026-T2
1I1482,BG,I,Otras Provisiones,139,2012-A,2026-T2
1I1490,BG,I,Provisión por Beneficios a los Empleados,140,2000-T1,2026-T2
1I1481,BG,I,Otros Pasivos no Financieros,141,2012-A,2026-T2
1I1497,BG,I,TOTAL PASIVOS NO CORRIENTES,142,2012-A,2026-T2
1I1491,BG,I,TOTAL PASIVOS,143,2000-T1,2026-T2
1I1460,BG,I,Prov. para beneficios sociales (Pas. Cte.),144,2000-T1,2004-A
1I1511,BG,I,Patrimonio,144,2000-T1,2026-T2
1I1520,BG,I,Capital Emitido,145,2000-T1,2026-T2
1I1530,BG,I,Primas de Emisión,146,2000-T1,2026-T2
1I1554,BG,I,Acciones Propias en Cartera,147,2012-A,2026-T2
1I1544,BG,I,Otras reservas de Capital,148,2005-T1,2026-T2
1I1550,BG,I,Ganancias (Perdidas) Acumuladas,149,2000-T1,2026-T2
1I1500,BG,I,Ganancias diferidas,150,2000-T1,2004-A
1I1549,BG,I,Otras Reservas en el Patrimonio,150,2012-A,2026-T2
1I1551,BG,I,Total Patrimonio,151,2000-T1,2026-T2
1I1552,BG,I,TOTAL PASIVOS Y PATRIMONIO,152,2000-T1,2026-T2
1I0006,BG,I,Cuentas de Control y Responsabilidad por Intermediación Terceros,153,2012-A,2026-T2
1I0011,BG,I,Fondos,154,2012-A,2026-T2
1I0121,BG,I,Cuentas corrientes de clientes con saldos acreedores,155,2012-A,2026-T2
1I1540,BG,I,Reservas,155,2000-T1,2004-A
1I0131,BG,I,Cuentas por pagar Liquidación de operaciones,156,2012-A,2026-T2
1I0141,BG,I,Otras cuentas por pagar clientes o terceros,157,2012-A,2026-T2
1I0192,BG,I,Control de Operaciones de compra con liquidación a plazo,158,2012-A,2026-T2
1I0191,BG,I,Operaciones de venta con liquidación a plazo,159,2012-A,2026-T2
1I0401,BG,I,Control por Márgenes de Garantía de Operaciones de compra a Plazos Garantía de Efectivo,160,2012-A,2026-T2
1I0012,BG,I,VALORES,161,2012-A,2026-T2
1I0301,BG,I,Responsabilidad por Valores o Instrumentos Financieros de clientes,162,2012-A,2026-T2
1I0303,BG,I,TOTAL,163,2012-A,2026-T2
1I0008,BG,I,Cuentas de Control y Responsabilidad Por Cuenta Propia,164,2012-A,2026-T2
1I0503,BG,I,Cuentas Corrientes con saldo acreedor por operaciones de cuenta propia,165,2012-A,2026-T2
1I0505,BG,I,Operaciones de venta con liquidación a plazo,166,2012-A,2026-T2
1I0601,BG,I,Control de Operaciones de compra con liquidación a plazo,167,2012-A,2026-T2
1I0606,BG,I,Control de Responsabilidad por garantías y avales otorgados,168,2012-A,2026-T2
1I0501,BG,I,Control por Activos concedidos en custodia o garantía,169,2012-A,2026-T2
1I0508,BG,I,TOTAL,170,2012-A,2026-T2
1I1020,BG,I,Valores negociables (Neto de provisión acumulada),242,2000-T1,2012-T4
1I1060,BG,I,Suministros (Neto de provisión acumulada),246,2000-T1,2012-T4
1I1132,BG,I,CUENTAS DE ORDEN,258,2000-T1,2012-T4
1I1210,BG,I,Registro de garantías otorgadas,259,2000-T1,2012-T4
1I1220,BG,I,Valores recibidos en custodia,260,2000-T1,2012-T4
1I1230,BG,I,Valores recibidos para colocación primaria,261,2000-T1,2012-T4
1I1240,BG,I,Registro de garantías recibidas,262,2000-T1,2012-T4
1I1250,BG,I,Registro de administración de cartera,263,2000-T1,2012-T4
1I1260,BG,I,Registro de operaciones de reporte por cuenta de terceros,264,2000-T1,2012-T4
1I1270,BG,I,Comitentes,265,2000-T1,2012-T4
1I1280,BG,I,Saldo por liquidar a la bolsa de valores,266,2000-T1,2012-T4
1I1290,BG,I,Saldo por liquidar a los agentes de intermediación,267,2000-T1,2012-T4
1I1300,BG,I,Saldos por liquidar a otras instituciones,268,2000-T1,2012-T4
1I1301,BG,I,TOTAL CUENTAS DE ORDEN,269,2000-T1,2012-T4
1I1410,BG,I,Sobregiros bancarios,272,2000-T1,2012-T4
1I1415,BG,I,Préstamos bancarios,273,2005-T1,2012-T4
1I1450,BG,I,Parte corriente de deudas a largo plazo,277,2000-T1,2012-T4
1I1510,BG,I,Contingencias,285,2000-T1,2012-T4
1I1542,BG,I,Excedente de revaluación,289,2005-T1,2012-T4
1I1546,BG,I,Otras reservas,291,2005-T1,2012-T4
1I1548,BG,I,Resultados no realizados,292,2005-T1,2012-T4
1I1553,BG,I,CUENTAS DE ORDEN,296,2000-T1,2012-T4
1I1610,BG,I,Control por garantías otorgadas,297,2000-T1,2012-T4
1I1620,BG,I,Responsabilidad por la custodia de valores,298,2000-T1,2012-T4
1I1630,BG,I,Responsabilidad por colocación primaria,299,2000-T1,2012-T4
1I1640,BG,I,Responsabilidad de garantías recibidas,300,2000-T1,2012-T4
1I1650,BG,I,Responsabilidad por administración de cartera,301,2000-T1,2012-T4
1I1660,BG,I,Control por operaciones de reporte por cuenta de terceros,302,2000-T1,2012-T4
1I1670,BG,I,Control de comitentes,303,2000-T1,2012-T4
1I1680,BG,I,Control de saldos por liquidar a la bolsa de valores,304,2000-T1,2012-T4
1I1690,BG,I,Control de saldos por liquidar a los agentes de intermediación,305,2000-T1,2012-T4
1I1700,BG,I,Control de saldos por liquidar a otras instituciones,306,2000-T1,2012-T4
1I1701,BG,I,TOTAL CUENTAS DE ORDEN,307,2000-T1,2012-T4
1S0105,BG,S,Cuentas Corrientes Reaseguradores Deudores (neto),140,2000-A,2000-A
1S0106,BG,S,Depósitos de Primas de Reaseguros Aceptados,141,2000-A,2000-A
1S0202,BG,S,Inversiones (neto),146,2000-A,2000-A
1S0501,BG,S,Sobregiros y Obligaciones Financieras,151,2000-A,2000-A
1S0505,BG,S,Cuentas Corrientes Reaseguradores Acreedores,155,2000-A,2000-A
1S0506,BG,S,Depósito de Primas Reaseguros cedidos,156,2000-A,2000-A
1S0508,BG,S,Reservas Técnicas por Primas,158,2000-A,2000-A
1S0101,BG,S,Caja y Bancos,256,2000-A,2005-A
1S0102,BG,S,Valores Negociables (neto),257,2000-A,2005-A
1S0103,BG,S,Cuentas por Cobrar por Operaciones de Seguros (neto),258,2000-A,2005-A
1S0104,BG,S,Cuentas por Cobrar por Operaciones Sujetas a Riesgo Crediticio,259,2000-A,2005-A
1S0109,BG,S,Cuentas por Cobrar a Reaseguradores y Coaseguradores (neto),260,2001-A,2005-A
1S0107,BG,S,Cuentas por Cobrar Diversas (neto),261,2000-A,2005-A
1S0108,BG,S,Gastos Pagados por Adelantado,262,2000-A,2005-A
1S01ST,BG,S,TOTAL ACTIVO CORRIENTE,263,2000-A,2005-A
1S0201,BG,S,Cuentas por Cobrar Diversas Largo Plazo(neto),264,2000-A,2005-A
1S0206,BG,S,Inversiones en Valores (neto),265,2001-A,2005-A
1S0207,BG,S,Inversiones en Inmuebles (neto),266,2001-A,2005-A
1S0203,BG,S,"Inmuebles, Muebles y Equipo (neto)",267,2000-A,2005-A
1S0208,BG,S,Activos Intangibles (Neto),268,2001-A,2005-A
1S0204,BG,S,Impuesto a la renta y Participaciones Diferidos Activo,269,2000-A,2005-A
1S0205,BG,S,Otros Activos,270,2000-A,2005-A
1S0301,BG,S,TOTAL ACTIVO,271,2000-A,2005-A
1S0502,BG,S,"Tributos, Participaciones y Ctas. por Pagar Diversas",272,2000-A,2005-A
1S0510,BG,S,Obligaciones Financieras,273,2001-A,2005-A
1S0503,BG,S,Cuentas por Pagar a Intermediarios y Auxiliares,274,2000-A,2005-A
1S0504,BG,S,Cuentas por Pagar a Asegurados,275,2000-A,2005-A
1S0509,BG,S,Cuentas por Pagar a Reaseguradores y Coaseguradores (neto),276,2001-A,2005-A
1S0507,BG,S,Reservas Técnicas por Siniestros (neto),277,2000-A,2005-A
1S05ST,BG,S,TOTAL PASIVO CORRIENTE,278,2000-A,2005-A
1S0601,BG,S,Obligaciones Financieras,279,2000-A,2005-A
1S0602,BG,S,Reservas Técnicas por Siniestros,280,2000-A,2005-A
1S0603,BG,S,Reservas Técnicas por Primas,281,2000-A,2005-A
1S0604,BG,S,Otras Provisiones Neto,282,2000-A,2005-A
1S0605,BG,S,Ganancias Diferidas,283,2000-A,2005-A
1S0606,BG,S,Impuesto a la renta y Participaciones Diferidos Pasivo,284,2000-A,2005-A
1S0701,BG,S,TOTAL PASIVO,285,2000-A,2005-A
1S0801,BG,S,Contingencias,286,2000-A,2005-A
1S0802,BG,S,Interés Minoritario,287,2000-A,2005-A
1S0901,BG,S,Capital Social,288,2000-A,2005-A
1S0902,BG,S,Capital Adicional,289,2000-A,2005-A
1S0907,BG,S,Resultados no realizados,290,2002-A,2005-A
1S0903,BG,S,Excedente de Revaluación,291,2000-A,2005-A
1S0904,BG,S,Reserva Legal,292,2000-A,2005-A
1S0905,BG,S,Otras reservas,293,2000-A,2005-A
1S0906,BG,S,Resultados Acumulados,294,2000-A,2005-A
1S0908,BG,S,Efecto acumulado por reexpresión a moneda extranjera,295,2002-A,2005-A
1S09ST,BG,S,TOTAL PATRIMONIO,296,2000-A,2005-A
1S090T,BG,S,TOTAL PASIVO Y PATRIMONIO,297,2000-A,2005-A
1V0109,BG,V,Efectivo y Equivalentes al Efectivo,374,2013-T1,2026-T2
1V0114,BG,V,Otros Activos Financieros,375,2013-T1,2026-T2
1V0121,BG,V,Cuentas por cobrar comerciales y otras cuentas por cobrar,376,2013-T1,2026-T2
1V0103,BG,V,Cuentas por Cobrar Comerciales (neto),377,2013-T1,2026-T2
1V0105,BG,V,Otras Cuentas por Cobrar (neto),378,2013-T1,2026-T2
1V0104,BG,V,Cuentas por Cobrar a Entidades Relacionadas,379,2013-T1,2026-T2
1V0107,BG,V,Anticipos,380,2013-T1,2026-T2
1V0106,BG,V,Inventarios,381,2013-T1,2026-T2
1V0112,BG,V,Activos Biológicos,382,2013-T1,2026-T2
1V0117,BG,V,Activos por Impuestos a las Ganancias,383,2013-T1,2026-T2
1V0113,BG,V,Otros Activos no financieros,384,2013-T1,2026-T2
1V0118,BG,V,Total Activos Corrientes Distintos de los Activos o Grupos de Activos para su Disposición Clasificados como Mantenidos para la Venta o para Distribuir a los Propietarios,385,2013-T1,2026-T2
1V0119,BG,V,Activos no Corrientes o Grupos de Activos para su Disposición Clasificados como Mantenidos para la Venta,386,2013-T1,2026-T2
1V0120,BG,V,Activos no Corrientes o Grupos de Activos para su Disposición Clasificados como Mantenidos para Distribuir a los Propietarios,387,2013-T1,2026-T2
1V0115,BG,V,Activos no Corrientes o Grupos de Activos para su Disposición Clasificados como Mantenidos para la Venta o como Mantenidos para Distribuir a los Propietarios,388,2013-T1,2026-T2
1V01ST,BG,V,Total Activos Corrientes,389,2013-T1,2026-T2
1V0217,BG,V,Otros Activos Financieros,390,2013-T1,2026-T2
1V0221,BG,V,"Inversiones en subsidiarias, negocios conjuntos y asociadas",391,2013-T1,2026-T2
1V0219,BG,V,Cuentas por cobrar comerciales y otras cuentas por cobrar,392,2013-T1,2026-T2
1V0201,BG,V,Cuentas por Cobrar Comerciales,393,2013-T1,2026-T2
1V0203,BG,V,Otras Cuentas por Cobrar,394,2013-T1,2026-T2
1V0202,BG,V,Cuentas por Cobrar a Entidades Relacionadas,395,2013-T1,2026-T2
1V0220,BG,V,Anticipos,396,2013-T1,2026-T2
1V0216,BG,V,Activos Biológicos,397,2013-T1,2026-T2
1V0211,BG,V,Propiedades de Inversión,398,2013-T1,2026-T2
1V0205,BG,V,"Propiedades, Planta y Equipo (neto)",399,2013-T1,2026-T2
1V0206,BG,V,Activos intangibles distintos de la plusvalia,400,2013-T1,2026-T2
1V0207,BG,V,Activos por impuestos diferidos,401,2013-T1,2026-T2
1V0212,BG,V,Plusvalía,402,2013-T1,2026-T2
1V0208,BG,V,Otros Activos no financieros,403,2013-T1,2026-T2
1V02ST,BG,V,Total Activos No Corrientes,404,2013-T1,2026-T2
1V020T,BG,V,TOTAL DE ACTIVOS,405,2013-T1,2026-T2
1V1101,BG,V,Caja y Bancos,406,2013-T1,2026-T2
1V1102,BG,V,Compensación de Operaciones,407,2013-T1,2026-T2
1V1103,BG,V,Cuentas por Cobrar a Participantes,408,2013-T1,2026-T2
1V1104,BG,V,Liquidación de Operaciones,409,2013-T1,2026-T2
1V1105,BG,V,Entregas a Rendir Cuenta,410,2013-T1,2026-T2
1V1106,BG,V,Otras Cuentas por Cobrar,411,2013-T1,2026-T2
1V11ST,BG,V,Total Cuentas de Orden Deudoras de Fondos Bursátiles,412,2013-T1,2026-T2
1VT009,BG,V,Cuentas de Orden Deudoras de Valores Bursátiles,413,2013-T1,2026-T2
1V1301,BG,V,Emisiones,414,2013-T1,2026-T2
1V1302,BG,V,Anotación en Cuenta,415,2013-T1,2026-T2
1V1303,BG,V,Valores por Anotar en Cuenta,416,2013-T1,2026-T2
1V1304,BG,V,Dividendos en Acciones,417,2013-T1,2026-T2
1V1305,BG,V,Valores Ajustados,418,2013-T1,2026-T2
1V1306,BG,V,Valores Retirados del Registro,419,2013-T1,2026-T2
1V13ST,BG,V,Total Cuentas de Orden Deudoras de Valores Bursátiles,420,2013-T1,2026-T2
1V0309,BG,V,Otros Pasivos Financieros,421,2013-T1,2026-T2
1V0316,BG,V,Cuentas por pagar comerciales y otras cuentas por pagar,422,2013-T1,2026-T2
1V0302,BG,V,Cuentas por Pagar Comerciales,423,2013-T1,2026-T2
1V0304,BG,V,Otras Cuentas por Pagar,424,2013-T1,2026-T2
1V0303,BG,V,Cuentas por Pagar a Entidades Relacionadas,425,2013-T1,2026-T2
1V0317,BG,V,Ingresos diferidos,426,2013-T1,2026-T2
1V0313,BG,V,Provisión por Beneficios a los Empleados,427,2013-T1,2026-T2
1V0310,BG,V,Otras provisiones,428,2013-T1,2026-T2
1V0311,BG,V,Pasivos por Impuestos a las Ganancias,429,2013-T1,2026-T2
1V0314,BG,V,Otros Pasivos no financieros,430,2013-T1,2026-T2
1V0315,BG,V,Total de Pasivos Corrientes distintos de Pasivos incluidos en Grupos de Activos para su Disposición Clasificados como Mantenidos para la Venta,431,2013-T1,2026-T2
1V0312,BG,V,Pasivos incluidos en Grupos de Activos para su Disposición Clasificados como Mantenidos para la Venta,432,2013-T1,2026-T2
1V03ST,BG,V,Total Pasivos Corrientes,433,2013-T1,2026-T2
1V0401,BG,V,Otros Pasivos Financieros,434,2013-T1,2026-T2
1V0411,BG,V,Cuentas por pagar comerciales y otras cuentas por pagar,435,2013-T1,2026-T2
1V0407,BG,V,Cuentas por Pagar Comerciales,436,2013-T1,2026-T2
1V0408,BG,V,Otras Cuentas por Pagar,437,2013-T1,2026-T2
1V0402,BG,V,Cuentas por Pagar a Entidades Relacionadas,438,2013-T1,2026-T2
1V0403,BG,V,Ingresos Diferidos,439,2013-T1,2026-T2
1V0409,BG,V,Provisión por Beneficios a los Empleados,440,2013-T1,2026-T2
1V0406,BG,V,Otras provisiones,441,2013-T1,2026-T2
1V0404,BG,V,Pasivos por impuestos diferidos,442,2013-T1,2026-T2
1V0410,BG,V,Otros pasivos no financieros,443,2013-T1,2026-T2
1V04ST,BG,V,Total Pasivos No Corrientes,444,2013-T1,2026-T2
1V040T,BG,V,Total Pasivos,445,2013-T1,2026-T2
1V0701,BG,V,Capital Emitido,446,2013-T1,2026-T2
1V0702,BG,V,Primas de Emisión,447,2013-T1,2026-T2
1V0703,BG,V,Acciones de Inversión,448,2013-T1,2026-T2
1V0711,BG,V,Acciones Propias en Cartera,449,2013-T1,2026-T2
1V0712,BG,V,Otras Reservas de Capital,450,2013-T1,2026-T2
1V0707,BG,V,Resultados Acumulados,451,2013-T1,2026-T2
1V0708,BG,V,Otras Reservas de Patrimonio,452,2013-T1,2026-T2
1V07ST,BG,V,Total Patrimonio,453,2013-T1,2026-T2
1V070T,BG,V,TOTAL PASIVO Y PATRIMONIO,454,2013-T1,2026-T2
1V1201,BG,V,Cuentas por Pagar a Participantes,455,2013-T1,2026-T2
1V1202,BG,V,Garantías Recibidas por Operaciones,456,2013-T1,2026-T2
1V1203,BG,V,Entregas por Cuenta de Emisores,457,2013-T1,2026-T2
1V1204,BG,V,Intereses por Cuentas de Terceros,458,2013-T1,2026-T2
1V1205,BG,V,"Comisiones, Contribuciones y Aportaciones",459,2013-T1,2026-T2
1V1206,BG,V,Ingresos Financieros,460,2013-T1,2026-T2
1V1207,BG,V,Otras Cuentas por Pagar,461,2013-T1,2026-T2
1V12ST,BG,V,Total Cuentas de Orden Acreedoras de Fondos Bursátiles,462,2013-T1,2026-T2
1VT011,BG,V,Cuentas de Orden Acreedoras de Valores Bursátiles,463,2013-T1,2026-T2
1V1401,BG,V,Valores Emitidos,464,2013-T1,2026-T2
1V1402,BG,V,Registro por Anotación en Cuenta,465,2013-T1,2026-T2
1V1403,BG,V,Anotación en Cuenta en Curso,466,2013-T1,2026-T2
1V1404,BG,V,Registro de Dividendos en Acciones,467,2013-T1,2026-T2
1V1405,BG,V,Registro del Ajuste de Valores,468,2013-T1,2026-T2
1V1406,BG,V,Retiro de Valores del Registro,469,2013-T1,2026-T2
1V14ST,BG,V,Total Cuentas de Orden Acreedoras de Valores Bursátiles,470,2013-T1,2026-T2
2A0102,ER,A,Otros ingresos operacionales,34,2010-T1,2012-A
2A04ST,ER,A,Resultado antes de Participaciones y del Impuesto a la Renta,46,2010-T1,2012-A
2A0501,ER,A,Participación de los trabajadores,47,2010-T1,2012-A
2A0101,ER,A,Comisiones Recibidas (neto),91,2010-T1,2026-T2
2A01ST,ER,A,Total de Ingresos Brutos,92,2010-T1,2026-T2
2A0301,ER,A,Gastos de Administración,93,2010-T1,2026-T2
2A0316,ER,A,Compras de suministros,94,2011-T1,2026-T2
2A0317,ER,A,Cargas de personal,95,2011-T1,2026-T2
2A0318,ER,A,Participaciones y dietas al directorio,96,2011-T1,2026-T2
2A0319,ER,A,Servicios prestados por terceros,97,2011-T1,2026-T2
2A0320,ER,A,Tributos y aportaciones,98,2011-T1,2026-T2
2A0321,ER,A,Cargas diversas de gestión,99,2011-T1,2026-T2
2A0322,ER,A,Provisiones del ejercicio,100,2011-T1,2026-T2
2A0302,ER,A,Gastos de Ventas,101,2010-T1,2026-T2
2A0309,ER,A,Compras de Suministros,102,2011-T1,2026-T2
2A0310,ER,A,Cargas de Personal,103,2011-T1,2026-T2
2A0311,ER,A,Servicios prestados por terceros,104,2011-T1,2026-T2
2A0312,ER,A,"Publicidad, publicaciones y relaciones públicas",105,2011-T1,2026-T2
2A0313,ER,A,Tributos y aportaciones,106,2011-T1,2026-T2
2A0314,ER,A,Cargas diversas de gestión,107,2011-T1,2026-T2
2A0315,ER,A,Provisiones del ejercicio,108,2011-T1,2026-T2
2A03ST,ER,A,Utilidad (pérdida) operativa,109,2010-T1,2026-T2
2A0304,ER,A,Utilidad (pérdida) del encaje,110,2010-T1,2026-T2
2A0305,ER,A,Utilidad (Pérdida) del fondo complementario,111,2010-T1,2026-T2
2A0306,ER,A,Utilidad (pérdida) del fondo de longevidad,112,2010-T1,2026-T2
2A0307,ER,A,Utilidad (pérdida) en venta de activos,113,2010-T1,2026-T2
2A0401,ER,A,Ingresos Financieros,114,2010-T1,2026-T2
2A0402,ER,A,Gastos Financieros,115,2010-T1,2026-T2
2A0308,ER,A,Otros Ingresos (egresos),116,2010-T1,2026-T2
2A08ST,ER,A,Resultado antes del Impuesto a la Renta,117,2011-T1,2026-T2
2A0502,ER,A,Impuesto a la Renta Corriente y Diferido,118,2010-T1,2026-T2
2A07ST,ER,A,Utilidad (Pérdida) Neta del Ejercicio,119,2010-T1,2026-T2
2A0901,ER,A,Utilidad (Pérdida) Básica por Acción Común,120,2010-T1,2026-T2
2A0903,ER,A,Utilidad (Pérdida) Diluida por Acción Común,121,2010-T1,2026-T2
2B0101,ER,B,Intereses por depósitos en el Banco Central de Reserva,28,2000-A,2000-A
2B0102,ER,B,Intereses por depósitos en otros bancos,29,2000-A,2000-A
2B0103,ER,B,Intereses por colocaciones,30,2000-A,2000-A
2B0301,ER,B,Intereses sobre depósitos,32,2000-A,2000-A
2B0201,ER,B,INGRESOS FINANCIEROS,33,2000-A,2005-A
2B0302,ER,B,Intereses sobre fondos Interbancarios y adeudados a bancos y corresponsales,33,2000-A,2000-A
2B0303,ER,B,Intereses sobre otras obligaciones financieras,34,2000-A,2000-A
2B0401,ER,B,GASTOS FINANCIEROS,34,2000-A,2005-A
2B0502,ER,B,MARGEN FINANCIERO BRUTO,35,2001-A,2005-A
2B0501,ER,B,Intereses Neto,36,2000-A,2000-A
2B0503,ER,B,"Provisión para desvalorización de inversiones, neto de recupero",36,2001-A,2005-A
2B0504,ER,B,"Provisión para incobrabilidad de créditos, neto de recupero",37,2001-A,2005-A
2B0601,ER,B,Provisión para riesgos de incobrabilidad de créditos,37,2000-A,2000-A
2B0602,ER,B,MARGEN FINANCIERO NETO,38,2001-A,2005-A
2B0701,ER,B,"Intereses neto, después de provisión para riesgos de incobrabilidad de créditos",38,2000-A,2000-A
2B0603,ER,B,Ingresos por servicios financieros,39,2001-A,2005-A
2B0801,ER,B,Comisiones por servicios y operaciones contingentes,39,2000-A,2000-A
2B0604,ER,B,Gastos por servicios financieros,40,2001-A,2005-A
2B0802,ER,B,Diferencia de cambio de operaciones y productos derivados,40,2000-A,2000-A
2B0605,ER,B,MARGEN OPERACIONAL,41,2001-A,2005-A
2B0803,ER,B,Utilidad en venta de bienes adjudicados y realizables,41,2000-A,2000-A
2B0606,ER,B,Gastos de administración,42,2001-A,2005-A
2B0804,ER,B,"Utilidad en venta de inmuebles, mobiliario y equipo",42,2000-A,2000-A
2B0702,ER,B,MARGEN OPERACIONAL NETO,43,2001-A,2005-A
2B0805,ER,B,Utilidad en venta de inversiones,43,2000-A,2000-A
2B0703,ER,B,"Provisiones para bienes realizables, recibidos en pago y adjudicados y otros",44,2001-A,2005-A
2B0806,ER,B,Otros,44,2000-A,2000-A
2B0704,ER,B,Depreciación y amortización,45,2001-A,2005-A
2B0807,ER,B,Total ingresos,45,2000-A,2000-A
2B0705,ER,B,RESULTADO DE OPERACIÓN,46,2001-A,2005-A
2B0901,ER,B,"Provisión para colocación de cobranza dudosa, neta de recuperos",46,2000-A,2000-A
2B0706,ER,B,"Otros ingresos y gastos, neto",47,2001-A,2005-A
2B0902,ER,B,"Provisión para bienes realizables, adjudicados y leasing rescindidios",47,2000-A,2000-A
2B0903,ER,B,Provisión para cuentas por cobrar diversas,48,2000-A,2000-A
2B0913,ER,B,Resultado por Exposición a la Inflación,48,2000-A,2005-A
2B0904,ER,B,Pérdida en venta de colocaciones,49,2000-A,2000-A
2B1001,ER,B,RESULTADO ANTES DE IMPUESTO A LA RENTA Y PARTIDAS EXTRAORDINARIAS,49,2000-A,2005-A
2B0905,ER,B,"Pérdida en venta de inmuebles, mobiliario y equipo",50,2000-A,2000-A
2B1002,ER,B,Participación de los trabajadores,50,2000-A,2005-A
2B0906,ER,B,Pérdida en venta de inversiones,51,2000-A,2000-A
2B1003,ER,B,Impuesto a la renta,51,2000-A,2005-A
2B0907,ER,B,Depreciación y amortización,52,2000-A,2000-A
2B1101,ER,B,RESULTADO ANTES DE PARTIDAS EXTRAORDINARIAS,52,2000-A,2005-A
2B0908,ER,B,Gastos Generales,53,2000-A,2000-A
2B1201,ER,B,Ingresos extraordinarios,53,2000-A,2005-A
2B0909,ER,B,Gastos de Personal y Directorio,54,2000-A,2000-A
2B1202,ER,B,Gastos extraordinarios,54,2000-A,2005-A
2B0910,ER,B,Impuestos y contribuciones,55,2000-A,2000-A
2B1301,ER,B,Resultado antes de Interés Minoritario,55,2000-A,2005-A
2B0911,ER,B,Diversos,56,2000-A,2000-A
2B1401,ER,B,Interés Minoritario,56,2000-A,2005-A
2B0912,ER,B,Total gastos,57,2000-A,2000-A
2B1501,ER,B,UTILIDAD (PERDIDA) NETA DEL EJERCICIO,57,2000-A,2005-A
2B1601,ER,B,Dividendos de acciones Preferentes,58,2000-A,2005-A
2B1701,ER,B,UTILIDAD (PERDIDA) NETA ATRIBUIBLE A LOS ACCIONISTAS NO PREFERENTES,59,2000-A,2005-A
2B1801,ER,B,Utilidad (pérdida) básica por acción,60,2000-A,2005-A
2B1802,ER,B,Utilidad (pérdida) diluida por acción,61,2000-A,2005-A
2C0303,ER,C,Provisión por pérdidas por desvalorización de activos,101,2004-T2,2005-A
2C0408,ER,C,Efecto acumulado por cambios en las políticas contables,109,2004-T2,2005-A
2C0405,ER,C,Resultado por Exposición a la Inflación,110,2004-T2,2005-A
2C05ST,ER,C,Resultado antes de Gastos Extraordinarios,114,2004-T2,2005-A
2C0602,ER,C,Gastos Extraordinarios (neto de participaciones e impuesto a la renta),115,2004-T2,2005-A
2C06ST,ER,C,Resultado antes de Interes Minoritario,116,2004-T2,2005-A
2C0701,ER,C,Interés Minoritario,117,2004-T2,2005-A
2C0801,ER,C,Dividendos de acciones Preferentes,119,2004-T2,2005-A
2C08ST,ER,C,Utilidad (Pérdida) Neta atribuible a los accionistas no preferentes,120,2004-T2,2005-A
2C0802,ER,C,Accionistas mayoritarios,150,2006-T1,2006-T4
2C0803,ER,C,Intereses Minoritarios,151,2006-T1,2006-T4
2C0101,ER,C,Ventas Netas (ingresos operacionales),217,2004-T2,2014-A
2C0102,ER,C,Otros Ingresos Operacionales,218,2004-T2,2014-A
2C01ST,ER,C,Total de Ingresos Brutos,219,2004-T2,2014-A
2C0201,ER,C,Costo de Ventas (Operacionales),220,2004-T2,2014-A
2C0202,ER,C,Otros Costos Operacionales,221,2004-T2,2014-A
2C0203,ER,C,Total Costos Operacionales,222,2004-T2,2014-A
2C02ST,ER,C,Utilidad Bruta,223,2004-T2,2014-A
2C0302,ER,C,Gastos de Ventas,224,2004-T2,2014-A
2C0301,ER,C,Gastos de Administración,225,2004-T2,2014-A
2C0407,ER,C,Ganancia (Pérdida) por Venta de Activos,226,2004-T2,2014-A
2C0403,ER,C,Otros Ingresos,227,2004-T2,2014-A
2C0404,ER,C,Otros Gastos,228,2004-T2,2014-A
2C03ST,ER,C,Utilidad Operativa,229,2004-T2,2014-A
2C0401,ER,C,Ingresos Financieros,230,2004-T2,2014-A
2C0402,ER,C,Gastos Financieros,231,2004-T2,2014-A
2C0406,ER,C,Participación en los Resultados de Partes Relacionadas por el Método de Participación,232,2004-T2,2014-A
2C0409,ER,C,Ganancia (Pérdida) por Instrumentos Financieros Derivados,233,2006-T1,2014-A
2C04ST,ER,C,Resultado antes de Participaciones y del Impuesto a la Renta,234,2004-T2,2014-A
2C0501,ER,C,Participación de los trabajadores,235,2004-T2,2014-A
2C0502,ER,C,Impuesto a la Renta,236,2004-T2,2014-A
2C0503,ER,C,Utilidad (Pérdida) Neta de Actividades Contínuas,237,2006-A,2014-A
2C0504,ER,C,Ingreso (Gasto) Neto de Operaciones en Discontinuación,238,2006-A,2014-A
2C07ST,ER,C,Utilidad (Perdida) Neta del Ejercicio,239,2004-T2,2014-A
2C0505,ER,C,Otros Resultados Integrales,240,2012-A,2014-A
2C09ST,ER,C,Total resultados integrales del periodo,241,2012-A,2014-A
2C0901,ER,C,Utilidad (pérdida) básica por Acción Común,242,2004-T2,2014-A
2C0902,ER,C,Utilidad (pérdida) básica por Acción de Inversión,243,2004-T2,2014-A
2C0903,ER,C,Utilidad (pérdida) diluida por Acción Común,244,2004-T2,2014-A
2C0904,ER,C,Utilidad (pérdida) diluida por Acción de Inversión,245,2004-T2,2014-A
2C0905,ER,C,Utilidad (Pérdida) Básica por Acción Común,246,2006-A,2014-A
2C0906,ER,C,Utilidad (Pérdida) Básica por Acción de Inversión,247,2006-A,2014-A
2C0907,ER,C,Utilidad (Pérdida) Diluida por Acción Común,248,2006-A,2014-A
2C0908,ER,C,Utilidad (Pérdida) Diluida por Acción de Inversión,249,2006-A,2014-A
2D0101,ER,D,Ventas Netas de Bienes,0,2000-T1,2012-T4
2D01ST,ER,D,Ingresos de Actividades Ordinarias,0,2000-T1,2026-T2
2D0102,ER,D,Otros Ingresos Operacionales,1,2000-T1,2010-T4
2D0103,ER,D,Prestación de Servicios,1,2010-A,2012-T4
2D0201,ER,D,Costo de Ventas,1,2000-T1,2026-T2
2D02ST,ER,D,Ganancia (Pérdida) Bruta,2,2000-T1,2026-T2
2D0302,ER,D,Gastos de Ventas y Distribución,3,2000-T1,2026-T2
2D0202,ER,D,Otros Costos Operacionales,4,2002-A,2010-T4
2D0301,ER,D,Gastos de Administración,4,2000-T1,2026-T2
2D0203,ER,D,Total Costos Operacionales,5,2002-A,2010-T4
2D0403,ER,D,Otros Ingresos Operativos,5,2000-T1,2026-T2
2D0404,ER,D,Otros Gastos Operativos,6,2000-T1,2026-T2
2D0412,ER,D,Otras Ganancias (Pérdidas),7,2012-A,2026-T2
2D03ST,ER,D,Ganancia (Pérdida) Operativa,8,2000-T1,2026-T2
2D0303,ER,D,Provisión por pérdidas por desvalorización de activos,9,2002-A,2005-A
2D0407,ER,D,Ganancia (Pérdida) de la Baja en Activos Financieros medidos al Costo Amortizado,9,2002-A,2026-T2
2D0401,ER,D,Ingresos Financieros,10,2000-T1,2026-T2
2D0415,ER,D,Ingresos por Intereses calculados usando el Metodo de Interes Efectivo,11,2016-A,2026-T2
2D0402,ER,D,Gastos Financieros,12,2000-T1,2026-T2
2D0416,ER,D,Ganancia (Pérdida) por Deterioro de Valor (Pérdidas Crediticias Esperadas o Reversiones),13,2016-A,2026-T2
2D0406,ER,D,Participación en la Ganancia (Pérdida) neta de Asociadas y Negocios Conjuntos Contabilizados por el Método de la Participación,14,2002-A,2026-T2
2D0414,ER,D,"Otros Ingresos (Gastos) de las Subsidiarias, Asociadas y Negocios Conjuntos",14,2012-A,2026-T2
2D0410,ER,D,Diferencias de Cambio Neto,15,2010-A,2026-T2
2D0409,ER,D,Ganancia (Pérdida) por Instrumentos Financieros Derivados,16,2006-T1,2010-T4
2D0411,ER,D,Ganancias (Pérdidas) por Reclasificación de Activos Financieros a Valor Razonable con cambios en Resultados antes medidos al Costo Amortizado,16,2010-A,2026-T2
2D0408,ER,D,Efecto acumulado por cambios en las políticas contables,17,2002-A,2005-A
2D0417,ER,D,Ganancia (Pérdida) Acumulada en Otro Resultado Integral por Activos Financieros medidos a Valor Razonable reclasificados como cambios en Resultados,17,2016-A,2026-T2
2D0601,ER,D,Ingresos Extraordinarios,17,2000-T1,2002-A
2D0405,ER,D,Resultado por Exposición a la Inflación,18,2000-T1,2005-A
2D0418,ER,D,Ganancias (Pérdidas) por Cobertura de un Grupo de Partidas con posiciones de Riesgo Compensadoras,18,2016-A,2026-T2
2D0501,ER,D,Participación de los trabajadores,18,2000-T1,2010-T4
2D0413,ER,D,Diferencia entre el Importe en Libros de los Activos Distribuidos y el Importe en Libros del Dividendo a pagar,19,2012-A,2026-T2
2D04ST,ER,D,Ganancia (Pérdida) antes de Impuestos,20,2000-T1,2026-T2
2D0502,ER,D,Ingreso (Gasto) por Impuesto,21,2000-T1,2026-T2
2D0503,ER,D,Ganancia (Pérdida) Neta de Operaciones Continuadas,22,2006-A,2026-T2
2D05ST,ER,D,Resultado antes de Gastos Extraordinarios,22,2000-T1,2005-A
2D0504,ER,D,"Ganancia (Pérdida) procedente de Operaciones Discontinuadas, neta de Impuesto",23,2006-A,2026-T2
2D0602,ER,D,Gastos Extraordinarios (neto de participaciones e impuesto a la renta),23,2000-T1,2005-A
2D06ST,ER,D,Resultado antes de Interes Minoritario,24,2000-T1,2005-A
2D07ST,ER,D,Ganancia (Pérdida) Neta del Ejercicio,24,2000-T1,2026-T2
2D0701,ER,D,Interés Minoritario,25,2000-T1,2005-A
2D0802,ER,D,Propietarios de la Controladora,25,2006-T1,2026-T2
2D0901,ER,D,Utilidad (pérdida) básica por acción común,25,2000-T1,2010-T4
2D0803,ER,D,Participaciones no Controladoras,26,2006-T1,2026-T2
2D0902,ER,D,Utilidad (pérdida) básica por acción de inversión,26,2000-T1,2010-T4
2D0801,ER,D,Dividendos de acciones Preferentes,27,2000-T1,2005-A
2D0903,ER,D,Utilidad (pérdida) diluida por acción común,27,2000-T1,2010-T4
2D0905,ER,D,Básica por Acción Ordinaria en Operaciones Continuadas,27,2006-A,2026-T2
2D08ST,ER,D,Utilidad (Pérdida) Neta atribuible a los accionistas no preferentes,28,2000-T1,2005-A
2D0904,ER,D,Utilidad (pérdida) diluida por acción de inversión,28,2000-T1,2010-T4
2D0909,ER,D,Básica por Acción Ordinaria en Operaciones Discontinuadas,28,2010-A,2026-T2
2D0911,ER,D,Total de Ganancias (Pérdida) Básica por Acción Ordinaria,29,2010-A,2026-T2
2D0906,ER,D,Básica por Acción de Inversión en Operaciones Continuadas,30,2006-A,2026-T2
2D0910,ER,D,Básica por Acción de Inversión en Operaciones Discontinuadas,31,2010-A,2026-T2
2D0912,ER,D,Total de Ganancias (Pérdida) Básica por Acción Inversión,32,2010-A,2026-T2
2D0907,ER,D,Diluida por Acción Ordinaria en Operaciones Continuadas,33,2006-A,2026-T2
2D0913,ER,D,Diluida por Acción Ordinaria en Operaciones Discontinuadas,34,2010-A,2026-T2
2D0915,ER,D,Total ganancias (Pérdida) Diluida por Acción Ordinaria,35,2010-A,2026-T2
2D0908,ER,D,Diluida por Acción de Inversión en Operaciones Continuadas,36,2006-A,2026-T2
2D0914,ER,D,Diluida por Acción de Inversión en Operaciones Discontinuadas,37,2010-A,2026-T2
2D0916,ER,D,Total de Ganancias (Pérdida) Diluida por Acción Inversión,38,2010-A,2026-T2
2E0108,ER,E,Aportes de Afiliados EPS,77,2006-T1,2026-T2
2E0109,ER,E,Ajuste de Reservas Técnicas de Aportes EPS,78,2006-T1,2026-T2
2E0402,ER,E,Aportes cedidos EPS,82,2006-T1,2026-T2
2E0403,ER,E,Ajuste de Reservas Técnicas Aportes cedidos EPS,83,2006-T1,2026-T2
2E0711,ER,E,Prestaciones de Servicios EPS,90,2006-T1,2026-T2
2E0712,ER,E,Cesión de Prestaciones EPS,91,2006-T1,2026-T2
2E1012,ER,E,Comisiones sobre Afiliaciones EPS,98,2006-T1,2026-T2
2E1302,ER,E,Ingresos por Clínica EPS,108,2006-T1,2026-T2
2E1303,ER,E,Costo de Venta de Mercadería EPS,109,2006-T1,2026-T2
2E0601,ER,E,PRIMAS DE COMPETENCIA,110,2000-T1,2000-T4
2E1304,ER,E,RESULTADO DE CLÍNICA EPS,110,2006-T1,2026-T2
2E1501,ER,E,RESULTADO DE OPERACIÓN,112,2000-T1,2026-T2
2E1502,ER,E,Ganancias (Pérdidas) que surgen de la Diferencia entre el Valor Libro Anterior y el Valor Justo de Activos Financieros Medidos a Valor Razonable,113,2001-T1,2026-T2
2E1701,ER,E,RESULTADO DEL EJERCICIO ANTES DE PARTIDAS EXTRAORDINARIAS Y EFECTO ACUMULATIVO DE CAMBIOS CONTABLES,113,2000-T1,2012-A
2E1509,ER,E,RESULTADO DEL EJERCICIO ANTES DE IMPUESTO A LAS GANANCIAS,114,2011-T1,2026-T2
2E1801,ER,E,"Ganancias (Pérdidas ) Extraordinarias, Neto",114,2000-T1,2012-A
2E0801,ER,E,SINIESTROS DE COMPETENCIA NETOS,116,2000-T1,2000-T4
2E1603,ER,E,Ganancia (Pérdida) Neta de Operaciones Continuadas,116,2011-T1,2026-T2
2E1901,ER,E,RESULTADO ANTES DE INTERÉS MINORITARIO,116,2000-T1,2012-A
2E1604,ER,E,Ganancia (Pérdida) Neta del Impuesto a las Ganancias Procedente de Operaciones Discontinuadas,117,2011-T1,2026-T2
2E2002,ER,E,Propietarios de la Controladora,119,2011-T1,2026-T2
2E2001,ER,E,Participaciones no Controladoras,120,2000-T1,2026-T2
2E2403,ER,E,Básica por Acción Común en Operaciones Discontinuadas,122,2011-T1,2026-T2
2E1006,ER,E,Ajuste de reservas técnicas,123,2000-T1,2000-T4
2E2404,ER,E,Ganancias (Pérdida) Básica por Acción Común,123,2011-T1,2026-T2
2E2405,ER,E,Diluida por Acción Común en Operaciones Discontinuadas,125,2011-T1,2026-T2
2E2406,ER,E,Ganancias (Pérdida) Diluida por Acción Común,126,2011-T1,2026-T2
2E1203,ER,E,Recupero de provisión por comparación con valor de mercado,127,2000-T1,2000-T4
2E1402,ER,E,Otros Ingresos (gastos) neto,130,2000-T1,2000-T4
2E0101,ER,E,Primas de Seguros (Neto),191,2000-T1,2026-T2
2E0102,ER,E,Reaseguro Aceptado (Neto),192,2000-T1,2026-T2
2E0103,ER,E,Ajuste de Reservas Técnicas de Primas de Seg. y Reaseg. Aceptado,193,2000-T1,2026-T2
2E0201,ER,E,TOTAL PRIMAS NETAS DEL EJERCICIO,194,2000-T1,2026-T2
2E0301,ER,E,Primas Cedidas Netas,195,2000-T1,2026-T2
2E0401,ER,E,Ajuste de Reservas Técnicas de Primas Cedidas,196,2000-T1,2026-T2
2E0501,ER,E,TOTAL PRIMAS CEDIDAS NETAS DEL EJERCICIO,197,2000-T1,2026-T2
2E0602,ER,E,PRIMAS GANADAS NETAS,198,2001-T1,2026-T2
2E1403,ER,E,Resultado por exposición a la inflación,198,2000-T1,2005-T4
2E0701,ER,E,Siniestros de primas de seguros (netos),199,2000-T1,2026-T2
2E0702,ER,E,Siniestros de reaseguros aceptados (netos),200,2000-T1,2026-T2
2E0703,ER,E,Siniestros de primas cedidas (netos),201,2000-T1,2026-T2
2E1503,ER,E,RESULTADO DE OPERACIÓN ANTES DE PARTICIPACIONES E IMPUESTO A LA RENTA,201,2001-T1,2012-A
2E0704,ER,E,Recuperos y Salvamentos,202,2000-T1,2026-T2
2E1601,ER,E,Participaciones de los trabajadores corrientes y diferidos,202,2000-T1,2012-A
2E0706,ER,E,SINIESTROS INCURRIDOS (NETOS),203,2001-T1,2026-T2
2E0705,ER,E,Ajuste de Reservas para Riesgos Catastróficos,204,2000-T1,2026-T2
2E1802,ER,E,Efecto acumulativo de cambios en las politicas contables,204,2003-T1,2012-A
2E0901,ER,E,RESULTADO TECNICO BRUTO,205,2000-T1,2026-T2
2E2201,ER,E,Dividendos de acciones Preferentes,205,2000-T1,2005-T4
2E1001,ER,E,Comisiones sobre Primas de Seguros (netas),206,2000-T1,2026-T2
2E2301,ER,E,UTILIDAD (PÉRDIDA) NETA ATRIBUIBLE A LOS ACCIONISTAS NO PREFERENTES,206,2000-T1,2005-T4
2E1002,ER,E,Comisiones sobre Reaseguro Aceptado (netas),207,2000-T1,2026-T2
2E1003,ER,E,Comisiones de Primas Cedidas (netas),208,2000-T1,2026-T2
2E1007,ER,E,COMISIONES (NETAS),209,2001-T1,2026-T2
2E1004,ER,E,Ingresos Técnicos Diversos,210,2000-T1,2026-T2
2E1005,ER,E,Gastos Técnicos Diversos,211,2000-T1,2026-T2
2E1008,ER,E,"Ingresos (Egresos) Diversos, neto",212,2001-T1,2026-T2
2E1101,ER,E,RESULTADO TÉCNICO,213,2000-T1,2026-T2
2E1201,ER,E,Ingresos de Inversiones y Otros Ingresos Financieros,214,2000-T1,2026-T2
2E1202,ER,E,Gastos de inversiones y financieros.,215,2000-T1,2026-T2
2E1204,ER,E,Provisiones para activos no corrientes mantenidos para la venta,216,2013-T2,2026-T2
2E1205,ER,E,Diferencia de Cambio (neto),217,2016-T2,2026-T2
2E1301,ER,E,RESULTADO DE INVERSIONES,218,2000-T1,2026-T2
2E1401,ER,E,Gastos de Administración (Neto de Ingresos por Servicios y Otros),219,2000-T1,2026-T2
2E1508,ER,E,RESULTADO DE OPERACIÓN ANTES DE IMPUESTO,220,2011-T1,2026-T2
2E1602,ER,E,Impuesto a las Ganancias,221,2000-T1,2026-T2
2E2101,ER,E,UTILIDAD (PÉRDIDA) NETA DEL EJERCICIO,222,2000-T1,2026-T2
2E2401,ER,E,Utilidad (pérdida) básica por acción,223,2000-T1,2026-T2
2E2402,ER,E,Utilidad (pérdida) diluida por acción,224,2000-T1,2026-T2
2F0202,ER,F,Intereses de depósitos en instituciones financieras,30,2000-T1,2000-T4
2F0203,ER,F,Intereses de fondos interbancarios,31,2000-T1,2000-T4
2F0206,ER,F,Renta e intereses de inversiones y resultado en la compra-venta de valores,34,2000-T1,2000-T4
2F0207,ER,F,Otros,35,2000-T1,2000-T4
2F0401,ER,F,Intereses por depósitos,37,2000-T1,2000-T4
2F0201,ER,F,Intereses y comisiones por cartera de créditos,38,2000-T1,2005-T4
2F0402,ER,F,Intereses por fondos interbancarios,38,2000-T1,2000-T4
2F01ST,ER,F,INGRESOS DE ACTIVIDADES ORDINARIAS,39,2001-T1,2026-T2
2F0222,ER,F,Otros Ingresos Operacionales,39,2001-T1,2012-A
2F0403,ER,F,Intereses y comisiones por otras obligaciones financieras,39,2000-T1,2000-T4
2F0223,ER,F,Diferencia de Cambio de Instrumentos Financieros Derivados,40,2006-T1,2009-A
2F0102,ER,F,Ingresos por primas y aportes ganados (netos),41,2006-T1,2026-T2
2F0204,ER,F,Diferencia de Cambio,42,2000-T1,2005-T4
2F0221,ER,F,Ingresos de operación,42,2001-T1,2026-T2
2F03ST,ER,F,COSTOS POR SERVICIOS Y VENTA DE BIENES,43,2001-T1,2026-T2
2F0217,ER,F,Compra-Venta de Valores,44,2001-T1,2009-A
2F0408,ER,F,Otros,44,2000-T1,2000-T4
2F0302,ER,F,Siniestros y prestaciones incurridas (neto),45,2006-T1,2026-T2
2F0424,ER,F,Costos de Otros Ingresos Operacionales,45,2001-T1,2012-A
2F0501,ER,F,RESULTADO FINANCIERO,45,2000-T1,2000-T4
2F0303,ER,F,Ajuste de reservas para riesgos catastróficos,46,2006-T1,2026-T2
2F0601,ER,F,OTROS INGRESOS,46,2000-T1,2000-T4
2F0304,ER,F,Costo de operación,47,2006-T1,2026-T2
2F0701,ER,F,Comisiones por oper. Conting. y servicios,47,2000-T1,2000-T4
2F2302,ER,F,Provisión para Desvalorización de Inversiones,47,2001-T1,2012-A
2F0702,ER,F,Comisiones por fideicomisos y administ.,48,2000-T1,2000-T4
2F0703,ER,F,Varios,49,2000-T1,2000-T4
2F2304,ER,F,Provisión para créditos,49,2001-T1,2026-T2
2F0422,ER,F,Intereses por adeudos y obligaciones financieras a corto plazo,50,2001-T1,2005-T4
2F0801,ER,F,PROVISIONES Y DEPRECIACIÓN,50,2000-T1,2000-T4
2F0423,ER,F,Intereses por adeudos y obligaciones financieras a largo plazo,51,2001-T1,2005-T4
2F0901,ER,F,Fluctuación de valores,51,2000-T1,2000-T4
2F2406,ER,F,Comisiones (netas),51,2006-T1,2026-T2
2F0902,ER,F,Colocaciones,52,2000-T1,2000-T4
2F2407,ER,F,Ingresos (egresos) técnicos diversos (neto),52,2006-T1,2026-T2
2F2408,ER,F,Resultado de Inversiones y Otros Ingresos (Egresos) Financieros,52,2006-T1,2012-A
2F0903,ER,F,Cuentas por cobrar,53,2000-T1,2000-T4
2F0904,ER,F,Bienes realizables y adjudicados,54,2000-T1,2000-T4
2F2602,ER,F,Gastos de administración,54,2001-T1,2026-T2
2F0210,ER,F,Ingresos por Inversiones Negociables y a Vencimiento,55,2001-T1,2012-A
2F0905,ER,F,Contingencias,55,2000-T1,2000-T4
2F2606,ER,F,Gastos de ventas,55,2001-T1,2026-T2
2F0211,ER,F,Ingresos por Valorización de Inversiones Negociables y a Vencimiento,56,2001-T1,2012-A
2F2702,ER,F,Valuación de activos y otras provisiones,56,2001-T1,2026-T2
2F0425,ER,F,Diferencia de Cambio de Instrumentos Financieros Derivados,57,2006-T1,2009-A
2F1001,ER,F,"RESULTADO ANTES DE GASTOS OPERATIVOS, PARTICIPACIONES E IMPUESTOS",57,2000-T1,2000-T4
2F0405,ER,F,Diferencia de cambio,58,2000-T1,2005-T4
2F1101,ER,F,OTROS GASTOS,58,2000-T1,2000-T4
2F2805,ER,F,Ingresos financieros,58,2001-T1,2026-T2
2F0214,ER,F,Ganancias por Inversiones en subsidiarias y asociadas,59,2001-T1,2012-A
2F1201,ER,F,De personal,59,2000-T1,2000-T4
2F2806,ER,F,Gastos financieros,59,2001-T1,2026-T2
2F0215,ER,F,Otras Comisiones,60,2001-T1,2012-A
2F1202,ER,F,Gastos generales,60,2000-T1,2000-T4
2F2802,ER,F,Otros Ingresos y gastos,60,2001-T1,2026-T2
2F0224,ER,F,Diferencia de Cambio de Operaciones varias,61,2006-T1,2012-A
2F1203,ER,F,Honorarios del directorio,61,2000-T1,2000-T4
2F2809,ER,F,Resultado antes de Impuesto a las Ganancias,61,2011-T1,2026-T2
2F0205,ER,F,Reajuste por Indexación,62,2000-T1,2012-A
2F1204,ER,F,Varios,62,2000-T1,2000-T4
2F0216,ER,F,Ganancia en productos financieros derivados para negociación,63,2001-T1,2012-A
2F1404,ER,F,Resultado Neto de Operaciones Continuadas,63,2011-T1,2026-T2
2F1501,ER,F,RESULTADO DEL EJERCICIO ANTES DE PARTIDAS EXTRAORDINARIAS,63,2000-T1,2012-A
2F1405,ER,F,Ganancia (Pérdida) Neta del Impuesto a las Ganancias Procedente de Operaciones Discontinuadas,64,2011-T1,2026-T2
2F1601,ER,F,Ingresos Extraordinarios,64,2000-T1,2012-A
2F1602,ER,F,Gastos Extraordinarios,65,2000-T1,2012-A
2F1701,ER,F,RESULTADO ANTES DE INTERÉS MINORITARIO,66,2000-T1,2012-A
2F1802,ER,F,Propietarios de la Controladora,66,2011-T1,2026-T2
2F2303,ER,F,Provisiones para Desvalorización de Inversiones de Ejercicios Anteriores,66,2001-T1,2009-A
2F1801,ER,F,Participaciones no Controladoras,67,2000-T1,2026-T2
2F2305,ER,F,Provisiones para Incobrabilidad de Créditos de Ejercicios Anteriores,68,2001-T1,2009-A
2F0411,ER,F,Pérdida por Valorización de Inversiones Negociables y a Vencimiento,69,2001-T1,2012-A
2F2203,ER,F,Básica por Acción Común en Operaciones Discontinuadas,69,2011-T1,2026-T2
2F2204,ER,F,Ganancias (Pérdida) Básica por Acción Común,70,2011-T1,2026-T2
2F0413,ER,F,Intereses por Adeudos y Obligaciones del Sistema Financiero del País,71,2001-T1,2012-A
2F2205,ER,F,Diluida por Acción Común en Operaciones Discontinuadas,72,2011-T1,2026-T2
2F2206,ER,F,Ganancias (Pérdida) Diluida por Acción Común,73,2011-T1,2026-T2
2F0426,ER,F,Diferencia de Cambio de Operaciones Varias,77,2006-T1,2012-A
2F0406,ER,F,Reajuste por Indexación,78,2000-T1,2012-A
2F0419,ER,F,Pérdida en productos financieros derivados para negociación,79,2001-T1,2012-A
2F0420,ER,F,Pérdida por inversiones en subsidiarias y asociadas,81,2001-T1,2012-A
2F1401,ER,F,Resultado por exposición a la Inflación,94,2000-T1,2005-T4
2F2803,ER,F,Ingresos de Ejercicios Anteriores,94,2001-T1,2009-A
2F2804,ER,F,Gastos de Ejercicios Anteriores,96,2001-T1,2009-A
2F2001,ER,F,Dividendos de acciones Preferentes,102,2000-T1,2005-T4
2F2101,ER,F,UTILIDAD (PERDIDA) NETA ATRIBUIBLE A LOS ACCIONISTAS,103,2000-T1,2005-T4
2F2706,ER,F,"Depreciación y deterioro de Inmuebles, Mobiliario y Equipo",105,2001-T1,2012-A
2F2712,ER,F,Amortización y deterioro de activos intangibles,106,2010-T1,2012-A
2F2707,ER,F,Amortización de Gastos,107,2001-T1,2012-A
2F2711,ER,F,Otros,111,2010-T1,2012-A
2F2807,ER,F,Ingresos Netos (Gastos Netos) por Recuperación de Créditos,114,2006-T1,2012-A
2F1301,ER,F,RESULTADOS DEL EJERCICIO ANTES DE PARTICIPACIONES E IMPUESTO A LA RENTA,116,2000-T1,2012-A
2F1402,ER,F,DISTRIBUCIÓN LEGAL DE LA RENTA NETA,117,2000-T1,2012-A
2F0208,ER,F,Disponible,122,2001-T1,2026-T2
2F0209,ER,F,Fondos interbancarios,123,2001-T1,2026-T2
2F0226,ER,F,Inversiones a valor razonable con cambios en resultados,124,2013-T2,2026-T2
2F0227,ER,F,Inversiones disponibles para la venta,125,2013-T2,2026-T2
2F0228,ER,F,Inversiones a vencimiento,126,2013-T2,2026-T2
2F0212,ER,F,Cartera de créditos directos,127,2001-T1,2026-T2
2F0225,ER,F,Resultado por operaciones de cobertura,128,2010-T1,2026-T2
2F0213,ER,F,Cuentas por cobrar,129,2001-T1,2026-T2
2F0218,ER,F,Otros ingresos financieros,130,2001-T1,2026-T2
2F0101,ER,F,TOTAL INGRESOS POR INTERESES,131,2000-T1,2026-T2
2F0409,ER,F,Obligaciones con el público,132,2001-T1,2026-T2
2F0410,ER,F,Fondos interbancarios,133,2001-T1,2026-T2
2F0412,ER,F,Depósitos de empresas del sistema financiero y organismos financieros internacionales,134,2001-T1,2026-T2
2F0404,ER,F,Adeudos y obligaciones financieras,135,2000-T1,2026-T2
2F0429,ER,F,Adeudos y obligaciones con el Banco Central de Reserva del Perú,136,2013-T2,2026-T2
2F0430,ER,F,Adeudos y obligaciones del sistema financiero del país,137,2013-T2,2026-T2
2F0414,ER,F,Adeudos y Obligaciones con Instituciones Financieras del Exter. y Organ. Financ. Internac.,138,2001-T1,2026-T2
2F0415,ER,F,Otros Adeudos y Obligaciones del País y del Exterior,139,2001-T1,2026-T2
2F0418,ER,F,Comisiones y otros cargos por adeudos y obligaciones financieras,140,2001-T1,2026-T2
2F0417,ER,F,"Valores, Títulos y Obligaciones en Circulación",141,2001-T1,2026-T2
2F0416,ER,F,Intereses de cuentas por pagar,142,2001-T1,2026-T2
2F0427,ER,F,Resultado por operaciones de cobertura,143,2010-T1,2026-T2
2F0421,ER,F,Otros Gastos Financieros,144,2001-T1,2026-T2
2F0301,ER,F,TOTAL GASTOS POR INTERESES,145,2000-T1,2026-T2
2F2301,ER,F,MARGEN FINANCIERO BRUTO,146,2001-T1,2026-T2
2F2306,ER,F,(-) Provisiones para créditos directos,147,2010-T1,2026-T2
2F2401,ER,F,MARGEN FINANCIERO NETO,148,2001-T1,2026-T2
2F2402,ER,F,INGRESOS POR SERVICIOS FINANCIEROS,149,2001-T1,2026-T2
2F2403,ER,F,Ingresos por créditos indirectos,150,2001-T1,2026-T2
2F2404,ER,F,Ingresos por Fideicomisos y Comisiones de Confianza,151,2001-T1,2026-T2
2F2409,ER,F,Ingresos por emisión de dinero electrónico,152,2016-T2,2026-T2
2F2405,ER,F,Ingresos Diversos,153,2001-T1,2026-T2
2F2501,ER,F,GASTOS POR SERVICIOS FINANCIEROS,154,2001-T1,2026-T2
2F2502,ER,F,Gastos por créditos indirectos,155,2001-T1,2026-T2
2F2503,ER,F,Gastos por Fideicomisos y Comisiones de Confianza,156,2001-T1,2026-T2
2F0407,ER,F,Prima al fondo de seguro de deposito,157,2000-T1,2026-T2
2F2504,ER,F,Gastos Diversos,158,2001-T1,2026-T2
2F2505,ER,F,MARGEN FINANCIERO NETO DE INGRESOS Y GASTOS POR SERVICIOS FINANCIEROS,159,2013-T2,2026-T2
2F2506,ER,F,RESULTADO POR OPERACIONES FINANCIERAS (ROF),160,2013-T1,2026-T2
2F2507,ER,F,Inversiones a valor razonable con cambios en resultados,161,2013-T2,2026-T2
2F2508,ER,F,Inversiones en comodities,162,2013-T2,2026-T2
2F2509,ER,F,Inversiones disponibles para la venta,163,2013-T2,2026-T2
2F2510,ER,F,Derivados de negociación,164,2013-T2,2026-T2
2F2511,ER,F,Resultado por operaciones de cobertura,165,2013-T2,2026-T2
2F2512,ER,F,Ganancias (pérdidas) en participaciones,166,2013-T2,2026-T2
2F2513,ER,F,Utilidad- pérdida en diferencia de cambio,167,2013-T2,2026-T2
2F2514,ER,F,Otros,168,2013-T2,2026-T2
2F2601,ER,F,MARGEN OPERACIONAL,169,2001-T1,2026-T2
2F2603,ER,F,Gastos de Personal y Directorio,170,2001-T1,2026-T2
2F2604,ER,F,Gastos por Servicios Recibidos de Terceros,171,2001-T1,2026-T2
2F2605,ER,F,Impuestos y Contribuciones,172,2001-T1,2026-T2
2F0906,ER,F,DEPRECIACIONES Y AMORTIZACIONES,173,2000-T1,2026-T2
2F2701,ER,F,MARGEN OPERACIONAL NETO,174,2001-T1,2026-T2
2F2705,ER,F,Provisiones para créditos indirectos,175,2001-T1,2026-T2
2F2703,ER,F,Provisiones para Incobrabilidad de cuentas por cobrar,176,2001-T1,2026-T2
2F2704,ER,F,"Provisión para bienes realizable, recibidos en pago, recuperados y adjudicados y otros",177,2001-T1,2026-T2
2F2716,ER,F,Provisión para activos no corrientes mantenidos para la venta,178,2013-T2,2026-T2
2F2713,ER,F,Deterioro de inversiones,179,2010-T1,2026-T2
2F2714,ER,F,"Deterioro de inmuebles, mobiliario y equipo",180,2013-T2,2026-T2
2F2715,ER,F,Deterioro de activos intangibles,181,2013-T2,2026-T2
2F2709,ER,F,Provisiones para litigios y demandas,182,2010-T1,2026-T2
2F2710,ER,F,Otras provisiones,183,2010-T1,2026-T2
2F2801,ER,F,RESULTADO DE OPERACIÓN,184,2001-T1,2026-T2
2F2808,ER,F,Otros ingresos y egresos,185,2010-T1,2026-T2
2F1302,ER,F,RESULTADO DEL EJERCICIO ANTES DE IMPUESTO A LA RENTA,186,2011-T1,2026-T2
2F1403,ER,F,IMPUESTO A LA RENTA,187,2000-T1,2026-T2
2F1901,ER,F,RESULTADO NETO DEL EJERCICIO,188,2000-T1,2026-T2
2F2201,ER,F,Utilidad (pérdida) básica por acción,189,2000-T1,2026-T2
2F2202,ER,F,Utilidad (pérdida) diluida por acción,190,2000-T1,2026-T2
2I2000,ER,I,INGRESOS OPERACIONALES,37,2000-T1,2026-T2
2I2011,ER,I,Ingresos Brutos por Comisiones y servicios en el mercado de valores,38,2003-T4,2026-T2
2I2020,ER,I,Venta de Inversiones Financieras,39,2000-T1,2026-T2
2I2030,ER,I,Intereses y dividendos,40,2000-T1,2026-T2
2I2033,ER,I,Otros ingresos operacionales,41,2019-T1,2026-T2
2I2031,ER,I,Total Ingresos Operacionales,42,2000-T1,2026-T2
2I2032,ER,I,COSTOS OPERACIONALES,43,2000-T1,2026-T2
2I2055,ER,I,Otros costos operacionales,44,2019-T1,2026-T2
2I2041,ER,I,Costo de venta y servicios en el Mercado de Valores,45,2003-T4,2026-T2
2I2050,ER,I,Costo de enajenación de inversiones financieros,46,2000-T1,2026-T2
2I2034,ER,I,Total Costos Operacionales,47,2012-A,2026-T2
2I2051,ER,I,Utilidad Bruta,48,2000-T1,2026-T2
2I2052,ER,I,GASTOS OPERACIONALES,49,2000-T1,2026-T2
2I2070,ER,I,Gastos de ventas,50,2000-T1,2026-T2
2I2060,ER,I,Gastos de administración,51,2000-T1,2026-T2
2I2061,ER,I,Ganancia (Pérdida) por baja de Activos Financieros medidos a Costo Amortizado,52,2012-A,2026-T2
2I2100,ER,I,Otros ingresos,53,2000-T1,2026-T2
2I2110,ER,I,Otros gastos,54,2000-T1,2026-T2
2I2180,ER,I,Otras ganancias (pérdidas),55,2012-A,2026-T2
2I2071,ER,I,Ganancia (Pérdida) Operativa,56,2000-T1,2026-T2
2I2072,ER,I,OTROS INGRESOS / EGRESOS,57,2000-T1,2026-T2
2I2080,ER,I,Ingresos financieros,58,2000-T1,2026-T2
2I2090,ER,I,Gastos financieros,59,2000-T1,2026-T2
2I2093,ER,I,Diferencias de Cambio neto,60,2012-A,2026-T2
2I2094,ER,I,"Otros Ingresos (gastos) de las subsidiarias, negocios conjuntos y asociadas (**)",61,2012-A,2026-T2
2I2091,ER,I,Participación en los Resultados Netos de Asociadas y Negocios Conjuntos Contabilizados por el Método de la Participación (*),62,2012-A,2026-T2
2I2092,ER,I,Ganancia (pérdida) por instrumentos financieros medidos a valor razonable,63,2012-A,2026-T2
2I2121,ER,I,Resultado antes del Impuesto a las Ganancias,64,2000-T1,2026-T2
2I2140,ER,I,Gasto por Impuesto a las Ganancias,65,2000-T1,2026-T2
2I2141,ER,I,Ganancia (Pérdida) Neta de Operaciones Continuadas,66,2000-T1,2026-T2
2I2170,ER,I,Ganancia (Pérdida) Neta del Impuesto a las Ganancias Procedente de Operaciones Discontinuadas,67,2012-A,2026-T2
2I2161,ER,I,Utilidad (Perdida) Neta del Ejercicio,68,2000-T1,2026-T2
2I2200,ER,I,Otro Resultado Integral:,69,2012-A,2026-T2
2I2217,ER,I,Activos no corrientes o grupos de activos mantenidas para la Venta,70,2012-A,2026-T2
2I2218,ER,I,Cambios en el valor razonable de pasivos financieros atribuibles a cambios en el riesgo de crédito del pasivo,71,2012-A,2026-T2
2I2219,ER,I,Coberturas de inversión neta de negocios en el extranjero,72,2012-A,2026-T2
2I2201,ER,I,Diferencia de Cambio por Conversión de Operaciones en el Extranjero,73,2012-A,2026-T2
2I2202,ER,I,Ganancias (Pérdidas) de Inversiones en Instrumentos de Patrimonio medidos a valor razonable,74,2012-A,2026-T2
2I2203,ER,I,Coberturas del flujo de efectivo,75,2012-A,2026-T2
2I2204,ER,I,Superavit de Revaluación,76,2012-A,2026-T2
2I2205,ER,I,Participación de otro resultado integral de asociadas y negocios conjuntos contabilizados por el método de participación (*),77,2012-A,2026-T2
2I2228,ER,I,Otro Resultado Integral antes de Impuestos,78,2012-A,2026-T2
2I2229,ER,I,Impuesto a las Ganancias relacionado con Componentes de Otro Resultado Integral,79,2012-A,2026-T2
2I2220,ER,I,Coberturas de inversión neta de negocios en el extranjero,80,2012-A,2026-T2
2I2221,ER,I,Cambios en el valor razonable de pasivos financieros atribuibles a cambios en el riesgo de crédito del pasivo,81,2012-A,2026-T2
2I2222,ER,I,Coberturas de inversión neta de negocios en el extranjero,82,2012-A,2026-T2
2I2223,ER,I,Diferencia de Cambio por Conversión de Operaciones en el Extranjero,83,2012-A,2026-T2
2I2224,ER,I,Ganancias (Pérdidas) de Inversiones en Instrumentos de Patrimonio medidos a valor razonable,84,2012-A,2026-T2
2I2225,ER,I,Coberturas del Flujo de Efectivo,85,2012-A,2026-T2
2I2226,ER,I,Superavit de Revaluación,86,2012-A,2026-T2
2I2227,ER,I,Participación de otro resultado integral de asociadas y negocios conjuntos contabilizados por el método de participación (*),87,2012-A,2026-T2
2I2206,ER,I,Impuesto a las ganancias relativo a componentes de otro resultado integral,88,2012-A,2026-T2
2I2207,ER,I,Otros resultado Integral,89,2012-A,2026-T2
2I2208,ER,I,"RESULTADO INTEGRAL TOTAL DEL PERIODO, neto del Impuesto a las ganancias",90,2012-A,2026-T2
2I2010,ER,I,Ingreso bruto por comisiones y servicios,134,2000-T1,2012-T4
2I2012,ER,I,Comisiones y servicios en el mercado de productos,136,2003-T4,2012-T4
2I2040,ER,I,Costo de venta y servicios,141,2000-T1,2012-T4
2I2042,ER,I,Costo de venta y servicios en el mercado de productos,143,2003-T4,2012-T4
2I2120,ER,I,Resultado por exposicion a la inflación,155,2000-T1,2012-T4
2I2130,ER,I,Participaciones,157,2000-T1,2012-T4
2I2150,ER,I,Ingresos extraordinarios,160,2000-T1,2012-T4
2I2160,ER,I,Egresos extraordinarios,161,2000-T1,2012-T4
2S0301,ER,S,Primas de competencia netas,105,2000-A,2000-A
2S0302,ER,S,Siniestros de primas de seguros y reaseguros aceptados,106,2000-A,2000-A
2S0402,ER,S,Ajuste de Provisión para Riesgos Catastróficos,109,2000-A,2000-A
2S0501,ER,S,Siniestros de competencia,110,2000-A,2000-A
2S0701,ER,S,Comisiones sobre primas de seguros y reaseguros aceptados y primas cedidas netas,112,2000-A,2000-A
2S0704,ER,S,Ajustes de reservas técnicas,115,2000-A,2000-A
2S0903,ER,S,Recupero de provisión por comparación con valor de mercado,119,2000-A,2000-A
2S1102,ER,S,Otros ingresos (gastos) neto,122,2000-A,2000-A
2S0101,ER,S,Primas de Seguros (Neto),125,2000-A,2005-A
2S0102,ER,S,Reaseguro Aceptado (Neto),126,2000-A,2005-A
2S0103,ER,S,Ajust. de Reservas Técnicas de Primas de Seg. y Reaseg. Aceptadas,127,2000-A,2005-A
2S0201,ER,S,TOTAL PRIMAS NETAS DEL EJERCICIO,128,2000-A,2005-A
2S0202,ER,S,Primas Cedidas Netas,129,2000-A,2005-A
2S0203,ER,S,Ajuste de Reserv. Técnicas de Primas Cedidas.,130,2000-A,2005-A
2S02ST,ER,S,TOTAL PRIMAS CEDIDAS NETAS DEL EJERCICIO,131,2000-A,2005-A
2S0304,ER,S,PRIMAS GANADAS NETAS,132,2001-A,2005-A
2S0305,ER,S,Siniestros de primas de seguros (netos),133,2001-A,2005-A
2S0306,ER,S,Siniestros de reaseguros aceptados (netos),134,2001-A,2005-A
2S0303,ER,S,Siniestros de primas cedidas (netos),135,2000-A,2005-A
2S0401,ER,S,Recuperos y Salvamentos,136,2000-A,2005-A
2S0403,ER,S,SINIESTROS INCURRIDOS (NETOS),137,2001-A,2005-A
2S0404,ER,S,Ajuste de Reservas para Riesgos Catastróficos,138,2001-A,2005-A
2S0601,ER,S,RESULTADO TECNICO BRUTO,139,2000-A,2005-A
2S0602,ER,S,Comisiones sobre Primas de Seguros (netas),140,2001-A,2005-A
2S0603,ER,S,Comisiones sobre Reaseguro Aceptado (netas),141,2001-A,2005-A
2S0604,ER,S,Comisiones de Primas Cedidas (netas),142,2001-A,2005-A
2S0605,ER,S,COMISIONES (NETAS),143,2001-A,2005-A
2S0702,ER,S,Ingresos Técnicos Diversos,144,2000-A,2005-A
2S0703,ER,S,Gastos Técnicos Diversos,145,2000-A,2005-A
2S0801,ER,S,RESULTADO TÉCNICO,146,2000-A,2005-A
2S0901,ER,S,Ingresos de Inversiones y Otros Ingresos Financieros,147,2000-A,2005-A
2S0902,ER,S,Gastos de Inversiones y Financieros.,148,2000-A,2005-A
2S1001,ER,S,Resultado de inversiones,149,2000-A,2005-A
2S1101,ER,S,Gastos de Administración (Neto de Ing. por Serv.),150,2000-A,2005-A
2S1201,ER,S,RESULTADO DE OPERACIÓN,151,2000-A,2005-A
2S1202,ER,S,Ajuste por reducción a valor de mercado,152,2001-A,2005-A
2S1103,ER,S,Resultado por Exposición a la Inflación,153,2000-A,2005-A
2S1203,ER,S,"RESULTADO ANTES DE PARTICIPACION, IMPUESTO A LA RENTA Y PARTIDAS EXTRAORDINARIAS",154,2001-A,2005-A
2S1301,ER,S,Participaciones,155,2000-A,2005-A
2S1302,ER,S,Impuesto a la Renta,156,2000-A,2005-A
2S1401,ER,S,RESULTADO ANTES DE PARTIDAS EXTRAORDINARIAS,157,2000-A,2005-A
2S1501,ER,S,Ingresos (Gastos) Extraordinarios Netos,158,2000-A,2005-A
2S1502,ER,S,Efecto acumulativo de cambios contables,159,2001-A,2005-A
2S1601,ER,S,RESULTADO ANTES DE INTERES MINORITARIO,160,2000-A,2005-A
2S1701,ER,S,Interés Minoritario,161,2000-A,2005-A
2S1801,ER,S,UTILIDAD (PÉRDIDA) NETA DEL EJERCICIO,162,2000-A,2005-A
2S1901,ER,S,Dividendos de acciones Preferentes,163,2000-A,2005-A
2S2001,ER,S,UTILIDAD (PÉRDIDA) NETA ATRIBUIBLE A LOS ACCIONISTAS NO PREFERENTES,164,2000-A,2005-A
2S2101,ER,S,Utilidad (pérdida) básica por acción,165,2000-A,2005-A
2S2102,ER,S,Utilidad (pérdida) diluida por acción,166,2000-A,2005-A
2V01ST,ER,V,Ingresos de actividades ordinarias,225,2013-T1,2026-T2
2V0101,ER,V,Otros Ingresos,226,2015-A,2026-T2
2V0102,ER,V,Total de Ingresos Brutos,227,2015-A,2026-T2
2V0201,ER,V,Costo de Ventas,228,2013-T1,2026-T2
2V0202,ER,V,Otros Costos Operacionales,229,2015-A,2026-T2
2V0203,ER,V,Total Costos Operacionales,230,2015-A,2026-T2
2V02ST,ER,V,Ganancia (Perdida) Bruta,231,2013-T1,2026-T2
2V0302,ER,V,Gastos de Ventas y Distribucion,232,2013-T1,2026-T2
2V0301,ER,V,Gastos de Administracion,233,2013-T1,2026-T2
2V0407,ER,V,Ganancia (Perdida) de la baja en Activos Financieros medidos al Costo Amortizado,234,2013-T1,2026-T2
2V0403,ER,V,Otros Ingresos Operativos,235,2013-T1,2026-T2
2V0905,ER,V,Básica por acción ordinaria en operaciones continuadas,235,2013-T1,2016-T1
2V0404,ER,V,Otros Gastos,236,2013-T1,2026-T2
2V0909,ER,V,Básica por acción ordinaria en operaciones discontinuadas,236,2013-T1,2016-T1
2V0412,ER,V,Otras ganancias (perdidas),237,2013-T1,2026-T2
2V03ST,ER,V,Ganancia (Perdida) por actividades de operacion,238,2013-T1,2026-T2
2V0401,ER,V,Ingresos Financieros,239,2013-T1,2026-T2
2V0911,ER,V,Ganancias (pérdida) básica por acción ordinaria,239,2013-T1,2016-T1
2V0402,ER,V,Gastos Financieros,240,2013-T1,2026-T2
2V0410,ER,V,Diferencias de Cambio neto,241,2013-T1,2026-T2
2V0906,ER,V,Básica por Acción de Inversión en Operaciones Continuadas,241,2013-T1,2016-T1
2V0411,ER,V,Ganancias (pérdidas) que surgen de diferencias entre importes en libros anteriores y el valor razonable de activos financieros reclasificados como medidos al valor razonable,242,2013-T1,2026-T2
2V0910,ER,V,Básica por Acción de Inversión en Operaciones Discontinuadas,242,2013-T1,2016-T1
2V0413,ER,V,Diferencia entre el importe en libros de dividendos pagaderos e importe en libros de activos distribuidos distintos al efectivo,243,2013-T1,2026-T2
2V0912,ER,V,Ganancias (Pérdida) Básica por Acción Inversión,243,2013-T1,2016-T1
2V0414,ER,V,"Otros ingresos (gastos) procedentes de subsidiarias, entidades controladas de forma conjunta y asociadas",244,2013-T1,2026-T2
2V0907,ER,V,Diluida por acción ordinaria en operaciones continuadas,244,2013-T1,2016-T1
2V04ST,ER,V,Resultado antes de Impuesto a las Ganancias,245,2013-T1,2026-T2
2V0913,ER,V,Diluida por acción ordinaria en operaciones discontinuadas,245,2013-T1,2016-T1
2V0505,ER,V,Gastos por beneficios a los empleados,246,2015-A,2026-T2
2V0915,ER,V,Ganancias (pérdida) diluida por acción ordinaria,246,2013-T1,2016-T1
2V0502,ER,V,Gasto por Impuesto a las Ganancias,247,2013-T1,2026-T2
2V0908,ER,V,Diluida por Acción de Inversión en Operaciones Continuadas,247,2013-T1,2016-T1
2V0503,ER,V,Ganancia (Perdida) Neta de Operaciones Continuadas,248,2013-T1,2026-T2
2V0914,ER,V,Diluida por Acción de Inversión en Operaciones Discontinuadas,248,2013-T1,2016-T1
2V0504,ER,V,"Ganancia (perdida) procedente de operaciones discontinuadas, neta del impuesto a las ganancias",249,2013-T1,2026-T2
2V0916,ER,V,Ganancias (Pérdida) Diluida por Acción Inversión,249,2013-T1,2016-T1
2V07ST,ER,V,Ganancia (Perdida) Neta del Ejercicio,250,2013-T1,2026-T2
2V0801,ER,V,Utilidad (p?rdida) b?sica por acción común,251,2015-A,2026-T2
2V0802,ER,V,Utilidad (p?rdida) b?sica por acción de inversión,252,2015-A,2026-T2
2V0803,ER,V,Utilidad (p?rdida) diluida por acción común,253,2015-A,2026-T2
2V0804,ER,V,Utilidad (pérdida) diluida por acción de inversión,254,2015-A,2026-T2
2V0415,ER,V,Ganancias (pérdidas) de cobertura por cobertura de un grupo de partidas con posiciones de riesgo compensadoras,255,2015-A,2026-T2
3A0101,FE,A,Cobranza de comisiones,151,2010-T1,2026-T2
3A0104,FE,A,Otros Cobros de Efectivo Relativos a la Actividad,152,2010-T1,2026-T2
3A0109,FE,A,Proveedores,153,2010-T1,2026-T2
3A0105,FE,A,Remuneraciones y Beneficios Sociales,154,2010-T1,2026-T2
3A0106,FE,A,Tributos y Aportaciones,155,2010-T1,2026-T2
3A0108,FE,A,Otros Pagos de Efectivo Relativos a la Actividad,156,2010-T1,2026-T2
3A01ST,FE,A,Aumento (Disminución) del Efectivo y Equivalente de Efectivo Provenientes de Actividades de Operación,157,2010-T1,2026-T2
3A0201,FE,A,Venta de Valores,158,2010-T1,2026-T2
3A0202,FE,A,"Venta de Intangibles e Inmuebles, Maquinaria y Equipo",159,2010-T1,2026-T2
3A0235,FE,A,Devolución de Encaje,160,2013-T2,2026-T2
3A0204,FE,A,Otros Cobros de Efectivo Relativos a la Actividad,161,2010-T1,2026-T2
3A0220,FE,A,Ampliación de Valores de Encaje,162,2010-T1,2026-T2
3A0205,FE,A,Compra de Valores,163,2010-T1,2026-T2
3A0206,FE,A,"Compra de Intangibles e Inmuebles, Maquinaria y Equipo",164,2010-T1,2026-T2
3A0208,FE,A,Otros Pagos de Efectivo Relativos a la Actividad,165,2010-T1,2026-T2
3A02ST,FE,A,Aumento (Disminución) del Efectivo y Equivalente de Efectivo Provenientes de Actividades de Inversión,166,2010-T1,2026-T2
3A0308,FE,A,Préstamos Bancarios a corto y largo plazo,167,2010-T1,2026-T2
3A0320,FE,A,Préstamos de Vinculadas,168,2010-T1,2026-T2
3A0301,FE,A,Emisión de Acciones o Nuevos Aportes,169,2010-T1,2026-T2
3A0319,FE,A,Recursos provenientes de emisión de títulos valores,170,2010-T1,2026-T2
3A0303,FE,A,Otros Ingresos de Efectivo Relativos a la Actividad,171,2010-T1,2026-T2
3A0315,FE,A,Amortización de Préstamos Bancarios Obtenidos,172,2010-T1,2026-T2
3A0321,FE,A,Amortización de Préstamos de Vinculados,173,2010-T1,2026-T2
3A0212,FE,A,Préstamos a Partes Relacionadas,174,2010-T1,2013-A
3A0305,FE,A,Dividendos y otras Distribuciones,174,2010-T1,2026-T2
3A0306,FE,A,Otros Pagos de Efectivo Relativos a la Actividad,175,2010-T1,2026-T2
3A0307,FE,A,Aumento de Sobregiros Bancarios,175,2010-T1,2013-A
3A0309,FE,A,Venta de Acciones Propias (Acciones en Tesorería),176,2010-T1,2013-A
3A03ST,FE,A,Aumento (Dism) del Efectivo y Equivalente de Efectivo Provenientes de Actividades de Financiación,176,2010-T1,2026-T2
3A0310,FE,A,Recompra de Acciones Propias (Acciones en Tesorería),177,2010-T1,2013-A
3A0401,FE,A,Aumento (Disminución) Neto de Efectivo y Equivalente de Efectivo,177,2010-T1,2026-T2
3A0312,FE,A,Amortización o pago de Sobregiros Bancarios,178,2010-T1,2013-A
3A0402,FE,A,Saldo Efectivo y Equivalente de Efectivo al Inicio del Ejercicio,178,2010-T1,2026-T2
3A0404,FE,A,Efecto de las Diferencias de Cambio del Efectivo y Equivalente de Efectivo,179,2010-T1,2013-A
3A04ST,FE,A,Saldo Efectivo y Equivalente de Efectivo al Finalizar el Periodo,179,2010-T1,2026-T2
3A05ST,FE,A,Utilidad (Pérdida) Neta del Ejercicio,180,2010-T1,2013-A
3A0602,FE,A,Depreciación y Deterioro de Valor del Ejercicio,181,2010-T1,2013-A
3A0604,FE,A,Provisiones,182,2010-T1,2013-A
3A0605,FE,A,"Pérdida en Venta de Inmuebles, Maquinaria y Equipo",183,2010-T1,2013-A
3A0606,FE,A,Pérdida en Venta de Inversiones Financieras,184,2010-T1,2013-A
3A0608,FE,A,Otros,185,2010-T1,2013-A
3A0609,FE,A,Estimación de Cuentas de Cobranza Dudosa,186,2010-T1,2013-A
3A0610,FE,A,Desvalorización de Existencias,187,2010-T1,2013-A
3A0611,FE,A,Gastos Financieros,188,2010-T1,2013-A
3A0614,FE,A,Amortización de Activos Intangibles,189,2010-T1,2013-A
3A0616,FE,A,Amortización de Otros Activos,190,2010-T1,2013-A
3A0618,FE,A,Pérdida en Venta de Activos Intangibles,191,2010-T1,2013-A
3A0620,FE,A,Impuesto a la Renta y Participación de los Trabajadores,192,2010-T1,2013-A
3A0702,FE,A,"Utilidad en Venta de Inmuebles, Maquinaria y Equipo",193,2010-T1,2013-A
3A0703,FE,A,Utilidad en Venta de Inversiones Financieras,194,2010-T1,2013-A
3A0707,FE,A,Utilidad en Venta de Activos Intangibles,195,2010-T1,2013-A
3A0708,FE,A,Impuesto a la Renta y Participación de los Trabajadores,196,2010-T1,2013-A
3A0711,FE,A,Otros,197,2010-T1,2013-A
3A0712,FE,A,Ingresos Financieros,198,2010-T1,2013-A
3A0801,FE,A,(Aumento) Disminución de Cuentas por Cobrar Comerciales,199,2010-T1,2013-A
3A0802,FE,A,(Aumento) Disminución de Otras Cuentas por Cobrar a Partes Relacionadas,200,2010-T1,2013-A
3A0803,FE,A,(Aumento) Disminución de Otras Cuentas por Cobrar,201,2010-T1,2013-A
3A0804,FE,A,(Aumento) Disminución en Existencias,202,2010-T1,2013-A
3A0805,FE,A,(Aumento) Disminución en Gastos Contratados por Anticipado,203,2010-T1,2013-A
3A0806,FE,A,Aumento (Disminución) de Cuentas por Pagar Comerciales,204,2010-T1,2013-A
3A0807,FE,A,Aumento (Disminución) de Otras Cuentas por Pagar a Partes Relacionadas,205,2010-T1,2013-A
3A0809,FE,A,Aumento (Disminución) de Otras Cuentas por Pagar,206,2010-T1,2013-A
3A0815,FE,A,Aumento (Disminución) de Provisiones,207,2010-T1,2013-A
3A0816,FE,A,Aumento (Disminución) de Impuesto a la Renta y Particip. Corrientes,208,2010-T1,2013-A
3A0818,FE,A,(Aumento) Disminución de Otros Activos,209,2010-T1,2013-A
3A0822,FE,A,Diferencia de Cambio,210,2010-T1,2013-A
3A0823,FE,A,Impuesto a la Renta y Participación de los Trabajadores,211,2010-T1,2013-A
3A0825,FE,A,Provisiones,212,2010-T1,2013-A
3A0826,FE,A,Diferencia de Cambio,213,2010-T1,2013-A
3A08ST,FE,A,Aumento (Dism) del Efectivo y Equivalente de Efectivo Provenientes de la Actividad de Operación,214,2010-T1,2013-A
3A0209,FE,A,Préstamos a Partes Relacionadas,215,2010-T1,2013-A
3B0101,FE,B,UTILIDAD (PERDIDA) NETA DEL EJERCICIO,93,2000-A,2005-A
3B0201,FE,B,Depreciación y amortización del período,94,2000-A,2005-A
3B0202,FE,B,Provisión para incobrabilidad de créditos,95,2000-A,2005-A
3B0208,FE,B,Provisión para fluctuación Inversiones,96,2001-A,2005-A
3B0209,FE,B,"Provisión para bienes realizables, recibidos en pago y adjudicados",97,2001-A,2005-A
3B0205,FE,B,Pérdida (utilidad) en venta de inversiones,98,2000-A,2005-A
3B0206,FE,B,"Pérdida (utilidad) en venta de inmuebles, mobiliario y equipo",99,2000-A,2005-A
3B0207,FE,B,Otros,100,2000-A,2005-A
3B0305,FE,B,(Aumento) Disminución en intereses comisiones y otras cuentas por cobrar,101,2001-A,2005-A
3B0306,FE,B,"Aumento (Disminución) en intereses, comisiones y otras cuentas por pagar",102,2001-A,2005-A
3B0303,FE,B,Aumento (Disminución) en otros pasivos,103,2000-A,2005-A
3B0304,FE,B,(Aumento) Disminución en otros activos,104,2000-A,2005-A
3B0401,FE,B,AUMENTO (DISM.) DE EFECTIVO Y EQUIVALENTE PROVENIENTE DE LAS ACTIVIDADES DE OPERACIÓN,105,2000-A,2005-A
3B0501,FE,B,"Ingreso por venta de inmuebles, mobiliario y equipo",106,2000-A,2005-A
3B0502,FE,B,Ingreso por ventas de otros activos no financieros,107,2000-A,2005-A
3B0503,FE,B,"Pago por compra de inmuebles, mobiliario y equipo",108,2000-A,2005-A
3B0504,FE,B,Pago por compra de otros activos no financieros,109,2000-A,2005-A
3B0601,FE,B,AUMENTO (DISM.) DE EFECTIVO Y EQUIVALENTE PROVENIENTE DE LAS ACTIVIDADES DE INVERSIÓN,110,2000-A,2005-A
3B0701,FE,B,Aumento (Disminución) neto de obligaciones con el público y depósitos,111,2000-A,2005-A
3B0710,FE,B,Aumento (Disminución) neto de fondos interbancarios,112,2001-A,2005-A
3B0711,FE,B,Aumento (Disminución) neto de adeudos y obligaciones financieras,113,2001-A,2005-A
3B0712,FE,B,Aumento (Disminución) neto de cuentas por pagar,114,2001-A,2005-A
3B0713,FE,B,Aumento (Disminución) neto de otros pasivos financieros,115,2001-A,2005-A
3B0704,FE,B,Aumento (Disminución) del capital y capital adicional,116,2000-A,2005-A
3B0714,FE,B,(Aumento) Disminución neto en la cartera de créditos,117,2001-A,2005-A
3B0715,FE,B,(Aumento) Disminución neto de cuentas por cobrar,118,2001-A,2005-A
3B0706,FE,B,(Aumento) Disminución neto de inversiones,119,2000-A,2005-A
3B0708,FE,B,Dividendos recibidos (pagados),120,2000-A,2005-A
3B0716,FE,B,"Aumento (Disminución) neto por emisión de valores, títulos y obligaciones en circulación",121,2001-A,2005-A
3B0709,FE,B,(Aumento)Disminución de otros activos financieros,122,2000-A,2005-A
3B0801,FE,B,AUMENTO (DISM.) DE EFECTIVO Y EQUIVALENTE PROVENIENTE DE LAS ACTIVIDADES DE FINANCIAMIENTO,123,2000-A,2005-A
3B0901,FE,B,AUMENTO (DISM.) NETO DE EFECTIVO Y EQUIVALENTE,124,2000-A,2005-A
3B1001,FE,B,SALDO EFECTIVO Y EQUIVALENTE AL INICIO DEL EJERCICIO,125,2000-A,2005-A
3B1101,FE,B,EFECTIVO Y EQUIVALENTE AL FINALIZAR EL EJERCICIO,126,2000-A,2005-A
3B1201,FE,B,Ajuste de ejercicios anteriores,127,2002-A,2005-A
3B1202,FE,B,Bienes adquiridos en operaciones de arrendamiento financiero,128,2002-A,2005-A
3B1203,FE,B,Compensación de pasivos corrientes,129,2002-A,2005-A
3B1204,FE,B,Compensación de pasivos no corrientes,130,2002-A,2005-A
3B1205,FE,B,Capitalización de acreencias u obligaciones,131,2002-A,2005-A
3B1206,FE,B,Revaluación de activos,132,2002-A,2005-A
3B1207,FE,B,Aportes de capital en bienes,133,2002-A,2005-A
3B0702,FE,B,Aumento (Disminución) neto de préstamos provenientes de Bancos y Corresponsales,189,2000-A,2002-A
3B0707,FE,B,(Aumento) Disminución neto de préstamos entre bancos y corresponsales,190,2000-A,2002-A
3B0302,FE,B,Aumento (Disminución) en otras cuentas por pagar,191,2000-A,2002-A
3B0703,FE,B,Aumento (Disminución) neto de otros pasivos dinancieros,192,2000-A,2002-A
3B0204,FE,B,Otras Provisiones,193,2000-A,2002-A
3B0203,FE,B,Provisión para fluctuación de Inversiones y desvalorización de bienes adjudicados,194,2000-A,2002-A
3B0705,FE,B,(Aumento) Disminución neto en la cartera de créditos,195,2000-A,2002-A
3B0301,FE,B,(Aumento) Disminución en otras cuentas por cobrar,196,2000-A,2002-A
3C0114,FE,C,Dividendos (no incluidos en la actividad de inversión),208,2006-T1,2006-T4
3C0216,FE,C,Otros activos financieros,226,2006-T1,2006-T4
3C0302,FE,C,Recursos obtenidos por emisión de valores u otras obligac. Largo plazo,226,2004-T2,2005-A
3C0217,FE,C,Otros activos no financieros,227,2006-T1,2006-T4
3C0304,FE,C,Amortización o cancelación de valores u otras obligaciones de largo plazo,230,2004-T2,2005-A
3C0314,FE,C,Emisión de obligaciones financieras,231,2006-T1,2006-T4
3C0313,FE,C,Amortización o pago de préstamos bancarios,235,2004-T2,2006-T4
3C0403,FE,C,Resultado por Exposición a la Inflación,238,2004-T2,2005-A
3C0316,FE,C,Dividendos pagados a intereses minoritarios,240,2006-T1,2006-T4
3C0317,FE,C,Diferencias de conversión,241,2006-T1,2006-T4
3C0601,FE,C,Ajustes a la Utilidad (Pérdida) del Ejercicio,248,2004-T2,2006-T4
3C0612,FE,C,Depreciación del ejercicio,252,2004-T2,2006-T4
3C0613,FE,C,Desvalorización de activos,253,2004-T2,2006-T4
3C0615,FE,C,Provisión para protección del medio ambiente,255,2004-T2,2006-T4
3C0607,FE,C,Pérdida por activos monetarios no corrientes,258,2004-T2,2005-A
3C0622,FE,C,Pérdida por aplicación del valor razonable,263,2006-T1,2006-T4
3C0621,FE,C,Efecto acumulado por cambios en las políticas contables,265,2004-T2,2006-T4
3C0704,FE,C,Resultado por Exposición a la Inflación,265,2004-T2,2005-A
3C0701,FE,C,Ajustes a la Utilidad (Pérdida) del Ejercicio,267,2004-T2,2006-T4
3C0705,FE,C,Ganancia por pasivos monetarios no corrientes,267,2004-T2,2005-A
3C0101,FE,C,Venta de Bienes o Servicios (Ingresos Operacionales),269,2004-T2,2014-A
3C0110,FE,C,Honorarios y Comisiones,270,2004-T2,2014-A
3C0103,FE,C,Intereses y Rendimientos (no incluidos en la Actividad de Inversión),271,2004-T2,2014-A
3C0111,FE,C,Dividendos (no incluidos en la Actividad de Inversión),272,2004-T2,2014-A
3C0112,FE,C,Regalías,273,2004-T2,2014-A
3C0104,FE,C,Otros Cobros de Efectivo Relativos a la Actividad,274,2004-T2,2014-A
3C0109,FE,C,Proveedores de Bienes y Servicios,275,2004-T2,2014-A
3C0710,FE,C,Efecto acumulado por cambios en las políticas contables,275,2004-T2,2006-T4
3C0105,FE,C,Remuneraciones y Beneficios Sociales,276,2004-T2,2014-A
3C0106,FE,C,Tributos,277,2004-T2,2014-A
3C0812,FE,C,(Aumento) Disminución de Activos financieros a valor razonable a través de ganancias y pérdidas,277,2006-T1,2006-T4
3C0107,FE,C,Intereses y Rendimientos (no incluidos en la Actividad de Financiación),278,2004-T2,2014-A
3C0819,FE,C,(Aumento) Disminución de Activos disponibles para la venta,278,2006-T1,2006-T4
3C0113,FE,C,Regalías,279,2004-T2,2014-A
3C0810,FE,C,(Aumento) Disminución de Activos por Instrumentos Financieros Derivados,279,2004-T2,2006-T4
3C0108,FE,C,Otros Pagos de Efectivo Relativos a la Actividad,280,2004-T2,2014-A
3C01ST,FE,C,Aumento (Disminución) del Efectivo y Equivalente de Efectivo Provenientes de Actividades de Operación,281,2004-T2,2014-A
3C0209,FE,C,Prestamos a Partes Relacionadas,282,2004-T2,2014-A
3C0218,FE,C,Venta de Subsidiarias y otras Unidades de Negocios,283,2006-A,2014-A
3C0201,FE,C,Venta de Inversiones Financieras,284,2004-T2,2014-A
3C0213,FE,C,Venta de Inversiones Inmobiliarias,285,2006-T1,2014-A
3C0202,FE,C,"Venta de Inmuebles, Maquinaria y Equipo",286,2004-T2,2014-A
3C0203,FE,C,Venta de Activos Intangibles,287,2004-T2,2014-A
3C0210,FE,C,Intereses y Rendimientos,288,2004-T2,2014-A
3C0814,FE,C,Aumento (Disminución) de Obligaciones Financieras,288,2006-T1,2006-T4
3C0211,FE,C,Dividendos,289,2004-T2,2014-A
3C0204,FE,C,Otros Cobros de Efectivo Relativos a la Actividad,290,2004-T2,2014-A
3C0212,FE,C,Prestamos a Partes Relacionadas,291,2004-T2,2014-A
3C0219,FE,C,Compra de Subsidiarias y otras Unidades de Negocios,292,2006-A,2014-A
3C0205,FE,C,Compra de Inversiones Financieras,293,2004-T2,2014-A
3C0214,FE,C,Compra de Inversiones Inmobiliarias,294,2006-T1,2014-A
3C0811,FE,C,Aumento (Disminución) de Pasivos por Instrumentos Financieros Derivados,294,2004-T2,2006-T4
3C0206,FE,C,"Compra de Inmuebles, Maquinaria y Equipo",295,2004-T2,2014-A
3C0215,FE,C,"Desembolsos por Obras en Curso de Inmuebles, Maquinaria y Equipo",296,2006-T1,2014-A
3C0901,FE,C,Ajuste de ejercicios anteriores,296,2004-T2,2006-T4
3C0207,FE,C,Compra y desarrollo de Activos Intangibles,297,2004-T2,2014-A
3C0902,FE,C,Bienes adquiridos en operaciones de arrendamiento financiero,297,2004-T2,2006-T4
3C0208,FE,C,Otros Pagos de Efectivo Relativos a la Actividad,298,2004-T2,2014-A
3C0903,FE,C,Compensación de pasivos corrientes,298,2004-T2,2006-T4
3C02ST,FE,C,Aumento (Disminución) del Efectivo y Equivalente de Efectivo Provenientes de Actividades de Inversión,299,2004-T2,2014-A
3C0904,FE,C,Compensación de pasivos no corrientes,299,2004-T2,2006-T4
3C0307,FE,C,Aumento de Sobregiros Bancarios,300,2004-T2,2014-A
3C0905,FE,C,Capitalización de acreencias u obligaciones,300,2004-T2,2006-T4
3C0308,FE,C,Emisión y aceptación de Obligaciones Financieras,301,2004-T2,2014-A
3C0906,FE,C,Revaluación de activos,301,2004-T2,2006-T4
3C0301,FE,C,Emisión de Acciones o Nuevos Aportes,302,2004-T2,2014-A
3C0907,FE,C,Aportes de capital en bienes,302,2004-T2,2006-T4
3C0309,FE,C,Venta de Acciones Propias (Acciones en Tesorería),303,2004-T2,2014-A
3C0303,FE,C,Otros Cobros de Efectivo Relativos a la Actividad,304,2004-T2,2014-A
3C0312,FE,C,Amortización o pago de Sobregiros Bancarios,305,2004-T2,2014-A
3C0315,FE,C,Amortización o pago de Obligaciones Financieras,306,2006-T1,2014-A
3C0310,FE,C,Recompra de Acciones Propias (Acciones en Tesorería),307,2004-T2,2014-A
3C0311,FE,C,Intereses y Rendimientos,308,2004-T2,2014-A
3C0305,FE,C,Dividendos Pagados,309,2004-T2,2014-A
3C0306,FE,C,Otros Pagos de Efectivo Relativos a la Actividad,310,2004-T2,2014-A
3C03ST,FE,C,Aumento (Dism) del Efectivo y Equivalente de Efectivo Provenientes de Actividades de Financiación,311,2004-T2,2014-A
3C0401,FE,C,Aumento (Disminución) Neto de Efectivo y Equivalente de Efectivo,312,2004-T2,2014-A
3C0402,FE,C,Saldo Efectivo y Equivalente de Efectivo al Inicio del Ejercicio,313,2004-T2,2014-A
3C0404,FE,C,Efecto de las Diferencias de Cambio del Efectivo y Equivalente de Efectivo,314,2006-A,2014-A
3C04ST,FE,C,Saldo Efectivo y Equivalente de Efectivo al Finalizar el Ejercicio,315,2004-T2,2014-A
3C05ST,FE,C,Utilidad (Pérdida) Neta del Ejercicio,322,2004-T2,2012-T4
3C0609,FE,C,Estimación de Cuentas de Cobranza Dudosa,323,2004-T2,2012-T4
3C0610,FE,C,Desvalorización de Existencias,324,2004-T2,2012-T4
3C0623,FE,C,Fluctuación del Valor de Activos Biológicos,325,2006-A,2012-T4
3C0602,FE,C,Depreciación y Deterioro de Valor del Ejercicio,326,2006-A,2012-T4
3C0614,FE,C,Amortización de Activos Intangibles,327,2004-T2,2012-T4
3C0616,FE,C,Amortización de Otros Activos,328,2004-T2,2012-T4
3C0604,FE,C,Provisiones,329,2004-T2,2012-T4
3C0606,FE,C,Pérdida en Venta de Inversiones Financieras,330,2004-T2,2012-T4
3C0624,FE,C,Pérdida por Instrumentos Financieros Derivados,331,2006-A,2012-T4
3C0617,FE,C,Pérdida en Venta de Inversiones Inmobiliarias,332,2004-T2,2012-T4
3C0605,FE,C,"Pérdida en Venta de Inmuebles, Maquinaria y Equipo",333,2004-T2,2012-T4
3C0618,FE,C,Pérdida en Venta de Activos Intangibles,334,2004-T2,2012-T4
3C0611,FE,C,Gastos Financieros,335,2004-T2,2012-T4
3C0619,FE,C,Participación en los Resultados de Partes Relacionadas (neta de dividendos recibidos en efectivo),336,2004-T2,2012-T4
3C0620,FE,C,Impuesto a la Renta y Participación de los Trabajadores,337,2004-T2,2012-T4
3C0608,FE,C,Otros,338,2004-T2,2012-T4
3C0625,FE,C,Fluctuación del Valor de Activos Biológicos,339,2006-A,2012-T4
3C0703,FE,C,Utilidad en Venta de Inversiones Financieras,340,2004-T2,2012-T4
3C0626,FE,C,Ganancia por Instrumentos Financieros Derivados,341,2006-A,2012-T4
3C0706,FE,C,Utilidad en Venta de Inversiones Inmobiliarias,342,2004-T2,2012-T4
3C0702,FE,C,"Utilidad en Venta de Inmuebles, Maquinaria y Equipo",343,2004-T2,2012-T4
3C0707,FE,C,Utilidad en Venta de Activos Intangibles,344,2004-T2,2012-T4
3C0712,FE,C,Ingresos Financieros,345,2006-T1,2012-T4
3C0709,FE,C,Participación en los Resultados de Partes Relacionadas (neta de dividendos recibidos en efectivo),346,2004-T2,2012-T4
3C0708,FE,C,Impuesto a la Renta y Participación de los Trabajadores,347,2004-T2,2012-T4
3C0711,FE,C,Otros,348,2004-T2,2012-T4
3C0801,FE,C,(Aumento) Disminución de Cuentas por Cobrar Comerciales,349,2004-T2,2012-T4
3C0802,FE,C,(Aumento) Disminución de Cuentas por Cobrar a Partes Relacionadas,350,2004-T2,2012-T4
3C0803,FE,C,(Aumento) Disminución de Otras Cuentas por Cobrar,351,2004-T2,2012-T4
3C0804,FE,C,(Aumento) Disminución en Existencias,352,2004-T2,2012-T4
3C0813,FE,C,(Aumento) Disminución en Activos Biológicos,353,2006-T1,2012-T4
3C0817,FE,C,(Aumento) Disminución de Activos no Corrientes mantenidos para la Venta,354,2006-T1,2012-T4
3C0805,FE,C,(Aumento) Disminución en Gastos Diferidos,355,2004-T2,2012-T4
3C0818,FE,C,(Aumento) Disminución de Otros Activos,356,2006-T1,2012-T4
3C0806,FE,C,Aumento (Disminución) de Cuentas por Pagar Comerciales,357,2004-T2,2012-T4
3C0807,FE,C,Aumento (Disminución) de Cuentas por Pagar a Partes Relacionadas,358,2004-T2,2012-T4
3C0816,FE,C,Aumento (Disminución) de Impuesto a la Renta y Particip. Corrientes,359,2006-T1,2012-T4
3C0809,FE,C,Aumento (Disminución) de Otras Cuentas por Pagar,360,2004-T2,2012-T4
3C0815,FE,C,Aumento (Disminución) de Provisiones,361,2006-T1,2012-T4
3C0827,FE,C,Aumento (Disminución) de Pasivos mantenidos para la Venta,362,2006-A,2012-T4
3C0820,FE,C,Intereses y Rendimientos (no incluidos en la Actividad de Inversión),363,2006-A,2012-T4
3C0821,FE,C,Dividendos (no incluidos en la Actividad de Inversión),364,2006-A,2012-T4
3C0822,FE,C,Diferencia de Cambio,365,2006-A,2012-T4
3C0823,FE,C,Impuesto a la Renta y Participación de los Trabajadores,366,2006-A,2012-T4
3C0824,FE,C,Intereses y Rendimientos (no incluidos en la Actividad de Financiación),367,2006-A,2012-T4
3C0825,FE,C,Provisiones,368,2006-A,2012-T4
3C0826,FE,C,Diferencia de Cambio,369,2006-A,2012-T4
3C08ST,FE,C,Aumento (Dism) del Efectivo y Equivalente de Efectivo Provenientes de la Actividad de Operación,370,2004-T2,2012-T4
3D0101,FE,D,Venta de Bienes y Prestación de Servicios,0,2000-T1,2026-T2
3D0112,FE,D,"Regalías, Cuotas, Comisiones, Otros Ingresos de Actividades Ordinarias",1,2002-A,2026-T2
3D0110,FE,D,Contratos Mantenidos con Propósito de Intermediación o para Negociar,2,2002-A,2026-T2
3D0117,FE,D,Arrendamiento y Posterior Venta de Activos Mantenidos para Arrendar a Terceros,3,2012-A,2026-T2
3D0104,FE,D,Otros Cobros de Efectivo Relativos a las Actividades de Operación,4,2000-T1,2026-T2
3D0115,FE,D,Reembolso de Impuestos a las Ganancias,4,2010-A,2012-T4
3D0109,FE,D,Proveedores de Bienes y Servicios,5,2000-T1,2026-T2
3D0118,FE,D,Contratos Mantenidos con Propósito de Intermediación o para Negociar,6,2012-A,2026-T2
3D0105,FE,D,Pagos a y por Cuenta de los Empleados,7,2000-T1,2026-T2
3D0119,FE,D,Elaboración o Adquisición de Activos para Arrendar y Otros Mantenidos para la Venta,8,2012-A,2026-T2
3D0106,FE,D,Impuestos a las Ganancias,9,2000-T1,2012-T4
3D0108,FE,D,Otros Pagos de Efectivo Relativos a las Actividades de Operación,9,2000-T1,2026-T2
3D0121,FE,D,Flujos de Efectivo y Equivalente al Efectivo procedente de (utilizados en) Operaciones,10,2012-A,2026-T2
3D0103,FE,D,Intereses Recibidos (no incluidos en la Actividad de Inversión),11,2000-T1,2026-T2
3D0107,FE,D,Intereses Pagados (no incluidos en la Actividad de Financiación),12,2000-T1,2026-T2
3D0113,FE,D,Regalías,12,2002-A,2012-T4
3D0111,FE,D,Dividendos Recibidos (no incluidos en la Actividad de Inversión),13,2002-A,2026-T2
3D0116,FE,D,Dividendos Pagados (no incluidos en la Actividad de Financiación),14,2010-A,2026-T2
3D0120,FE,D,Impuestos a las Ganancias (Pagados) Reembolsados,15,2012-A,2026-T2
3D0122,FE,D,Otros Cobros (Pagos) de Efectivo,16,2012-A,2026-T2
3D01ST,FE,D,Flujos de Efectivo y Equivalente al Efectivo procedente de (utilizados en) Actividades de Operación,17,2000-T1,2026-T2
3D0220,FE,D,Reembolso de Adelantos de Préstamos y Préstamos Concedidos a Terceros,18,2010-A,2026-T2
3D0218,FE,D,Pérdida de Control de Subsidiarias u Otros Negocios,19,2006-A,2026-T2
3D0209,FE,D,Reembolsos Recibidos de Préstamos a Entidades Relacionadas,20,2002-A,2026-T2
3D0201,FE,D,Venta de Instrumentos Financieros de Patrimonio o Deuda de Otras Entidades,21,2000-T1,2026-T2
3D0213,FE,D,Venta de Propiedades de Inversión,21,2006-T1,2012-T4
3D0221,FE,D,"Contratos Derivados (Futuro, a Término, Opciones)",22,2010-A,2026-T2
3D0222,FE,D,"Venta de Participaciones en Negocios Conjuntos, Neto Del Efectivo Desapropiado",23,2010-A,2026-T2
3D0202,FE,D,"Venta de Propiedades, Planta y Equipo",24,2000-T1,2026-T2
3D0203,FE,D,Venta de Activos Intangibles,25,2000-T1,2026-T2
3D0223,FE,D,Venta de Otros Activos de Largo Plazo,26,2010-A,2026-T2
3D0224,FE,D,Reembolso de Impuestos a las Ganancias,27,2010-A,2012-T4
3D0231,FE,D,Subvenciones del Gobierno,27,2012-A,2026-T2
3D0204,FE,D,Otros Cobros de Efectivo Relativos a la Actividad de Inversión,28,2000-T1,2012-T4
3D0210,FE,D,Intereses Recibidos,28,2002-A,2026-T2
3D0211,FE,D,Dividendos Recibidos,29,2002-A,2026-T2
3D0225,FE,D,Préstamos Concedidos a Terceros,30,2010-A,2026-T2
3D0302,FE,D,Recursos obtenidos por emisión de valores u otras obligac. Largo plazo,30,2000-T1,2005-A
3D0232,FE,D,Obtener el Control de Subsidiarias u Otros Negocios,31,2012-A,2026-T2
3D0212,FE,D,Prestamos Concedidos a Entidades Relacionadas,32,2002-A,2026-T2
3D0205,FE,D,Compra de Instrumentos Financieros de Patrimonio o Deuda de Otras Entidades,33,2000-T1,2026-T2
3D0226,FE,D,"Contratos Derivados (Futuro, a Término, Opciones)",34,2010-A,2026-T2
3D0304,FE,D,Amortización o cancelación de valores u otras obligaciones de largo plazo,34,2000-T1,2005-A
3D0219,FE,D,"Compra de Subsidiarias, Neto del Efectivo Adquirido",35,2006-A,2026-T2
3D0228,FE,D,Compra de Participaciones no Controladoras,35,2010-A,2012-T4
3D0214,FE,D,Compra de Propiedades de Inversión,36,2006-T1,2012-T4
3D0227,FE,D,"Compra de Participaciones en Negocios Conjuntos, Neto del Efectivo Adquirido",36,2010-A,2026-T2
3D0206,FE,D,"Compra de Propiedades, Planta y Equipo",37,2000-T1,2026-T2
3D0207,FE,D,Compra de Activos Intangibles,38,2000-T1,2026-T2
3D0215,FE,D,"Desembolsos por Obras en Curso de Propiedades, Planta y Equipo",38,2006-T1,2012-T4
3D0229,FE,D,Compra de Otros Activos de Largo Plazo,39,2010-A,2026-T2
3D0233,FE,D,Impuestos a las Ganancias (Pagados) Reembolsados,40,2012-A,2026-T2
3D0230,FE,D,Impuestos a las Ganancias,41,2010-A,2012-T4
3D0234,FE,D,Otros Cobros (Pagos) de Efectivo Relativos a las Actividades de Inversión,41,2012-A,2026-T2
3D0208,FE,D,Otros Pagos de Efectivo Relativos a la Actividad de Inversión,42,2000-T1,2012-T4
3D02ST,FE,D,Flujos de Efectivo y Equivalente al Efectivo procedente de (utilizados en) Actividades de Inversión,42,2000-T1,2026-T2
3D0403,FE,D,Resultado por Exposición a la Inflación,42,2000-T1,2005-A
3D0325,FE,D,Obtención de Préstamos,43,2012-A,2026-T2
3D0307,FE,D,Obtención de Préstamos de Corto Plazo,44,2002-A,2012-T4
3D0319,FE,D,Préstamos de Entidades Relacionadas,44,2010-A,2026-T2
3D0308,FE,D,Obtención de Préstamos de Largo Plazo,45,2002-A,2012-T4
3D0326,FE,D,Cambios en las Participaciones en la Propiedad de Subsidiarias que no Resultan en Pérdida de Control,45,2012-A,2026-T2
3D0327,FE,D,Emisión de Acciones,46,2012-A,2026-T2
3D0301,FE,D,Emisión de Acciones y Otros Instrumentos de Patrimonio,47,2000-T1,2012-T4
3D0328,FE,D,Emisión de Otros Instrumentos de Patrimonio,47,2012-A,2026-T2
3D0309,FE,D,Venta de Acciones Propias en Cartera,48,2002-A,2012-T4
3D0329,FE,D,Subvenciones del Gobierno,48,2012-A,2026-T2
3D0320,FE,D,Reembolso de Impuestos a las Ganancias,49,2010-A,2012-T4
3D0330,FE,D,Amortización o Pago de Préstamos,49,2012-A,2026-T2
3D0303,FE,D,Otros Cobros de Efectivo Relativos a la Actividad de Financiación,50,2000-T1,2012-T4
3D0322,FE,D,Pasivos por Arrendamiento Financiero,50,2010-A,2026-T2
3D0312,FE,D,Amortización o pago de Préstamos a Corto Plazo,51,2002-A,2012-T4
3D0321,FE,D,Préstamos de Entidades Relacionadas,51,2010-A,2026-T2
3D0315,FE,D,Amortización o pago de Préstamos a Largo Plazo,52,2006-T1,2012-T4
3D0331,FE,D,Cambios en las Participaciones en la Propiedad de Subsidiarias que no Resultan en Pérdida de Control,52,2012-A,2026-T2
3D0310,FE,D,Recompra o Rescate de Acciones de la Entidad (Acciones en Cartera),53,2002-A,2026-T2
3D0323,FE,D,Adquisición de Otras Participaciones en el Patrimonio,54,2010-A,2026-T2
3D0311,FE,D,Intereses Pagados,55,2002-A,2026-T2
3D0305,FE,D,Dividendos Pagados,56,2000-T1,2026-T2
3D0332,FE,D,Impuestos a las Ganancias (Pagados) Reembolsados,57,2012-A,2026-T2
3D0333,FE,D,Otros Cobros (Pagos) de Efectivo Relativos a las Actividades de Financiación,58,2012-A,2026-T2
3D0324,FE,D,Impuestos a las Ganancias,59,2010-A,2012-T4
3D03ST,FE,D,Flujos de Efectivo y Equivalente al Efectivo procedente de (utilizados en) Actividades de Financiación,59,2000-T1,2026-T2
3D0306,FE,D,Otros Pagos de Efectivo Relativos a la Actividad de Financiación,60,2000-T1,2012-T4
3D0401,FE,D,"Aumento (Disminución) Neto de Efectivo y Equivalente al Efectivo, antes de las Variaciones en las Tasas de Cambio",60,2000-T1,2026-T2
3D0404,FE,D,Efectos de las Variaciones en las Tasas de Cambio sobre el Efectivo y Equivalentes al Efectivo,61,2006-A,2026-T2
3D0405,FE,D,Aumento (Disminución) Neto de Efectivo y Equivalente al Efectivo,62,2010-A,2026-T2
3D0607,FE,D,Pérdida por activos monetarios no corrientes,62,2000-T1,2005-A
3D0402,FE,D,Efectivo y Equivalente al Efectivo al Inicio del Ejercicio,63,2000-T1,2026-T2
3D04ST,FE,D,Efectivo y Equivalente al Efectivo al Finalizar el Ejercicio,64,2000-T1,2026-T2
3D05ST,FE,D,Ganancia (Pérdida) Neta del Ejercicio,65,2000-T1,2026-T2
3D0611,FE,D,Gasto por Intereses,66,2002-A,2026-T2
3D0627,FE,D,Ingreso por Intereses,67,2010-A,2026-T2
3D0628,FE,D,Ingreso por Dividendos,68,2010-A,2026-T2
3D0629,FE,D,Pérdida (Ganancia) por Diferencias de Cambio no Realizadas,69,2010-A,2026-T2
3D0704,FE,D,Resultado por Exposición a la Inflación,69,2000-T1,2005-A
3D0620,FE,D,Gasto por Impuestos a las Ganancias,70,2002-A,2026-T2
3D0619,FE,D,"Ganancias (Pérdidas) no Distribuidas de Subsidiarias, Asociadas y Negocios Conjuntos",71,2002-A,2026-T2
3D0705,FE,D,Ganancia por pasivos monetarios no corrientes,71,2000-T1,2005-A
3D0636,FE,D,Pagos Basados en Acciones,72,2016-A,2026-T2
3D0610,FE,D,Pérdidas por Deterioro de Valor (Reversiones de Valor) Reconocidas en el Resultado del Ejercicio,73,2002-A,2026-T2
3D0602,FE,D,"Depreciación, Amortización y Agotamiento",74,2000-T1,2026-T2
3D0630,FE,D,Participaciones no Controladoras,74,2010-A,2012-T4
3D0631,FE,D,Pérdidas (Ganancias) por Valor Razonable,75,2010-A,2026-T2
3D0623,FE,D,Pérdidas (Ganancias) de Valor Razonable No Realizada sobre Activos Biológicos,76,2006-A,2012-T4
3D0632,FE,D,Pérdida (Ganancias) por la Disposición de Activos no Corrientes Mantenidas para la Venta,76,2010-A,2026-T2
3D0634,FE,D,Diferencia entre el Importe en Libros de los Activos Distribuidos y el Importe en Libros del Dividendo a Pagar,77,2012-A,2026-T2
3D0635,FE,D,Pérdida (Ganancia) en Venta de Propiedades de Inversión,78,2012-A,2026-T2
3D0605,FE,D,"Pérdida (Ganancia) en Venta de Propiedades, Planta y Equipo",79,2000-T1,2026-T2
3D0618,FE,D,Pérdida (Ganancia) en Venta de Activos Intangibles,80,2002-A,2026-T2
3D0633,FE,D,Ganancia (Pérdida) por Desapropiación de Otros Activos Financieros y Otros Pasivos Financieros,80,2010-A,2012-T4
3D0617,FE,D,Pérdida (Ganancia) en Venta de Propiedades de Inversión,81,2002-A,2012-T4
3D0836,FE,D,Otros Ajustes por Partidas Distintas al Efectivo,81,2016-A,2026-T2
3D0801,FE,D,(Aumento) Disminución de Cuentas por Cobrar Comerciales,82,2000-T1,2026-T2
3D0803,FE,D,(Aumento) Disminución de Otras Cuentas por Cobrar,83,2000-T1,2026-T2
3D0804,FE,D,(Aumento) Disminución en Inventarios,84,2000-T1,2026-T2
3D0813,FE,D,(Aumento) Disminución en Activos Biológicos,85,2006-T1,2026-T2
3D0818,FE,D,(Aumento) Disminución de Otros Activos no Financieros,86,2006-T1,2026-T2
3D0806,FE,D,Aumento (Disminución) de Cuentas por Pagar Comerciales,87,2000-T1,2026-T2
3D0809,FE,D,Aumento (Disminución) de Otras Cuentas por Pagar,88,2000-T1,2026-T2
3D0805,FE,D,(Aumento) Disminución en Gastos Pagados por Anticipado,89,2000-T1,2012-T4
3D0829,FE,D,Aumento (Disminución) de Provisión por Beneficios a los Empleados,89,2010-A,2026-T2
3D0815,FE,D,Aumento (Disminución) de Otras Provisiones,90,2006-T1,2026-T2
3D0608,FE,D,Otros Ajustes para Conciliar la Ganancia (Pérdida) del Ejercicio,91,2000-T1,2026-T2
3D0837,FE,D,Otros Ajustes para los que los Efectos sobre el Efectivo son Flujos de Efectivo de Inversión o Financiamiento,92,2016-A,2026-T2
3D0830,FE,D,Total de Ajustes por Conciliación de Ganancias (Pérdidas),93,2010-A,2026-T2
3D0102,FE,D,"Cobranza de regalías, honorarios, comisiones y otros",94,2000-T1,2002-A
3D0603,FE,D,Provisión Beneficios Sociales,95,2000-T1,2002-A
3D0831,FE,D,Reembolso de Impuestos a las Ganancias,96,2010-A,2012-T4
3D0903,FE,D,Compensación de pasivos corrientes,96,2002-A,2006-A
3D0820,FE,D,Intereses y Rendimientos Recibidos (no incluidos en la Actividad de Inversión),97,2006-A,2012-T4
3D0904,FE,D,Compensación de pasivos no corrientes,97,2002-A,2006-A
3D0821,FE,D,Dividendos Recibidos (no incluidos en la Actividad de Inversión),98,2006-A,2012-T4
3D0905,FE,D,Capitalización de acreencias u obligaciones,98,2002-A,2006-A
3D0823,FE,D,Impuestos a las Ganancias,99,2006-A,2012-T4
3D0906,FE,D,Revaluación de activos,99,2002-A,2006-A
3D0824,FE,D,Intereses y Rendimientos (no incluidos en la Actividad de Financiación),100,2006-A,2012-T4
3D0907,FE,D,Aportes de capital en bienes,100,2002-A,2006-A
3D0612,FE,D,Depreciación del ejercicio,101,2002-A,2006-A
3D0832,FE,D,Dividendos (no incluidos en la Actividad de Financiación),101,2010-A,2012-T4
3D0613,FE,D,Desvalorización de activos,102,2002-A,2006-A
3D08ST,FE,D,Flujos de Efectivo y Equivalente al Efectivo Procedente de (Utilizados en) Actividades de Operación,102,2000-T1,2012-T4
3D0615,FE,D,Provisión para protección del medio ambiente,103,2002-A,2006-A
3D0621,FE,D,Efecto acumulado por cambios en las políticas contables,104,2002-A,2006-A
3D0622,FE,D,Pérdida por aplicación del valor razonable,105,2006-T1,2006-A
3D0701,FE,D,Ajustes a la Utilidad (Pérdida) del Ejercicio,106,2000-T1,2006-A
3D0710,FE,D,Efecto acumulado por cambios en las políticas contables,107,2002-A,2006-A
3D0810,FE,D,(Aumento) Disminución de Activos por Instrumentos Financieros Derivados,108,2002-A,2006-A
3D0811,FE,D,Aumento (Disminución) de Pasivos por Instrumentos Financieros Derivados,109,2002-A,2006-A
3D0812,FE,D,(Aumento) Disminución de Activos financieros a valor razonable a través de ganancias y pérdidas,110,2006-T1,2006-A
3D0814,FE,D,Aumento (Disminución) de Obligaciones Financieras,111,2006-T1,2006-A
3D0114,FE,D,Dividendos (no incluidos en la actividad de inversión),112,2006-T1,2006-A
3D0216,FE,D,Otros activos financieros,113,2006-T1,2006-A
3D0217,FE,D,Otros activos no financieros,114,2006-T1,2006-A
3D0313,FE,D,Amortización o pago de préstamos bancarios,115,2002-A,2006-A
3D0314,FE,D,Emisión de obligaciones financieras,116,2006-T1,2006-A
3D0317,FE,D,Diferencias de conversión,118,2006-T1,2006-A
3D0601,FE,D,Ajustes a la Utilidad (Pérdida) del Ejercicio,119,2000-T1,2006-A
3D0819,FE,D,(Aumento) Disminución de Activos disponibles para la venta,120,2006-T1,2006-A
3D0901,FE,D,Ajuste de ejercicios anteriores,121,2002-A,2006-A
3D0902,FE,D,Bienes adquiridos en operaciones de arrendamiento financiero,122,2002-A,2006-A
3D0316,FE,D,Dividendos Pagados a Intereses Minoritarios,136,2006-T1,2010-A
3D0318,FE,D,Recompra de Acciones Propias (Acciones en Tesorería) a Intereses Minoritarios,137,2006-A,2010-A
3D0835,FE,D,(Aumento) disminución de cuentas por cobrar comerciales y otras cuentas por cobrar,137,2012-A,2016-T4
3D0833,FE,D,Aumento (disminución) de cuentas por pagar comerciales y otras cuentas por pagar,141,2012-A,2016-T4
3D0625,FE,D,Fluctuación del Valor de Activos Biológicos,266,2006-A,2010-A
3D0626,FE,D,Ganancia por Instrumentos Financieros Derivados,267,2006-A,2010-A
3D0702,FE,D,"Utilidad en Venta de Inmuebles, Maquinaria y Equipo",268,2000-T1,2010-A
3D0703,FE,D,Utilidad en Venta de Inversiones Financieras,269,2000-T1,2010-A
3D0706,FE,D,Utilidad en Venta de Inversiones Inmobiliarias,270,2002-A,2010-A
3D0707,FE,D,Utilidad en Venta de Activos Intangibles,271,2002-A,2010-A
3D0708,FE,D,Impuesto a la Renta y Participación de los Trabajadores,272,2002-A,2010-A
3D0709,FE,D,Participación en los Resultados de Partes Relacionadas (neta de dividendos recibidos en efectivo),273,2002-A,2010-A
3D0711,FE,D,Otros,274,2002-A,2010-A
3D0712,FE,D,Ingresos Financieros,275,2006-T1,2010-A
3D0802,FE,D,(Aumento) Disminución de Otras Cuentas por Cobrar a Partes Relacionadas,276,2000-T1,2010-A
3D0807,FE,D,Aumento (Disminución) de Otras Cuentas por Pagar a Partes Relacionadas,277,2000-T1,2010-A
3D0816,FE,D,Aumento (Disminución) de Impuesto a la Renta y Particip. Corrientes,278,2006-T1,2010-A
3D0817,FE,D,(Aumento) Disminución de Activos no Corrientes mantenidos para la Venta,279,2006-T1,2010-A
3D0822,FE,D,Diferencia de Cambio,280,2006-A,2010-A
3D0825,FE,D,Provisiones,281,2006-A,2010-A
3D0826,FE,D,Diferencia de Cambio,282,2006-A,2010-A
3D0827,FE,D,Aumento (Disminución) de Pasivos mantenidos para la Venta,283,2006-A,2010-A
3D0604,FE,D,Provisiones,284,2000-T1,2010-A
3D0606,FE,D,Pérdida en Venta de Inversiones Financieras,285,2000-T1,2010-A
3D0609,FE,D,Estimación de Cuentas de Cobranza Dudosa,286,2002-A,2010-A
3D0614,FE,D,Amortización de Activos Intangibles,287,2002-A,2010-A
3D0616,FE,D,Amortización de Otros Activos,288,2002-A,2010-A
3D0624,FE,D,Pérdida por Instrumentos Financieros Derivados,289,2006-A,2010-A
3E0130,FE,E,Gasto por Impuestos a las Ganancias,162,2011-T1,2026-T2
3E0526,FE,E,Disminución de capital,166,2006-T1,2013-A
3E0211,FE,E,Aumento (Disminución) de Depósitos de primas reaseguros cedidos,167,2000-T1,2001-T1
3E0525,FE,E,Pagos de deuda a largo plazo,167,2006-T1,2013-A
3E0133,FE,E,Deterioro de activos,168,2011-T1,2026-T2
3E0521,FE,E,Dividendos recibidos,168,2006-T1,2013-A
3E0502,FE,E,Cobranza de recursos obtenidos por emisión de valores u otras Obligaciones a largo plazo,169,2000-T1,2001-T1
3E0132,FE,E,Otros Ajustes,170,2011-T1,2026-T2
3E0509,FE,E,Aumento de deudas a largo plazo,170,2001-T1,2013-A
3E0210,FE,E,Aumento (Disminución) de Cuentas corrientes reaseguradores Acreedores,171,2000-T1,2001-T1
3E0227,FE,E,Cuentas por cobrar,171,2013-T2,2026-T2
3E0411,FE,E,ACTIVIDADES DE INVERSION,171,2006-T1,2013-A
3E0128,FE,E,Cargos y Abonos por cambios netos en el Activo y Pasivo,172,2006-T1,2013-A
3E0504,FE,E,Pagos de amortización o cancelación de valores u otras Obligaciones a largo plazo,172,2000-T1,2001-T1
3E0127,FE,E,Ajuste para conciliar el Resultado Neto con el Efectivo Neto proveniente de las Actividades de Operación,173,2006-T1,2013-A
3E0505,FE,E,Pagos de dividendos y otras distribuciones,173,2000-T1,2001-T1
3E0204,FE,E,(Aumento) Disminución de Depósitos de primas reaseguros Aceptados,174,2000-T1,2001-T1
3E0203,FE,E,(Aumento) Disminución de Cuentas corrientes reaseguradores Deudores,175,2000-T1,2001-T1
3E0109,FE,E,Otros,176,2000-T1,2001-T1
3E0228,FE,E,Derivados para negociación,176,2013-T2,2026-T2
3E0102,FE,E,Ajuste de provisiones técnicas para primas y riesgos catastróficos,177,2000-T1,2001-T1
3E0229,FE,E,Derivados de cobertura,177,2013-T2,2026-T2
3E0105,FE,E,Impuesto a la renta diferido,178,2000-T1,2001-T1
3E0106,FE,E,"Provisión para fluctuación de inversiones neto de recuperos, desvalorización de inmuebles",179,2000-T1,2001-T1
3E0230,FE,E,Activos no corrientes mantenidos para la venta,179,2013-T2,2026-T2
3E0220,FE,E,Cuentas por pagar,181,2011-T1,2026-T2
3E0231,FE,E,Derivados para negociación,186,2013-T2,2026-T2
3E0232,FE,E,Derivados de cobertura,187,2013-T2,2026-T2
3E0221,FE,E,Cuentas por Pagar diversas (derivadas de las Actividades de Operación),188,2011-T1,2026-T2
3E0233,FE,E,Otros pasivos,189,2013-T2,2026-T2
3E0222,FE,E,Reembolso de Impuestos a las Ganancias,190,2011-T1,2026-T2
3E0234,FE,E,Intereses recibidos (no incluidos en la Actividad de Inversión),191,2013-T2,2026-T2
3E0223,FE,E,Dividendos Recibidos (no incluidos en la Actividad de Inversión),192,2011-T1,2026-T2
3E0235,FE,E,Otros cobros en Efectivo Relativos a la Actividad de Operación,193,2013-T2,2026-T2
3E0224,FE,E,Impuestos a las Ganancias,194,2011-T1,2026-T2
3E0225,FE,E,Intereses y Rendimientos (no incluidos en la Actividad de Financiación),195,2011-T1,2026-T2
3E0226,FE,E,Dividendos Pagados (no incluidos en la Actividad de Financiación),196,2011-T1,2026-T2
3E0236,FE,E,Otros pagos en Efectivo Relativos a la Actividad de Operación,197,2013-T2,2026-T2
3E0412,FE,E,Venta de Inversiones Financieras y propiedades de inversión,199,2011-T1,2026-T2
3E0413,FE,E,"Contratos Derivados (futuro, a término, opciones)",200,2011-T1,2026-T2
3E0414,FE,E,"Pérdida de control de subsidiarias u otras inversiones, clasificados como actividad de inversión",201,2011-T1,2026-T2
3E0415,FE,E,"Venta de Participaciones en Negocios Conjuntos, Neto del Efectivo Desapropiado",202,2011-T1,2026-T2
3E0417,FE,E,"Venta de Inmuebles, Mobiliario y Equipo",203,2011-T1,2026-T2
3E0433,FE,E,Venta de Activos Intangibles,204,2013-T2,2026-T2
3E0418,FE,E,Venta de otros activos,205,2011-T1,2026-T2
3E0419,FE,E,Intereses y Rendimientos Recibidos,206,2011-T1,2026-T2
3E0421,FE,E,Otros Cobros de Efectivo Relativos a la Actividad de Inversión,208,2011-T1,2026-T2
3E0422,FE,E,Compra de Inversiones Financieras y propiedades de inversión,209,2011-T1,2026-T2
3E0423,FE,E,"Contratos Derivados (futuro, a término, opciones)",210,2011-T1,2026-T2
3E0424,FE,E,Obtener el control de subsidiarias u otras inversiones,211,2011-T1,2026-T2
3E0425,FE,E,"Compra de Participaciones en Negocios Conjuntos, Neto del Efectivo Adquirido",212,2011-T1,2026-T2
3E0428,FE,E,"Compra de Inmuebles, Mobiliario y Equipo",213,2011-T1,2026-T2
3E0101,FE,E,Utilidad (pérdida) neta del ejercicio,215,2000-T1,2026-T2
3E0110,FE,E,Ajuste de reservas técnicas,216,2001-T1,2026-T2
3E0430,FE,E,Impuestos a las ganancias (pagados) reembolsados,216,2011-T1,2026-T2
3E0103,FE,E,Depreciación y amortización,217,2000-T1,2026-T2
3E0431,FE,E,Otros Pagos de Efectivo Relativos a la Actividad de Inversión,217,2011-T1,2026-T2
3E0111,FE,E,Valoración de instrumentos de inversión,218,2001-T1,2026-T2
3E0427,FE,E,Compra de Propiedades de Inversión,218,2011-T1,2013-T1
3E0112,FE,E,Provisión para fluctuación de inversiones financieras,219,2001-T1,2026-T2
3E0426,FE,E,Compra de Participaciones no Controladoras,219,2011-T1,2013-T1
3E0104,FE,E,Provisión para incobrables,220,2000-T1,2026-T2
3E0420,FE,E,Reembolso de Impuestos a las Ganancias,220,2011-T1,2013-T1
3E0501,FE,E,Emisión de Acciones,220,2000-T1,2026-T2
3E0129,FE,E,Provisión para riesgo de crédito de los TCHN y de los créditos inmobiliarios para la adquisición de bienes futuros,221,2010-T1,2026-T2
3E0416,FE,E,Venta de Propiedades de Inversión,221,2011-T1,2013-T1
3E0523,FE,E,Venta de Acciones de la Entidad (Acciones en tesorería),221,2003-T1,2026-T2
3E0113,FE,E,Utilidades (pérdidas) reconocidas de empresas afiliadas,222,2001-T1,2026-T2
3E0131,FE,E,Aumento (Disminución) de Ingresos Diferidos,222,2011-T1,2013-T1
3E0114,FE,E,"Deterioro de inversiones financieras e inmuebles; inmuebles, muebles y equipos",223,2001-T1,2026-T2
3E0120,FE,E,Pérdida (Ganancia) en Venta de Propiedades de Inversión,223,2001-T1,2013-T1
3E0107,FE,E,"(Ganancia) pérdida en venta de inversiones financieras e inmuebles; inmuebles, muebles y equipos y operaciones discontinuas",224,2000-T1,2026-T2
3E0527,FE,E,Impuestos a las ganancias (pagados) reembolsados,224,2011-T1,2026-T2
3E0115,FE,E,Aumento (Disminución) de pasivos diferidos,225,2001-T1,2026-T2
3E0135,FE,E,Aumento (Disminución) de otros pasivos,226,2013-T2,2026-T2
3E0118,FE,E,Provisión (realización) de impuesto a la renta diferido,227,2001-T1,2026-T2
3E0121,FE,E,(Ganancia) pérdida por cambios contables,228,2001-T1,2026-T2
3E0201,FE,E,Cuentas por cobrar por operaciones de seguros,229,2000-T1,2026-T2
3E0202,FE,E,Cuentas por cobrar por operaciones sujetas a riesgo crediticio,230,2000-T1,2026-T2
3E0213,FE,E,Cuentas por cobrar a reaseguradores y coaseguradores,231,2001-T1,2026-T2
3E0205,FE,E,Cuentas por cobrar diversas,232,2000-T1,2026-T2
3E0212,FE,E,Reservas técnicas a cargo de reaseguradoras,233,2000-T1,2026-T2
3E0206,FE,E,Gastos pagados por anticipado,234,2000-T1,2026-T2
3E0219,FE,E,Otros activos,235,2010-T1,2026-T2
3E0207,FE,E,"Tributos, participaciones y cuentas por pagar diversas",236,2000-T1,2026-T2
3E0208,FE,E,Cuentas por pagar a intermediarios y auxiliares,237,2000-T1,2026-T2
3E0209,FE,E,Cuentas por pagar a asegurados,238,2000-T1,2026-T2
3E0214,FE,E,Cuentas por pagar reaseguradores y coaseguradores,239,2001-T1,2026-T2
3E0215,FE,E,Reservas técnicas para siniestros,240,2001-T1,2026-T2
3E0216,FE,E,Resultado del Período depués de la variación neta en activos y pasivos y ajustes,241,2016-T2,2026-T2
3E0217,FE,E,Impuesto a las ganancia pagados /cobrados,242,2016-T2,2026-T2
3E0301,FE,E,Flujos de efectivo netos de actividades de operación,243,2000-T1,2026-T2
3E0401,FE,E,Venta de Inversiones Financieras e Inversiones en Inmuebles,244,2000-T1,2026-T2
3E0402,FE,E,"Venta de Inmuebles, Muebles y Equipos",245,2000-T1,2026-T2
3E0409,FE,E,Venta de otros activos,246,2011-T1,2026-T2
3E0432,FE,E,Dividendos recibidos,247,2011-T1,2026-T2
3E0403,FE,E,Otros cobros de efectivo relativos a la actividad.,248,2000-T1,2026-T2
3E0404,FE,E,Compra de Inversiones Financieras e Inversiones en Inmuebles,249,2000-T1,2026-T2
3E0405,FE,E,"Compra de Inmuebles, Muebles y Equipos",250,2000-T1,2026-T2
3E0406,FE,E,Compra de Activos Intangibles,251,2000-T1,2026-T2
3E0429,FE,E,Compra de otros activos,252,2011-T1,2026-T2
3E0407,FE,E,Otros pagos de efectivo relativos a la actividad.,253,2000-T1,2026-T2
3E0408,FE,E,Efectivo neto proveniente de las Actividades de Inversion,254,2000-T1,2026-T2
3E0508,FE,E,Aumento de obligaciones financieras,255,2001-T1,2026-T2
3E0513,FE,E,Aumento de deuda a largo plazo,256,2016-T2,2026-T2
3E0510,FE,E,Emisión de instrumentos de patrimonio,257,2001-T1,2026-T2
3E0503,FE,E,Otras entradas relacionadas a la actividad de financiamiento,258,2000-T1,2026-T2
3E0511,FE,E,Pago de obligaciones financieras,259,2001-T1,2026-T2
3E0514,FE,E,Pago de deuda a largo plazo,260,2016-T2,2026-T2
3E0524,FE,E,Recompra de las propias acciones,261,2003-T1,2026-T2
3E0512,FE,E,Dividendos pagados,262,2001-T1,2026-T2
3E0506,FE,E,Otras salidas relacionadas a la actividad de financiamiento.,263,2000-T1,2026-T2
3E0507,FE,E,Flujo de efectivo netos de actividades de financiamiento,264,2000-T1,2026-T2
3E0603,FE,E,Aumento neto (disminución) en el efectivo y equivalente de efectivo antes del efecto de las variaciones en el tipo de cambio,265,2013-T2,2026-T2
3E0604,FE,E,Efecto de las variaciones en el tipo de cambio en el efectivo y equivalente de efectivo,266,2013-T2,2026-T2
3E0601,FE,E,Aumento (Dism) Neto de Efectivo y Equivalente de Efectivo,267,2000-T1,2026-T2
3E0602,FE,E,Saldo Efectivo y Equivalente de Efectivo al Inicio del Período,268,2000-T1,2026-T2
3E0701,FE,E,SALDO DE EFECTIVO Y EQUIVALENTE DE EFECTIVO AL FINALIZAR EL PERIODO,269,2000-T1,2026-T2
3E0116,FE,E,(Ganancias) pérdidas extraordinarioas,295,2001-T1,2009-A
3E0117,FE,E,Resultado por exposición a la inflación,296,2001-T1,2009-A
3E0119,FE,E,"Provisión para fluctuación de inversiones neto de recuperos, desvalorización de inmuebles",299,2001-T1,2005-T4
3E0108,FE,E,Aumento (Disminución) de Otras Provisiones,327,2000-T1,2013-T1
3E0801,FE,E,Ajuste de ejercicios anteriores,332,2003-T1,2005-T4
3E0802,FE,E,Bienes adquiridos en operaciones de arrendamiento financiero,333,2003-T1,2005-T4
3E0803,FE,E,Compensación de pasivos corrientes,334,2003-T1,2005-T4
3E0804,FE,E,Compensación de pasivos no corrientes,335,2003-T1,2005-T4
3E0805,FE,E,Capitalización de acreencias u obligaciones,336,2003-T1,2005-T4
3E0806,FE,E,Revaluación de activos,337,2003-T1,2005-T4
3E0807,FE,E,Aportes de capital en bienes,338,2003-T1,2005-T4
3F0310,FE,F,Gasto por impuesto a las ganancias,92,2011-T1,2026-T2
3F0311,FE,F,Valuación de inversiones financieras,93,2011-T1,2026-T2
3F0201,FE,F,Ajustes al resultado Neto del Ejercicio,94,2001-T1,2005-T4
3F0312,FE,F,Pérdida (Ganancia) reconocidas de empresas afiliadas,94,2011-T1,2026-T2
3F0302,FE,F,Provisión para cartera de créditos y cuentas por cobrar,96,2000-T1,2026-T2
3F0304,FE,F,Otras provisiones,98,2000-T1,2026-T2
3F0308,FE,F,Pérdida (ganancia) en venta de Inversiones a valor razonable,99,2001-T1,2026-T2
3F0306,FE,F,"Pérdida (ganancia) en venta de inmuebles, mobiliario y equipo (neto)",100,2000-T1,2026-T2
3F0318,FE,F,Pérdida (ganancia) en venta de activos intangibles,101,2013-T1,2026-T2
3F0314,FE,F,(Aumento) disminución de cuentas por cobrar por operaciones de seguros,103,2011-T1,2026-T2
3F0315,FE,F,(Aumento) disminución de cuentas por cobrar a reaseguradores y coaseguradores,104,2011-T1,2026-T2
3F0423,FE,F,(Aumento) disminución de derivados de negociación y de cobertura,106,2013-T1,2026-T2
3F0403,FE,F,(Aumento) disminución en Otros Activos,107,2000-T1,2026-T2
3F0408,FE,F,"Aumento (disminución) de cuentas por pagar a intermediarios, comercializadores y auxiliares",109,2011-T1,2026-T2
3F0409,FE,F,Aumento (disminución) de cuentas por pagar a asegurados,110,2011-T1,2026-T2
3F0410,FE,F,Aumento (disminución) de cuentas por pagar a reaseguradores y coaseguradores,111,2011-T1,2026-T2
3F0424,FE,F,Aumento (disminución) de derivados de negociación y de cobertura,112,2013-T1,2026-T2
3F0411,FE,F,Aumento (disminución) de reservas técnicas por siniestros,113,2011-T1,2026-T2
3F0412,FE,F,Aumento (disminución) de provisiones,114,2011-T1,2026-T2
3F0404,FE,F,Aumento (disminución) en otros pasivos,115,2000-T1,2026-T2
3F0414,FE,F,Dividendos recibidos (no incluidos en la Actividad de Inversión),116,2011-T1,2026-T2
3F0416,FE,F,Intereses y rendimientos (no incluidos en la Actividad de Financiación),118,2011-T1,2026-T2
3F0417,FE,F,Dividendos (no incluidos en la Actividad de Financiación),119,2011-T1,2026-T2
3F0605,FE,F,Venta de inversiones financieras,121,2011-T1,2026-T2
3F0606,FE,F,"Contratos derivados (futuro, a término, opciones)",122,2011-T1,2026-T2
3F0607,FE,F,"Venta de subsidiarias, neto del efectivo desapropiado",123,2011-T1,2026-T2
3F0608,FE,F,"Venta de participaciones en negocios conjuntos, neto del efectivo desapropiado",124,2011-T1,2026-T2
3F1301,FE,F,Ajuste de ejercicios anteriores,124,2003-T1,2005-T4
3F0609,FE,F,Venta de propiedades de inversión,125,2011-T1,2026-T2
3F1302,FE,F,Bienes adquiridos en operaciones de arrendamiento financiero,125,2003-T1,2005-T4
3F0601,FE,F,"Venta de inmuebles, mobiliario y equipo",126,2000-T1,2026-T2
3F1303,FE,F,Compensación de pasivos corrientes,126,2003-T1,2005-T4
3F0602,FE,F,Venta de otros activos,127,2000-T1,2026-T2
3F1304,FE,F,Compensación de pasivos no corrientes,127,2003-T1,2005-T4
3F0610,FE,F,Intereses y rendimientos recibidos,128,2011-T1,2026-T2
3F1305,FE,F,Capitalización de acreencias u obligaciones,128,2003-T1,2005-T4
3F0611,FE,F,Dividendos recibidos,129,2011-T1,2026-T2
3F1306,FE,F,Revaluación de activos,129,2003-T1,2005-T4
3F1307,FE,F,Aportes de capital en bienes,130,2003-T1,2005-T4
3F0614,FE,F,Compra de inversiones financieras,131,2011-T1,2026-T2
3F0615,FE,F,"Contratos derivados (futuro, a término, opciones)",132,2011-T1,2026-T2
3F0616,FE,F,"Compra de subsidiarias, neto del efectivo adquirido",133,2011-T1,2026-T2
3F0617,FE,F,"Compra de participaciones en negocios conjuntos, neto del efectivo adquirido",134,2011-T1,2026-T2
3F0619,FE,F,Compra de propiedades de inversión,135,2011-T1,2026-T2
3F0603,FE,F,"Compra de inmuebles, mobiliario y equipo",136,2000-T1,2026-T2
3F0604,FE,F,Compra de otros activos,137,2000-T1,2026-T2
3F0620,FE,F,Impuestos a las ganancias (pagados) reembolsados,138,2011-T1,2026-T2
3F0307,FE,F,Provisión para Inversiones,141,2001-T1,2013-T1
3F0801,FE,F,"Aumento (disminución) neto de depósitos, adeudos y obligaciones",142,2000-T1,2026-T2
3F0802,FE,F,Aumento (disminución) neto de Préstamos provenientes de bancos e instituciones financieras,143,2000-T1,2026-T2
3F0803,FE,F,Aumento (disminución) neto de otros pasivos financieros,144,2000-T1,2026-T2
3F0805,FE,F,Disminución (aumento) neto en la cartera de créditos,146,2000-T1,2026-T2
3F0812,FE,F,Venta de acciones en tesorería,147,2011-T1,2026-T2
3F0819,FE,F,Recompra de acciones de la entidad (acciones en tesorería),149,2013-T1,2026-T2
3F0813,FE,F,Impuestos a las ganancias (pagados) reembolsados,151,2011-T1,2026-T2
3F0814,FE,F,Intereses y rendimientos,152,2011-T1,2026-T2
3F0612,FE,F,Reembolso de Impuestos a las Ganancias,155,2011-T1,2013-T1
3F0618,FE,F,Compra de Participaciones no Controladoras,156,2011-T1,2013-T1
3F0809,FE,F,Disminución (aumento) de Otros Activos Financieros,157,2000-T1,2013-T1
3F0810,FE,F,Disminución (aumento) Neto de Inversiones,158,2001-T1,2013-T1
3F0811,FE,F,Disminución (aumento) Neto de Préstamos entre bancos y Corresponsales,159,2006-T1,2013-T1
3F0316,FE,F,Provisión para Fluctuación de Inversiones Financieras,160,2011-T1,2013-T1
3F0413,FE,F,Reembolso de Impuestos a las Ganancias,161,2011-T1,2013-T1
3F0101,FE,F,RESULTADO NETO DEL EJERCICIO,180,2000-T1,2026-T2
3F0301,FE,F,Depreciación y amortización,181,2000-T1,2026-T2
3F0317,FE,F,Provisiones,182,2013-T1,2026-T2
3F0313,FE,F,Deterioro,183,2011-T1,2026-T2
3F0309,FE,F,Otros ajustes,184,2001-T1,2026-T2
3F0418,FE,F,Creditos,185,2013-T2,2026-T2
3F0419,FE,F,Inversiones a valor razonable con cambios en resultados,186,2013-T2,2026-T2
3F0420,FE,F,Disponibles para la venta,187,2013-T2,2026-T2
3F0405,FE,F,Cuentas por cobrar y otras,188,2001-T1,2026-T2
3F0421,FE,F,"Pasivos financieros, no subordinados",189,2013-T2,2026-T2
3F0406,FE,F,Cuentas por pagar y otras,190,2001-T1,2026-T2
3F0422,FE,F,Flujos de efectivo y equivalente al efectivo después de ajustes y variaciones neta en activos y pasivos,191,2013-T2,2026-T2
3F0415,FE,F,Impuesto a las ganancias (pagados) cobrados,192,2011-T1,2026-T2
3F0501,FE,F,FLUJOS DE EFECTIVO NETO DE ACTIVIDADES DE OPERACIÓN,193,2000-T1,2026-T2
3F0622,FE,F,Entrada por venta de participaciones,194,2013-T2,2026-T2
3F0623,FE,F,Salida por compra en participaciones,195,2013-T2,2026-T2
3F0624,FE,F,"Entrada por venta de intangibles e inmuebles, mobiliario y equipos",196,2013-T2,2026-T2
3F0625,FE,F,"Salida por compras de intangibles e inmuebles, mobiliario y equipos",197,2013-T2,2026-T2
3F0626,FE,F,Entrada de instrumento de deuda mantenidos hasta el vencimiento,198,2013-T2,2026-T2
3F0627,FE,F,Salida de instrumento de deuda mantenidos hasta el vencimiento,199,2013-T2,2026-T2
3F0613,FE,F,Otras entradas relacionadas a actividades de inversión,200,2011-T1,2026-T2
3F0621,FE,F,Otras salidas relacionadas a actividades de inversión,201,2011-T1,2026-T2
3F0807,FE,F,Aumento (Disminución) neto de préstamos a bancos y corresponsales,201,2000-T1,2001-T1
3F0303,FE,F,Provisión para Fluctuación de valores,202,2000-T1,2001-T1
3F0701,FE,F,FLUJOS DE EFECTIVO NETO DE ACTIVIDADES DE INVERSIÓN,202,2000-T1,2026-T2
3F0305,FE,F,Pérdida (Utilidad) en venta de inversiones finan. Temp.,203,2000-T1,2001-T1
3F0815,FE,F,Entrada por la emisión de pasivos financieros subordinados,203,2013-T1,2026-T2
3F0401,FE,F,"Disminución ( Aumento) en Intereses, comisiones y otras cuentas por cobrar",204,2000-T1,2001-T1
3F0816,FE,F,Salida por el rescate de pasivos fiancieros subordinados,204,2013-T2,2026-T2
3F0402,FE,F,"Aumento (Disminución) en Intereses, comisiones y otras cuentas por pagar",205,2000-T1,2001-T1
3F0804,FE,F,Entrada por emisión de instrumentos de patrimonio,205,2000-T1,2026-T2
3F0806,FE,F,Disminución (Aumento) neto de inversiones financieras temporales,206,2000-T1,2001-T1
3F0808,FE,F,Dividendos pagados,206,2000-T1,2026-T2
3F0817,FE,F,Otras entradas relacionadas a las actividades de financiamiento,207,2013-T1,2026-T2
3F0818,FE,F,Otras salidas relacionadas a las actividades de financiamiento,208,2013-T1,2026-T2
3F0901,FE,F,FLUJOS DE EFECTIVO NETO ACTIVIDADES DE FINANCIAMIENTO,209,2000-T1,2026-T2
3F1002,FE,F,Aumento neto (disminución) en efectivo y equivalente de efectivo antes del efecto de las variaciones en el tipo de cambio,210,2013-T1,2026-T2
3F1003,FE,F,Efectos de las variaciones en el tipo de cambio en el efectivo y equivalente de efectivo,211,2013-T1,2026-T2
3F1001,FE,F,Aumento neto (disminución) de efectivo y equivalentes al efectivo,212,2000-T1,2026-T2
3F1101,FE,F,Efectivo y equivalentes al efectivo al inicio del período,213,2000-T1,2026-T2
3F1201,FE,F,Efectivo y equivalentes al efectivo al finalizar el período,214,2000-T1,2026-T2
4I4500,FE,I,FLUJOS DE EFECTIVO DE ACTIVIDAD DE OPERACIÓN,94,2012-A,2026-T2
4I5516,FE,I,Ganancia (pérdida) Neta del Ejercicio,95,2012-A,2026-T2
4I5520,FE,I,Ajustes por disminuciones (incrementos) en cuentas por cobrar de origen comercial,96,2012-A,2026-T2
4I5521,FE,I,Ajustes por disminuciones (incrementos) en otras cuentas por cobrar derivadas de las actividades de operación,97,2012-A,2026-T2
4I5522,FE,I,Ajustes por incrementos (disminuciones) en cuentas por pagar de origen comercial,98,2012-A,2026-T2
4I5523,FE,I,Ajustes por incrementos (disminuciones) en otras cuentas por pagar derivadas de las actividades de operación,99,2012-A,2026-T2
4I5524,FE,I,Ajustes por gastos de depreciación y amortización,100,2012-A,2026-T2
4I5526,FE,I,Ajustes por provisiones,101,2012-A,2026-T2
4I5527,FE,I,Ajustes por pérdidas (ganancias) de moneda extranjera no realizadas,102,2012-A,2026-T2
4I5529,FE,I,Ajustes por ganancias (pérdidas) de valor razonable,103,2012-A,2026-T2
4I5530,FE,I,Otros ajustes por partidas distintas al efectivo,104,2012-A,2026-T2
4I5531,FE,I,Ajustes por pérdidas (ganancias) por la disposición de activos no corrientes,105,2012-A,2026-T2
4I5532,FE,I,Otros ajustes para los que los efectos sobre el efectivo son flujos de efectivo de inversión o financiación,106,2012-A,2026-T2
4I5534,FE,I,Ganancias (pérdidas) no distribuidas de asociadas(*),107,2012-A,2026-T2
4I4519,FE,I,Impuestos a las ganancias reembolsados (pagados),108,2012-A,2026-T2
4I4520,FE,I,Otras entradas (salidas) de efectivo,109,2012-A,2026-T2
4I4521,FE,I,Flujos de Efectivo y Equivalente al Efectivo Procedentes de (Utilizados en) Actividades de Operación,110,2012-A,2026-T2
4I4522,FE,I,FLUJOS DE EFECTIVO DE ACTIVIDAD DE INVERSIÓN,111,2012-A,2026-T2
4I4523,FE,I,Procedentes de la pérdida de control de subsidiarias u otros negocios,112,2012-A,2026-T2
4I4524,FE,I,Utilizados para obtener el control de subsidiarias u otros negocios,113,2012-A,2026-T2
4I4525,FE,I,Utilizados en la compra de participaciones no controladoras,114,2012-A,2026-T2
4I4528,FE,I,Otros cobros por la venta de participaciones en negocios conjuntos,115,2012-A,2026-T2
4I4529,FE,I,Otros pagos para adquirir participaciones en negocios conjuntos,116,2012-A,2026-T2
4I4530,FE,I,"Importes procedentes de la venta de propiedades, planta y equipo",117,2012-A,2026-T2
4I4531,FE,I,"Compras de propiedades, planta y equipo",118,2012-A,2026-T2
4I4532,FE,I,Importes procedentes de ventas de activos intangibles,119,2012-A,2026-T2
4I4533,FE,I,Compras de activos intangibles,120,2012-A,2026-T2
4I4534,FE,I,Importes procedentes de otros activos a largo plazo,121,2012-A,2026-T2
4I4535,FE,I,Compras de otros activos a largo plazo,122,2012-A,2026-T2
4I4564,FE,I,Reembolsos recibidos de préstamos a entidades relacionadas (**),123,2012-A,2026-T2
4I4537,FE,I,Cobros procedentes del reembolso de anticipos y préstamos concedidos a terceros,124,2012-A,2026-T2
4I4565,FE,I,Prestamos concedidos a entidades relacionadas (**),125,2012-A,2026-T2
4I4538,FE,I,"Pagos derivados de contratos de futuro, a término, de opciones y de permuta financiera",126,2012-A,2026-T2
4I4539,FE,I,"Cobros procedentes de contratos de futuro, a término, de opciones y de permuta financiera",127,2012-A,2026-T2
4I4540,FE,I,Dividendos recibidos,128,2012-A,2026-T2
4I4541,FE,I,Intereses recibidos,129,2012-A,2026-T2
4I4543,FE,I,Otras entradas (salidas) de efectivo,130,2012-A,2026-T2
4I4544,FE,I,Flujos de Efectivo y Equivalente al Efectivo Procedente de (Utilizados en) Actividades de Inversión,131,2012-A,2026-T2
4I4545,FE,I,FLUJOS DE EFECTIVO DE ACTIVIDAD DE FINANCIACIÓN,132,2012-A,2026-T2
4I4546,FE,I,Procedentes de la emisión de acciones,133,2012-A,2026-T2
4I4547,FE,I,Procedentes de la emisión de otros instrumentos de patrimonio,134,2012-A,2026-T2
4I4010,FE,I,Cobranza de comisiones y servicios,135,2000-T1,2004-A
4I4548,FE,I,Pagos por adquirir o rescatar las acciones de la entidad,135,2012-A,2026-T2
4I4549,FE,I,Pagos por otras participaciones en el patrimonio,136,2012-A,2026-T2
4I4550,FE,I,Importes procedentes de préstamos de entidades relacionadas (**),137,2012-A,2026-T2
4I4551,FE,I,Reembolsos de préstamos de entidades relacionadas (**),138,2012-A,2026-T2
4I4552,FE,I,Pagos de pasivos por arrendamientos financieros,139,2012-A,2026-T2
4I4553,FE,I,Dividendos pagados,140,2012-A,2026-T2
4I4554,FE,I,Intereses pagados,141,2012-A,2026-T2
4I4555,FE,I,Impuestos a las ganancias reembolsados (pagados),142,2012-A,2026-T2
4I4556,FE,I,Otras entradas (salidas) de efectivo,143,2012-A,2026-T2
4I4557,FE,I,Flujos de Efectivo y Equivalente al Efectivo procedentes de (Utilizados en) Actividades de Financiación,144,2012-A,2026-T2
4I4558,FE,I,"Aumento (disminución) Neto de efectivo y equivalente al efectivo, antes de las Variaciones en las Tasas de Cambio",145,2012-A,2026-T2
4I4559,FE,I,Efectos de la variación en la tasa de cambio sobre el efectivo y equivalentes al efectivo,146,2012-A,2026-T2
4I4560,FE,I,Efectos de la variación en la tasa de cambio sobre el efectivo y equivalentes al efectivo,147,2012-A,2026-T2
4I4561,FE,I,Incremento (disminución) neto de efectivo y equivalentes al efectivo,148,2012-A,2026-T2
4I4562,FE,I,Efectivo y equivalentes al efectivo al principio del periodo,149,2012-A,2026-T2
4I4563,FE,I,Efectivo y equivalentes al efectivo al final del periodo,150,2012-A,2026-T2
4I4001,FE,I,ACTIVIDAD DE OPERACION,166,2000-T1,2012-T4
4I4012,FE,I,Cobranza de comisiones y servicios en el mercado de valores,167,2005-T1,2012-T4
4I4014,FE,I,Cobranza de comisiones y servicios en el mercado de productos,168,2005-T1,2012-T4
4I4020,FE,I,Ingreso por venta de valores propios,169,2000-T1,2012-T4
4I4030,FE,I,Intereses y dividendos,170,2000-T1,2012-T4
4I4040,FE,I,Otros,171,2000-T1,2012-T4
4I4041,FE,I,MENOS :,172,2000-T1,2012-T4
4I4050,FE,I,Pagos por compra de valores propios,173,2000-T1,2012-T4
4I4060,FE,I,Pago de remuneraciones y beneficios sociales,174,2000-T1,2012-T4
4I4070,FE,I,Pagos de tributos,175,2000-T1,2012-T4
4I4080,FE,I,Pago de proveedores,176,2000-T1,2012-T4
4I4090,FE,I,Pagos por costos de intermediación y contribución,177,2000-T1,2012-T4
4I4100,FE,I,Otros,178,2000-T1,2012-T4
4I4101,FE,I,AUM(DISM) DEL EFECTIVO Y EQUIV. DE EFECT. PROV. DE ACT. DE OPERACION,179,2000-T1,2012-T4
4I4102,FE,I,ACTIVIDAD DE INVERSION,180,2000-T1,2012-T4
4I4110,FE,I,Ingreso por venta de inmuebles y equipo diversos,181,2000-T1,2012-T4
4I4111,FE,I,Ingreso por venta de activos intangibles,182,2005-T1,2012-T4
4I4120,FE,I,Otros,183,2000-T1,2012-T4
4I4121,FE,I,MENOS :,184,2000-T1,2012-T4
4I4130,FE,I,Pagos por compra de inmuebles y equipos diversos,185,2000-T1,2012-T4
4I4131,FE,I,Pagos por compra de activos intangibles,186,2005-T1,2012-T4
4I4140,FE,I,Otros,187,2000-T1,2012-T4
4I4141,FE,I,AUM(DISM) DE EFECT. Y EQUIV. DE EFECT. PROV. DE ACT. DE INVERSION,188,2000-T1,2012-T4
4I4142,FE,I,ACTIVIDAD DE FINANCIAMIENTO,189,2000-T1,2012-T4
4I4480,FE,I,Aumento (Disminucion ) de tributos por pagar,189,2000-T1,2004-A
4I4150,FE,I,Ingreso de aportes de accionistas,190,2000-T1,2012-T4
4I4160,FE,I,Ingreso por prestamos bancarios corto y largo plazo,191,2000-T1,2012-T4
4I4170,FE,I,Ingresos por colocacion de obligaciones emitidas,192,2000-T1,2012-T4
4I4180,FE,I,Otros,193,2000-T1,2012-T4
4I4181,FE,I,MENOS :,194,2000-T1,2012-T4
4I4190,FE,I,Amortización de préstamos obtenidos,195,2000-T1,2012-T4
4I4200,FE,I,Amortización de obligaciones emitidas,196,2000-T1,2012-T4
4I4210,FE,I,Pagos de dividendos y otras distribuciones,197,2000-T1,2012-T4
4I4220,FE,I,Otros,198,2000-T1,2012-T4
4I4221,FE,I,AUM(DISM) DEL EFECT. Y EQUIV. DE EFECT. PROV. DE ACT. DE FINANCIAMIENTO,199,2000-T1,2012-T4
4I4230,FE,I,SALDO DE EFECTIVO Y EQUIV. DE EFECTIVO AL INICIO DEL EJER,200,2000-T1,2012-T4
4I4240,FE,I,Resultado por exposicion a la inflación,201,2000-T1,2012-T4
4I4241,FE,I,SALDO DE EFECTIVO Y EQUIV. DE EFECTIVO AL FINALIZAR EL EJERCICIO,202,2000-T1,2012-T4
4I4242,FE,I,CONCILIACIÓN,203,2000-T1,2012-T4
4I4310,FE,I,UTILIDAD (PERDIDA) DEL EJERCICIO,204,2000-T1,2012-T4
4I4320,FE,I,Ajuste a la utilidad (o Pérdida) del ejercicio,205,2000-T1,2012-T4
4I4330,FE,I,Depreciación y amortización del período,206,2000-T1,2012-T4
4I4340,FE,I,Provisión beneficios sociales,207,2000-T1,2012-T4
4I4350,FE,I,Provisiones diversas,208,2000-T1,2012-T4
4I4360,FE,I,Pérdida en venta de inmuebles y equipos,209,2000-T1,2012-T4
4I4370,FE,I,Resultado por exposicion a la inflación,210,2000-T1,2012-T4
4I4380,FE,I,Pérdida por activos monetarios no corrientes,211,2000-T1,2012-T4
4I4390,FE,I,(+) Otros,212,2000-T1,2012-T4
4I4391,FE,I,MENOS :,213,2000-T1,2012-T4
4I4400,FE,I,Utilidad en venta de inmuebles y equipos diversos,214,2000-T1,2012-T4
4I4410,FE,I,Resultado por exposicion a la inflación,215,2000-T1,2012-T4
4I4411,FE,I,(-) Otros,216,2000-T1,2012-T4
4I4420,FE,I,Ganancia por pasivos monetarios no corrientes,217,2000-T1,2012-T4
4I4421,FE,I,CARGOS Y ABONOS POR CAMBIOS NETOS EN EL ACTIVO Y PASIVO,218,2000-T1,2012-T4
4I4430,FE,I,(Aumento) Disminución de cuentas por cobrar comerciales,219,2000-T1,2012-T4
4I4441,FE,I,(Aumento) Disminución de cuentas por cobrar a vinculadas,220,2005-T1,2012-T4
4I4440,FE,I,(Aumento) Disminución de otras cuentas por cobrar,221,2000-T1,2012-T4
4I4460,FE,I,(Aumento) Disminución de suministros,222,2000-T1,2012-T4
4I4450,FE,I,(Aumento) Disminución de gastos pagados por anticipado,223,2000-T1,2012-T4
4I4470,FE,I,Aumento (Disminución ) de cuentas por pagar comerciales,224,2000-T1,2012-T4
4I4472,FE,I,Aumento (Disminución) en cuentas por pagar a vinculadas,225,2005-T1,2012-T4
4I4471,FE,I,Aumento (Disminución) de otras cuentas por pagar,226,2000-T1,2012-T4
4I4481,FE,I,AUM(DISM) DEL EFEC. Y EQUIV. DE EFEC. PROV. DE ACT.OPERACIÓN,227,2000-T1,2012-T4
4I4501,FE,I,Cobros por actividades de operación,270,2012-A,2026-T2
4I4502,FE,I,Cobros procedentes de la prestación de servicios de intermediación en el Mercado de Valores,271,2012-A,2026-T2
4I4503,FE,I,Cobros procedentes de la Venta de Valores Propios,272,2012-A,2026-T2
4I4504,FE,I,"Cobros procedentes de cuotas, comisiones y otros ingresos de actividades ordinarias",273,2012-A,2026-T2
4I4505,FE,I,Cobros procedentes de contratos mantenidos con propósitos de intermediación o para negociar,274,2012-A,2026-T2
4I4507,FE,I,Otros,275,2012-A,2026-T2
4I4508,FE,I,Pagos,276,2012-A,2026-T2
4I4509,FE,I,Pagos Procedentes de la compra de valores propios,277,2012-A,2026-T2
4I4510,FE,I,Pagos a proveedores por el suministro de bienes y servicios,278,2012-A,2026-T2
4I4512,FE,I,Pagos a y por cuenta de los empleados,279,2012-A,2026-T2
4I4514,FE,I,Pagos por costos de Actividades de Operación,280,2012-A,2026-T2
3S0705,FE,S,Pago de dividendos y otras distribuciones,197,2000-A,2002-A
3S0701,FE,S,Cobranza de emisión de acciones o nuevos aportes,198,2000-A,2002-A
3S0311,FE,S,Aumento (Disminución) de Depósitos de Primas Reaseguros Cedidos,199,2000-A,2002-A
3S0201,FE,S,Ajuste de provisiones técnicas para primas y riesgos catastróficos,200,2000-A,2002-A
3S0203,FE,S,"Provisión para riesgo de incobrabilidad, neta de recuperos",201,2000-A,2002-A
3S0204,FE,S,Impuesto a la Renta Diferido,202,2000-A,2002-A
3S0205,FE,S,"Provisión para fluctuación de inversiones, neto de recupero Desvalorización de inmuebles",203,2000-A,2002-A
3S0206,FE,S,(Utilidad) Pérdida en venta de Inversiones y/o activos,204,2000-A,2002-A
3S0208,FE,S,Otros,205,2000-A,2002-A
3S0303,FE,S,Aumento) Disminución de Ctas. Ctes. Reaseguradores Deudores,206,2000-A,2002-A
3S0304,FE,S,(Aumento) Disminución de Depósitos de Primas Reaseguros Aceptados,207,2000-A,2002-A
3S0310,FE,S,Aumento (Disminución) de Cuentas Corrientes Reaseguradores Acreedores,208,2000-A,2002-A
3S0704,FE,S,Pagos de amortización o cancelación de valores u otras obligaciones de largo plazo,209,2000-A,2002-A
3S0702,FE,S,Cobranza de recursos obtenidos por emisión de valores u otras obligaciones de largo plazo,210,2000-A,2002-A
3S0101,FE,S,Utilidad (pérdida) neta del ejercicio,289,2000-A,2005-A
3S0210,FE,S,Ajuste de Reservas Técnicas,290,2001-A,2005-A
3S0202,FE,S,Depreciación y amortización,291,2000-A,2005-A
3S0211,FE,S,Valoración de inversiones negociables líquidas,292,2001-A,2005-A
3S0218,FE,S,Provisión para fluctuación de valores,293,2001-A,2005-A
3S0219,FE,S,Utilidades (pérdidas) reconocidas de empresas afiliadas,294,2001-A,2005-A
3S0212,FE,S,"Reducción a valor de mercado de inversiones en valores e inmuebles; inmuebles, muebles y equipos",295,2001-A,2005-A
3S0221,FE,S,"(Ganancia) pérdida en venta de inversiones en valores e inmuebles; inmuebles, muebles y equipos",296,2001-A,2005-A
3S0213,FE,S,Aumento (Disminución) de ganancias diferidas,297,2001-A,2005-A
3S0207,FE,S,Aumento (Disminución) de Otras Provisiones,298,2000-A,2005-A
3S0214,FE,S,(Ganancias) pérdidas extraordinarioas,299,2001-A,2005-A
3S0215,FE,S,Resultado por exposición a la inflación,300,2001-A,2005-A
3S0216,FE,S,Provisión (realización) de impuesto a la renta diferido,301,2001-A,2005-A
3S0220,FE,S,(Ganancias) pérdidas por cambios contables,302,2001-A,2005-A
3S0301,FE,S,(Aumento) Disminución de cuentas por cobrar de Operac. De seguros,303,2000-A,2005-A
3S0302,FE,S,(Aumento) Disminución de Cuentas por cobrar por Operaciones sujetas a riesgo crediticio,304,2000-A,2005-A
3S0314,FE,S,(Aumento) Disminución de Cuentas por cobrar a Reaseguradores y Coaseguradores,305,2001-A,2005-A
3S0305,FE,S,(Aumento) Disminución de Cuentas por Cobrar Diversas,306,2000-A,2005-A
3S0306,FE,S,(Aumento) Disminución de gastos pagados por anticipado,307,2000-A,2005-A
3S0307,FE,S,"Aumento (Disminución) de Tributos, Participaciones y Cuentas por Pagar Diversas",308,2000-A,2005-A
3S0308,FE,S,Aumento (Disminución) de Cuentas por Pagar a Intermediarios y Auxiliares,309,2000-A,2005-A
3S0309,FE,S,Aumento (Disminución) de Cuentas por Pagar a Asegurados,310,2000-A,2005-A
3S0313,FE,S,Aumento (Disminución) de Cuentas por pagar Reaseguradores y Coaseguradores,311,2001-A,2005-A
3S0312,FE,S,Aumento (Disminución) de las reservas técnicas para siniestros,312,2000-A,2005-A
3S0401,FE,S,Aumento (Disminución) de Efectivo y equivalente de efectivo proveniente de las actividades de operación,313,2000-A,2005-A
3S0501,FE,S,Venta de inversiones en valores e inmuebles,314,2000-A,2005-A
3S0502,FE,S,"Venta de Inmuebles, Muebles y Equipos",315,2000-A,2005-A
3S0503,FE,S,Otros cobros de efectivo relativos a la actividad.,316,2000-A,2005-A
3S0504,FE,S,Compra de Inversiones en valores e inmuebles,317,2000-A,2005-A
3S0505,FE,S,"Compra de Inmuebles, Muebles y Equipos",318,2000-A,2005-A
3S0506,FE,S,Compra de activos Intangibles,319,2000-A,2005-A
3S0507,FE,S,Otros pagos de efectivo relativos a la actividad.,320,2000-A,2005-A
3S0601,FE,S,Aumento (Disminución) de Efectivo y equivalente de efectivo proveniente de las Actividades de Inversion,321,2000-A,2005-A
3S0707,FE,S,Aumento de obligaciones financieras,322,2001-A,2005-A
3S0708,FE,S,Aumento de deudas a largo plazo,323,2001-A,2005-A
3S0709,FE,S,Aumento de capital,324,2001-A,2005-A
3S0712,FE,S,Venta de acciones de tesorería,325,2002-A,2005-A
3S0703,FE,S,Otros cobros de efectivo relativos a la actividad,326,2000-A,2005-A
3S0710,FE,S,Pago de oblligaciones financieras,327,2001-A,2005-A
3S0713,FE,S,Recompra de Acciones Propias (Acciones de tesorería),328,2002-A,2005-A
3S0711,FE,S,Dividendos pagados,329,2001-A,2005-A
3S0706,FE,S,Otros pagos de efectivo relativos a la actividad.,330,2000-A,2005-A
3S0801,FE,S,Aumento (Disminución) de Efectivo y equivalente de efectivo proveniente de las actividades de financiamiento,331,2000-A,2005-A
3S0901,FE,S,Aumento (Disminución) Neto de Efectivo y Equivalente de Efectivo,332,2000-A,2005-A
3S1001,FE,S,Saldo Efectivo y Equivalente de Efectivo al Inicio del Período,333,2000-A,2005-A
3S1101,FE,S,SALDO DE EFECTIVO Y EQUIVALENTE DE EFECTIVO AL FINALIZAR EL PERIODO,334,2000-A,2005-A
3S1201,FE,S,Ajuste de ejercicios anteriores,335,2002-A,2005-A
3S1202,FE,S,Bienes adquiridos en operaciones de arrendamiento financiero,336,2002-A,2005-A
3S1203,FE,S,Compensación de pasivos corrientes,337,2002-A,2005-A
3S1204,FE,S,Compensación de pasivos no corrientes,338,2002-A,2005-A
3S1205,FE,S,Capitalización de acreencias u obligaciones,339,2002-A,2005-A
3S1206,FE,S,Revaluación de activos,340,2002-A,2005-A
3S1207,FE,S,Aportes de capital en bienes,341,2002-A,2005-A
3V0101,FE,V,Venta de Bienes y Prestación de Servicios,281,2013-T1,2026-T2
3V0112,FE,V,"Regalías, cuotas, comisiones, otros ingresos de actividades ordinarias",282,2013-T1,2026-T2
3V0110,FE,V,Contratos mantenidos con propósito de intermediación o para negociar,283,2013-T1,2026-T2
3V0117,FE,V,Arredamiento y posterior venta de esos activos,284,2013-T1,2026-T2
3V0104,FE,V,Otros cobros de efectivo relativos a la actividad de operación,285,2013-T1,2026-T2
3V0109,FE,V,Proveedores de Bienes y Servicios,286,2013-T1,2026-T2
3V0118,FE,V,Contratos mantenidos con propósito de intermediación o para negociar,287,2013-T1,2026-T2
3V0105,FE,V,Pagos a y por cuenta de los empleados,288,2013-T1,2026-T2
3V0119,FE,V,Elaboración o adquisición de activos para arrendar y otros mantenidos para la venta,289,2013-T1,2026-T2
3V0108,FE,V,Otros Pagos de Efectivo Relativos a la Actividad de Operación,290,2013-T1,2026-T2
3V0121,FE,V,Flujos de efectivo y equivalente al efectivo procedente de (utilizados en) operaciones,291,2013-T1,2026-T2
3V0103,FE,V,Intereses recibidos (no incluidos en la Actividad de Inversión),292,2013-T1,2026-T2
3V0107,FE,V,Intereses pagados (no incluidos en la Actividad de Financiación),293,2013-T1,2026-T2
3V0111,FE,V,Dividendos Recibidos (no incluidos en la Actividad de Inversión),294,2013-T1,2026-T2
3V0116,FE,V,Dividendos pagados(no incluidos en la Actividad de Financiación),295,2013-T1,2026-T2
3V0120,FE,V,Impuestos a las ganancias (pagados) reembolsados,296,2013-T1,2026-T2
3V0122,FE,V,Otros cobros (pagos) de efectivo,297,2013-T1,2026-T2
3V01ST,FE,V,Flujos de Efectivo y Equivalente al Efectivo Procedente de (Utilizados en) Actividades de Operación,298,2013-T1,2026-T2
3V0220,FE,V,Reembolso de Adelantos de Prestamos y Préstamos Concedidos a Terceros,299,2013-T1,2026-T2
3V0218,FE,V,Pérdida de control de subsidiarias u otros negocios,300,2013-T1,2026-T2
3V0209,FE,V,Reembolsos recibidos de préstamos a entidades relacionadas,301,2013-T1,2026-T2
3V0201,FE,V,Venta de Instrumentos Financieros de Patrimonio o Deuda de Otras Entidades,302,2013-T1,2026-T2
3V0221,FE,V,"Contratos Derivados (futuro, a término, opciones)",303,2013-T1,2026-T2
3V0222,FE,V,"Venta de Participaciones en Negocios Conjuntos, Neto del Efectivo Desapropiado",304,2013-T1,2026-T2
3V0202,FE,V,"Venta de Propiedades, Planta y Equipo",305,2013-T1,2026-T2
3V0203,FE,V,Venta de Activos Intangibles,306,2013-T1,2026-T2
3V0223,FE,V,Venta de Otros Activos de largo plazo,307,2013-T1,2026-T2
3V0231,FE,V,Subvenciones del gobierno,308,2013-T1,2026-T2
3V0210,FE,V,Intereses Recibidos,309,2013-T1,2026-T2
3V0211,FE,V,Dividendos Recibidos,310,2013-T1,2026-T2
3V0225,FE,V,Anticipos y Prestamos Concedidos a Terceros,311,2013-T1,2026-T2
3V0232,FE,V,Obtener el control de subsidiarias u otros negocios,312,2013-T1,2026-T2
3V0212,FE,V,Prestamos concedidos a entidades relacionadas,313,2013-T1,2026-T2
3V0205,FE,V,Compra de Instrumentos Financieros de Patrimonio o Deuda de Otras Entidades,314,2013-T1,2026-T2
3V0226,FE,V,"Contratos Derivados (futuro, a término, opciones)",315,2013-T1,2026-T2
3V0219,FE,V,"Compra de Subsidiarias, Neto del Efectivo Adquirido",316,2013-T1,2026-T2
3V0227,FE,V,"Compra de Participaciones en Negocios Conjuntos, Neto del Efectivo Adquirido",317,2013-T1,2026-T2
3V0206,FE,V,"Compra de Propiedades, Planta y Equipo",318,2013-T1,2026-T2
3V0207,FE,V,Compra de Activos Intangibles,319,2013-T1,2026-T2
3V0229,FE,V,Compra de Otros Activos de largo plazo,320,2013-T1,2026-T2
3V0233,FE,V,Impuestos a las ganancias (pagados) reembolsados,321,2013-T1,2026-T2
3V0234,FE,V,Otros cobros (pagos) de efectivo relativos a la actividad de inversión,322,2013-T1,2026-T2
3V02ST,FE,V,Flujos de Efectivo y Equivalente al Efectivo Procedente de (Utilizados en) Actividades de Inversión,323,2013-T1,2026-T2
3V0325,FE,V,Obtención de Préstamos,324,2013-T1,2026-T2
3V0319,FE,V,Préstamos de entidades relacionadas,325,2013-T1,2026-T2
3V0326,FE,V,Cambios en las participaciones en la propiedad de subsidiarias que no resultan en pérdida de control,326,2013-T1,2026-T2
3V0327,FE,V,Emisión de Acciones,327,2013-T1,2026-T2
3V0328,FE,V,Emisión de Otros Instrumentos de Patrimonio,328,2013-T1,2026-T2
3V0329,FE,V,Subvenciones del gobierno,329,2013-T1,2026-T2
3V0330,FE,V,Amortización o pago de Préstamos,330,2013-T1,2026-T2
3V0322,FE,V,Pasivos por Arrendamiento Financiero,331,2013-T1,2026-T2
3V0321,FE,V,Préstamos de entidades relacionadas,332,2013-T1,2026-T2
3V0331,FE,V,Cambios en las participaciones en la propiedad de subsidiarias que no resultan en pérdida de control,333,2013-T1,2026-T2
3V0310,FE,V,Recompra o Rescate de Acciones de la Entidad (Acciones en Cartera),334,2013-T1,2026-T2
3V0323,FE,V,Adquisición de Otras Participaciones en el Patrimonio,335,2013-T1,2026-T2
3V0311,FE,V,Intereses pagados,336,2013-T1,2026-T2
3V0305,FE,V,Dividendos pagados,337,2013-T1,2026-T2
3V0332,FE,V,Impuestos a las ganancias (pagados) reembolsados,338,2013-T1,2026-T2
3V0333,FE,V,Otros cobros (pagos) de efectivo relativos a la actividad de financiación,339,2013-T1,2026-T2
3V03ST,FE,V,Flujos de Efectivo y Equivalente al Efectivo Procedente de (Utilizados en) Actividades de Financiación,340,2013-T1,2026-T2
3V0401,FE,V,"Aumento (Disminución) Neto de Efectivo y Equivalente al Efectivo, antes de las Variaciones en las Tasas de Cambio",341,2013-T1,2026-T2
3V0404,FE,V,Efectos de las Variaciones en las Tasas de Cambio sobre el Efectivo y Equivalentes al Efectivo,342,2013-T1,2026-T2
3V0405,FE,V,Aumento (Disminución) Neto de Efectivo y Equivalente al Efectivo,343,2013-T1,2026-T2
3V0402,FE,V,Efectivo y Equivalente al Efectivo al Inicio del Ejercicio,344,2013-T1,2026-T2
3V04ST,FE,V,Efectivo y Equivalente al Efectivo al Finalizar el Ejercicio,345,2013-T1,2026-T2
5A0101,ORI,A,Ganancia (Pérdida) Neta del Ejercicio,39,2013-T2,2026-T2
5A0113,ORI,A,Encaje Legal,40,2013-T2,2026-T2
5A0103,ORI,A,Coberturas del Flujo de Efectivo,41,2013-T2,2026-T2
5A0110,ORI,A,Activos Financieros Disponibles para la Venta,42,2013-T2,2026-T2
5A0114,ORI,A,Otros ajustes,43,2013-T2,2026-T2
5A01ST,ORI,A,Otro Resultado Integral antes de Impuestos,44,2013-T2,2026-T2
5A0213,ORI,A,Encaje Legal,45,2013-T2,2026-T2
5A0203,ORI,A,Coberturas del Flujo de Efectivo,46,2013-T2,2026-T2
5A0210,ORI,A,Activos Financieros Disponibles para la Venta,47,2013-T2,2026-T2
5A0214,ORI,A,Otros ajustes,48,2013-T2,2026-T2
5A02ST,ORI,A,Suma de Impuestos a las Ganancias Relacionados con Componentes de Otro Resultado Integral,49,2013-T2,2026-T2
5A03ST,ORI,A,"Otros Resultado Integral del ejercicio, neto de impuestos",50,2013-T2,2026-T2
5A04ST,ORI,A,Resultado Integral Total del Ejercicio,51,2013-T2,2026-T2
5D0101,ORI,D,Ganancia (Pérdida) Neta del Ejercicio,0,2010-A,2026-T2
5D0102,ORI,D,Ganancias (Pérdidas) Neta por Activos Financieros Disponibles para la Venta,1,2010-A,2012-T4
5D0104,ORI,D,"Ganancias (Pérdidas) de Inversiones en Instrumentos de Patrimonio al Valor Razonable, neto de Impuestos",1,2010-A,2026-T2
5D0107,ORI,D,"Superávit de Revaluación, neto de Impuestos",2,2010-A,2026-T2
5D0111,ORI,D,"Ganancia (Pérdida) de Nuevas Mediciones de Planes de Beneficios Definidos, neto de Impuestos",3,2012-A,2026-T2
5D0112,ORI,D,"Cambios en el Valor Razonable de Pasivos Financieros Atribuibles a Cambios en el Riesgo de Crédito del Pasivo, neto de Impuestos",4,2012-A,2026-T2
5D0113,ORI,D,"Instrumentos de Cobertura que Cubren Inversiones en Instrumentos de Patrimonio, neto de Impuestos",5,2016-A,2026-T2
5D0106,ORI,D,"Participación en Otro Resultado Integral de Subsidiarias, Asociadas y Negocios Conjuntos Contabilizados por el Método de Participación, neto de Impuestos",6,2010-A,2026-T2
5D0108,ORI,D,Otros Componentes de Resultado Integral,7,2010-A,2012-T4
5D0114,ORI,D,"Total Otro Resultado Integral que no se Reclasificará al Resultado del Periodo, neto de Impuestos",7,2016-A,2026-T2
5D0103,ORI,D,Coberturas del Flujo de Efectivo,8,2010-A,2026-T2
5D0115,ORI,D,"Ganancias (Pérdidas) por Cobertura de Flujos de Efectivo, neto de Impuestos",9,2016-A,2026-T2
5D0201,ORI,D,Ganancias Netas por Activos Financieros Disponibles para la Venta,9,2010-A,2012-T4
5D0116,ORI,D,"Ajustes de Reclasificación en Coberturas de Flujos de Efectivo, neto de Impuestos",10,2016-A,2026-T2
5D01ST,ORI,D,Otro Resultado Integral antes de Impuestos,10,2010-A,2016-T4
5D0117,ORI,D,"Importes Eliminados del Patrimonio E Incluidos en el Importe en Libros de Activos (Pasivos) no Financieros que se Hayan Adquirido o Incurrido Mediante Una Transacción Prevista Altamente Probable Cubierta, neto de Impuestos",11,2016-A,2026-T2
5D0202,ORI,D,Variación Neta por Coberturas del Flujo de Efectivo,11,2010-A,2016-T4
5D0109,ORI,D,Coberturas de Inversiones netas en Negocios en el Extranjero,12,2012-A,2026-T2
5D0208,ORI,D,Coberturas de inversión neta de negocios en el extranjero,12,2012-A,2016-T4
5D0118,ORI,D,"Ganancias (Pérdidas) por Cobertura de Inversiones netas en Negocios en el Extranjero, neto de Impuesto",13,2016-A,2026-T2
5D0203,ORI,D,Ganancias (Pérdidas) de Inversiones en Instrumentos de Patrimonio al valor razonable,13,2010-A,2016-T4
5D0119,ORI,D,"Ajustes de Reclasificación por Coberturas de Inversiones netas en Negocios en el Extranjero, neto de Impuestos",14,2016-A,2026-T2
5D0204,ORI,D,Diferencia de Cambio por Conversión de Operaciones en el Extranjero,14,2010-A,2016-T4
5D0105,ORI,D,Diferencia de Cambio por Conversión de Operaciones en el Extranjero,15,2010-A,2026-T2
5D0207,ORI,D,Otros Componentes de Resultado Integral,15,2010-A,2012-T4
5D0209,ORI,D,Variación neta de activos no corrientes o grupos de activos mantenidos para la venta,15,2012-A,2016-T4
5D0120,ORI,D,"Ganancias (Pérdidas) por Diferencias de Cambio de Conversión de Operaciones en el Extranjero, netas de Impuesto",16,2016-A,2026-T2
5D0205,ORI,D,Participación en otro resultado integral de asociadas y negocios conjuntos contabilizados por el método de participación,16,2010-A,2016-T4
5D0121,ORI,D,"Ajustes de Reclasificación en Diferencia de Cambio de Conversión de Operaciones en el Extranjero, netos de Impuestos",17,2016-A,2026-T2
5D0206,ORI,D,Superávit de Revaluación,17,2010-A,2016-T4
5D0110,ORI,D,Variación neta de Activos no Corrientes o Grupos de Activos Mantenidos para la Venta,18,2012-A,2026-T2
5D0210,ORI,D,Ganancia (pérdida) actuariales en plan de beneficios definidos,18,2012-A,2016-T4
5D0124,ORI,D,Activos Financieros Disponibles para la Venta,19,2016-A,2026-T2
5D0211,ORI,D,Cambios en el valor razonable de pasivos financieros atribuibles a cambios en el riesgo de crédito del pasivo,19,2012-A,2016-T4
5D0122,ORI,D,"Ganancias (Pérdidas) por Nuevas Mediciones de Activos Financieros Disponibles para la Venta, neto de Impuestos",20,2016-A,2026-T2
5D02ST,ORI,D,Suma de Impuestos a las Ganancias Relacionados con Componentes de Otro Resultado Integral,20,2010-A,2016-T4
5D0123,ORI,D,"Ajustes de Reclasificación, Activos Financieros Disponibles para la Venta, neto de Impuestos",21,2016-A,2026-T2
5D0127,ORI,D,Cambios en el Valor Temporal del Dinero de Opciones,22,2016-A,2026-T2
5D0125,ORI,D,"Ganancia (Pérdida) por Cambios en el Valor Temporal del Dinero de Opciones, neto de Impuestos",23,2016-A,2026-T2
5D0126,ORI,D,"Ajustes de Reclasificación por Cambios en el Valor Temporal del Dinero de Opciones, neto de Impuestos",24,2016-A,2026-T2
5D0130,ORI,D,Cambios en el Valor de los Elementos del Contrato a Término,25,2016-A,2026-T2
5D0128,ORI,D,"Ganancia (Pérdida) por Cambios en el Valor de los Elementos de Contratos a Término, neta de Impuestos",26,2016-A,2026-T2
5D0129,ORI,D,"Ajustes de Reclasificación por Cambios en el Valor de los Elementos de Contratos a Término, neto de Impuestos",27,2016-A,2026-T2
5D0133,ORI,D,Cambio en el Valor de los Diferenciales de Tasa de Cambio de Moneda Extranjera,28,2016-A,2026-T2
5D0131,ORI,D,"Ganancia (Pérdida) por Cambios en el Valor de los Diferenciales de la Tasa de Cambio de la Moneda Extranjera, neto de Impuestos",29,2016-A,2026-T2
5D0132,ORI,D,"Ajustes de Reclasificación por Cambios en el Valor de los Diferenciales de la Tasa de Cambio de la Moneda Extranjera, netos de Impuestos",30,2016-A,2026-T2
5D0137,ORI,D,Activos Financieros Medidos al Valor Razonable con Cambios en Otro Resultado Integral,31,2016-A,2026-T2
5D0134,ORI,D,"Ganancias (Pérdidas) por Activos Financieros Medidos al Valor Razonable con Cambios en Otro Resultado Integral, neta de Impuestos",32,2016-A,2026-T2
5D0135,ORI,D,"Ajustes de Reclasificación sobre Activos Financieros Medidos al Valor Razonable con Cambios en Otro Resultado Integral, netos de Impuestos",33,2016-A,2026-T2
5D0136,ORI,D,"Importes Eliminados del Patrimonio Contra el Valor Razonable de Activos Financieros, por Su Reclasificación a Activos Financieros al Costo Amortizado, neto de Impuestos",34,2016-A,2026-T2
5D0138,ORI,D,"Participacion de Otro Resultado Integral de Subsidiarias, Asociadas y Negocios Conjuntos Contabilizados Utilizando el Método de la Participación, neto de Impuestos",35,2016-A,2026-T2
5D0139,ORI,D,"Total Otro Resultado Integral que se Reclasificará al Resultado del Periodo, neto de Impuestos",36,2016-A,2026-T2
5D03ST,ORI,D,Total Otro Resultado Integral,37,2010-A,2026-T2
5D04ST,ORI,D,"Total Resultado Integral del Ejercicio, neto de Impuesto",38,2010-A,2026-T2
5D0301,ORI,D,Propietarios de la Controladora,39,2010-A,2026-T2
5D0302,ORI,D,Participaciones no Controladoras,40,2010-A,2026-T2
5D05ST,ORI,D,"Total Resultado Integral del Ejercicio, neto de Impuesto",41,2010-A,2026-T2
5E0103,ORI,E,Ganancias (pérdidas) de inversiones en instrumentos de patrimonio al valor razonable,70,2013-T2,2026-T2
5E0101,ORI,E,Ganancia (Pérdida) Neta del Ejercicio,71,2013-T2,2026-T2
5E0110,ORI,E,"Ganancia o ( Pérdida) Neta por Activos Financieros Disponibles para la venta, neta de impuestos",72,2016-T2,2026-T2
5E0104,ORI,E,"Ganancia o ( Pérdida) Neta por cobertura de flujo de efectivo, neta de impuestos",73,2013-T2,2026-T2
5E0105,ORI,E,"Coberturas de inversión neta de negocios en el extranjero, neta de impuestos",74,2013-T2,2026-T2
5E0102,ORI,E,"Diferencia de cambio por conversión de operaciones en el extranjero, neta de impuestos",75,2013-T2,2026-T2
5E0109,ORI,E,Variación neta de activos no corrientes o grupos de activos mantenidos para la venta,75,2013-T2,2026-T2
5E0106,ORI,E,"Participación en otro resultado integral de subsidiarias, asociadas y negocios conjuntos, neto de impuestos",76,2013-T2,2026-T2
5E0107,ORI,E,"Superávit de revaluación , neto de impuestos",77,2013-T2,2026-T2
5E01ST,ORI,E,Otro resultado integral antes de impuestos,77,2013-T2,2026-T2
5E0108,ORI,E,"Resto de Ajustes por valoración, neto de impuestos",78,2013-T2,2026-T2
5E0202,ORI,E,Diferencia de cambio por conversión de operaciones en el extranjero,78,2013-T2,2026-T2
5E0203,ORI,E,Ganancias (pérdidas) de inversiones en instrumentos de patrimonio al valor razonable,79,2013-T2,2026-T2
5E0204,ORI,E,Coberturas del flujo de efectivo,80,2013-T2,2026-T2
5E0205,ORI,E,Coberturas de inversión neta de negocios en el extranjero,81,2013-T2,2026-T2
5E0206,ORI,E,Participación en otro resultado integral de asociadas y negocios conjuntos contabilizados por el método de participación,82,2013-T2,2026-T2
5E0209,ORI,E,Variación neta de activos no corrientes o grupos de activos mantenidos para la venta,83,2013-T2,2026-T2
5E0207,ORI,E,Superávit de revaluación,84,2013-T2,2026-T2
5E0208,ORI,E,Otros,85,2013-T2,2026-T2
5E02ST,ORI,E,Suma de impuestos a las ganancias relacionados con componentes de otro resultado integral,86,2013-T2,2026-T2
5E03ST,ORI,E,Otros resultado integral,87,2013-T2,2026-T2
5E04ST,ORI,E,"Resultado integral total del ejercicio, neto del impuesto a las ganancias",88,2013-T2,2026-T2
5E0301,ORI,E,Propietarios de la Controladora,89,2013-T2,2026-T2
5E0302,ORI,E,Participaciones no Controladoras,90,2013-T2,2026-T2
5E05ST,ORI,E,"Resultado Integral Total del Ejercicio, neto",91,2013-T2,2026-T2
5F0109,ORI,F,Variación neta de activos no corrientes o grupos de activos mantenidos para la venta,49,2013-T1,2026-T2
5F0110,ORI,F,Ganancias (pérdidas) actuariales en plan de beneficios definidos,50,2013-T1,2026-T2
5F0101,ORI,F,Ganancia (Pérdida) Neta del Ejercicio,52,2013-T1,2026-T2
5F0102,ORI,F,Diferencia de cambio por conversión de operaciones en el extranjero,53,2013-T1,2026-T2
5F0103,ORI,F,Ganancias (pérdidas) de inversiones en instrumentos de patrimonio al valor razonable,54,2013-T1,2026-T2
5F0104,ORI,F,Coberturas del flujo de efectivo,55,2013-T1,2026-T2
5F0105,ORI,F,Coberturas de inversión neta de negocios en el extranjero,56,2013-T1,2026-T2
5F0106,ORI,F,"Participación en otro resultado integral de subsidiarias, asociadas y negocios conjuntos",57,2013-T1,2026-T2
5F0107,ORI,F,Superávit de revaluación,58,2013-T1,2026-T2
5F0108,ORI,F,Otros,59,2013-T1,2026-T2
5F0209,ORI,F,Variación neta de activos no corrientes o grupos de activos mantenidos para la venta,59,2013-T1,2026-T2
5F01ST,ORI,F,Otro resultado integral antes de impuestos,60,2013-T1,2026-T2
5F0210,ORI,F,Ganancias (pérdidas) actuariales en plan de beneficios definidos,60,2013-T1,2026-T2
5F0202,ORI,F,Diferencia de cambio por conversión de operaciones en el extranjero,61,2013-T1,2026-T2
5F0203,ORI,F,Ganancias (pérdidas) de inversiones en instrumentos de patrimonio al valor razonable,62,2013-T1,2026-T2
5F0204,ORI,F,Coberturas del flujo de efectivo,63,2013-T1,2026-T2
5F0205,ORI,F,Coberturas de inversión neta de negocios en el extranjero,64,2013-T1,2026-T2
5F0206,ORI,F,"Participación en otro resultado integral de subsidiarias, asociadas y negocios conjuntos",65,2013-T1,2026-T2
5F0301,ORI,F,Propietarios de la Controladora,65,2013-T1,2026-T2
5F0207,ORI,F,Superávit de revaluación,66,2013-T1,2026-T2
5F0302,ORI,F,Participaciones no Controladoras,66,2013-T1,2026-T2
5F0208,ORI,F,Otros,67,2013-T1,2026-T2
5F05ST,ORI,F,"Resultado Integral Total del Ejercicio, neto",67,2013-T1,2026-T2
5F02ST,ORI,F,Suma de impuestos a las ganancias relacionados con componentes de otro resultado integral,68,2013-T1,2026-T2
5F03ST,ORI,F,Otros resultado integral,69,2013-T1,2026-T2
5F04ST,ORI,F,"Resultado integral total del ejercicio, neto del impuesto a las ganancias",70,2013-T1,2026-T2
5V0101,ORI,V,Ganancia (Pérdida) Neta del Ejercicio,81,2013-T1,2026-T2
5V0103,ORI,V,Variación Neta por Coberturas del Flujo de Efectivo,82,2013-T1,2026-T2
5V0109,ORI,V,Coberturas de inversión neta de negocios en el extranjero,83,2013-T1,2026-T2
5V0104,ORI,V,Ganancias (Pérdidas) de Inversiones en Instrumentos de Patrimonio al valor razonable,84,2013-T1,2026-T2
5V0105,ORI,V,Diferencia de Cambio por Conversión de Operaciones en el Extranjero,85,2013-T1,2026-T2
5V0110,ORI,V,Variación neta de activos no corrientes o grupos de activos mantenidos para la venta,86,2013-T1,2026-T2
5V0107,ORI,V,Superávit de Revaluación,87,2013-T1,2026-T2
5V0111,ORI,V,Ganancia (pérdida) actuariales en plan de beneficios definidos,88,2013-T1,2026-T2
5V0112,ORI,V,Cambios en el valor razonable de pasivos financieros atribuibles a cambios en el riesgo de crédito del pasivo,89,2013-T1,2026-T2
5V01ST,ORI,V,Otro Resultado Integral antes de Impuestos,90,2013-T1,2026-T2
5V0202,ORI,V,Variación Neta por Coberturas del Flujo de Efectivo,91,2013-T1,2026-T2
5V0208,ORI,V,Coberturas de inversión neta de negocios en el extranjero,92,2013-T1,2026-T2
5V0203,ORI,V,Ganancias (Pérdidas) de Inversiones en Instrumentos de Patrimonio al valor razonable,93,2013-T1,2026-T2
5V0204,ORI,V,Diferencia de Cambio por Conversión de Operaciones en el Extranjero,94,2013-T1,2026-T2
5V0209,ORI,V,Variación neta de activos no corrientes o grupos de activos mantenidos para la venta,95,2013-T1,2026-T2
5V0206,ORI,V,Superávit de Revaluación,96,2013-T1,2026-T2
5V0210,ORI,V,Ganancia (pérdida) actuariales en plan de beneficios definidos,97,2013-T1,2026-T2
5V0211,ORI,V,Cambios en el valor razonable de pasivos financieros atribuibles a cambios en el riesgo de crédito del pasivo,98,2013-T1,2026-T2
5V02ST,ORI,V,Suma de Impuestos a las Ganancias Relacionados con Componentes de Otro Resultado Integral,99,2013-T1,2026-T2
5V03ST,ORI,V,Otros Resultado Integral,100,2013-T1,2026-T2
5V04ST,ORI,V,"Resultado Integral Total del Ejercicio, neto del Impuesto a las Ganancias",101,2013-T1,2026-T2
