rpj,ruc,nombre,ciiu,tipo_empresa,sector,primer_periodo,ultimo_periodo,planes,estados
000003,20100010721,AERO TRANSPORTE S A,,EMPRESAS SUPERVISADAS - SUP,,2013-A,2014-A,D,ORI
000006,20100144922,GRUPO PANA S.A.,,EMPRESAS SUPERVISADAS - SUP,,2012-A,2014-A,D,ORI
000009,20100084920,BRAILLARD S A,,EMPRESAS SUPERVISADAS - SUP,,2013-A,2014-A,D,ORI
000023,20342347950,BADINOTTI PERU S.A.,,EMPRESAS SUPERVISADAS - SUP,,2014-A,2014-A,D,ORI
000036,20100117364,MITSUI & CO. (PERU) S.A.,,OTRAS EMPRESAS,,2001-T1,2004-A,D,"BG,ER,FE"
000049,20100366151,SANTILLANA SA,,EMPRESAS SUPERVISADAS - SUP,,2012-A,2014-A,D,ORI
000070,20100118506,HALLIBURTON DEL PERU S.R.L.,,EMPRESAS SUPERVISADAS - SUP,,2014-A,2014-A,D,ORI
000120,20100004594,F EBERHARDT S A,,EMPRESAS SUPERVISADAS - SUP,,2013-A,2014-A,D,ORI
000172,20100014395,PRODUCTOS PARAISO DEL PERU S.A.C.,,EMPRESAS SUPERVISADAS - SUP,,2013-A,2014-A,D,ORI
000188,20100090067,VIDRIERIA 28 DE JULIO S.A.C.,,EMPRESAS SUPERVISADAS - SUP,,2012-A,2014-A,D,ORI
000190,20100033004,JAFE S A,,EMPRESAS SUPERVISADAS - SUP,,2014-A,2014-A,D,ORI
000193,20100153751,GMD S A,,OTRAS EMPRESAS,,2012-A,2014-A,D,ORI
000196,20100412447,UNIMAR S A,,EMPRESAS SUPERVISADAS - SUP,,2012-A,2014-A,D,ORI
000211,20100047641,PAPELERA NACIONAL S A,,OTRAS EMPRESAS,,2012-A,2014-A,D,ORI
000260,20100136580,URBANIZADORA JARDIN S A,,OTRAS EMPRESAS,,2012-A,2014-A,D,ORI
000262,20100089727,ESTANCIAS GANADERAS ASOCIADAS S.A.,,EMPRESAS EMISORAS,DIVERSOS,2000-T1,2000-T2,D,"BG,ER,FE"
000263,20100136661,INVERSIONES SAN BORJA S A,,OTRAS EMPRESAS,,2012-A,2014-A,D,ORI
000264,20100114934,ADMINISTRACION DE EMPRESAS S.A.C.,,OTRAS EMPRESAS,,2012-A,2014-A,D,ORI
000271,20100130468,SERVICIOS CORPORATIVOS PACASMAYO S.A.C,,EMPRESAS SUPERVISADAS - SUP,,2014-A,2014-A,D,ORI
000293,20100067596,FABRICA DE CUBIERTOS SAC,,EMPRESAS SUPERVISADAS - SUP,,2014-A,2014-A,D,ORI
000336,20100155371,PROSEGURIDAD PERU S.A.,,OTRAS EMPRESAS,,2014-A,2014-A,D,ORI
000339,20100255325,AGENCIAS RANSA S A,,OTRAS EMPRESAS,,2013-A,2014-A,D,ORI
000348,20102643161,INTERAMERICA DE COMERCIO S.A.,,OTRAS EMPRESAS,,2013-A,2014-A,D,ORI
000354,20100300991,INTERANDES HOLDING S.A.,,EMPRESAS SUPERVISADAS - SUP,,2013-A,2014-A,D,ORI
000355,20100082391,COSAPI S.A.,3690,EMPRESAS EMISORAS,DIVERSOS,2012-A,2025-T3,D,"BG,ER,FE,ORI"
000376,20100025591,EMPRESA ADMINISTRADORA CHUNGAR S.A.C.,,OTRAS EMPRESAS,,2012-A,2014-A,D,ORI
000414,20100081157,CIA IMPORTADORA DERTEANO & STUCKER S.A.C,,EMPRESAS SUPERVISADAS - SUP,,2014-A,2014-A,D,ORI
000416,20131895365,MOLINERA INCA S.A.,,EMPRESAS EMISORAS,INDUSTRIALES,2006-T3,2014-A,D,"BG,ER,FE,ORI"
000432,20100070970,SUPERMERCADOS PERUANOS S.A.,,EMPRESAS EMISORAS,DIVERSOS,2003-T4,2019-T2,D,"BG,ER,FE,ORI"
000442,20301494590,PISOPAK PERU S.A.C.,,EMPRESAS SUPERVISADAS - SUP,,2013-A,2014-A,D,ORI
000453,20100094216,CONSORCIO ENERGETICO DE HUANCAVELICA S A,,OTRAS EMPRESAS,,2012-A,2014-A,D,ORI
000468,20100075009,IBM DEL PERU S A C,,EMPRESAS SUPERVISADAS - SUP,,2012-A,2014-A,D,ORI
000476,20100120403,CONSORCIO NAVIERO PERUANO S A,,EMPRESAS SUPERVISADAS - SUP,,2014-A,2014-A,D,ORI
000478,20100073723,CORPORACION PERUANA DE PRODUCTOS QUIMICOS S.A. - CPPQ S.A.,,OTRAS EMPRESAS,,2008-T3,2014-A,D,"BG,ER,FE,ORI"
000496,20100061474,REPRESENTACIONES DECO S.A.C,,EMPRESAS SUPERVISADAS - SUP,,2012-A,2014-A,D,ORI
000540,20100052050,PERUFARMA S A,,EMPRESAS SUPERVISADAS - SUP,,2012-A,2014-A,D,ORI
000593,20101247431,GRUPO CREDITO S.A.,,OTRAS EMPRESAS,,2012-A,2014-A,D,ORI
000598,20100141583,FARMEX S A,,OTRAS EMPRESAS,,2013-A,2014-A,D,ORI
000599,20100100551,A. B. G. S.A.C.,,EMPRESAS SUPERVISADAS - SUP,,2013-A,2014-A,D,ORI
000602,20100287791,INSTITUTO QUIMIOTERAPICO S A,,EMPRESAS SUPERVISADAS - SUP,,2013-A,2013-A,D,ORI
000633,20100106915,E WONG S A,,OTRAS EMPRESAS,,2012-A,2012-A,D,ORI
000639,20100073308,ELECTROLUX DEL PERU S.A.,,EMPRESAS SUPERVISADAS - SUP,,2012-A,2012-A,D,ORI
000642,20100302269,INMOBILIARIA E INVERSIONES GUIPOR SA,,EMPRESAS SUPERVISADAS - SUP,,2013-A,2014-A,D,ORI
000670,20100015103,TRANSPORTES 77 S.A.,,OTRAS EMPRESAS,,2012-A,2014-A,D,ORI
000683,20100195080,CONSORCIO INDUSTRIAL DE AREQUIPA SA,,EMPRESAS EMISORAS,INDUSTRIALES,2000-T1,2023-A,D,"BG,ER,FE,ORI"
000686,20100083362,CORPORACION SAPIA S.A.,,EMPRESAS SUPERVISADAS QUE USAN EL MVNET - MVN,,2012-A,2014-A,D,ORI
000717,20100154308,SAN FERNANDO S.A.,,EMPRESAS EMISORAS,INDUSTRIALES,2006-T4,2016-T2,D,"BG,ER,FE,ORI"
000721,20101956327,CITICORP SERVIUM S A,,OTRAS EMPRESAS,,2000-A,2018-T3,"B,D,F","BG,ER,FE,ORI"
000722,20100154057,CUMBRA PERU S.A.,,OTRAS EMPRESAS,,2012-A,2014-A,D,ORI
000725,20100102251,MINERA LIZANDRO PROAñO S.A. EN LIQUIDACION,,EMPRESAS EMISORAS,MINERAS,2000-T1,2000-T1,D,"BG,ER,FE"
000790,20100054184,CLINICA INTERNACIONAL S A,,OTRAS EMPRESAS,,2012-A,2014-A,D,ORI
000792,20100144337,INVERSIONES BELCA S.A.,,EMPRESAS SUPERVISADAS - SUP,,2012-A,2014-A,D,ORI
000855,20100176701,ALMACENES SANTA CLARA S A,,EMPRESAS SUPERVISADAS - SUP,,2012-A,2014-A,D,ORI
000867,20100140340,CONSORCIO MINERO S.A. EN LIQUIDACION,,OTRAS EMPRESAS,,2012-A,2014-A,D,ORI
000910,20102216092,W.W.G. DEL PERU S.A.,,EMPRESAS SUPERVISADAS - SUP,,2013-A,2014-A,D,ORI
000981,20100193117,YARA PERU S.R.L.,,EMPRESAS EMISORAS,INDUSTRIALES,2007-T2,2014-A,D,"BG,ER,FE,ORI"
001041,20100166811,METALPREN S A,,EMPRESAS EMISORAS,INDUSTRIALES,2006-T3,2014-A,D,"BG,ER,FE,ORI"
001152,20100094054,FUTURA CONSORCIO INMOBILIARIO S.A.,6810,EMPRESAS EMISORAS,DIVERSOS,2007-T4,2026-T2,D,"BG,ER,FE,ORI"
001154,20111378909,ROMERO TRADING S A,,OTRAS EMPRESAS,,2012-A,2013-A,D,ORI
001169,20100482658,A Y F WIESE S.A.,,OTRAS EMPRESAS,,2013-A,2014-A,D,ORI
001173,20114050025,EMBOTELLADORA LA SELVA SA,,OTRAS EMPRESAS,,2013-A,2013-A,D,ORI
001185,20100146895,IESA S A,,OTRAS EMPRESAS,,2012-A,2014-A,D,ORI
001256,20100116805,CIA MINERA CAUDALOSA S A,,OTRAS EMPRESAS,,2012-A,2014-A,D,ORI
001257,20100095298,CIA MINERA CONDESA S A,,OTRAS EMPRESAS,,2012-A,2014-A,D,ORI
001264,20100018625,MEDIFARMA S A,,OTRAS EMPRESAS,DIVERSOS,2000-T1,2014-A,D,"BG,ER,FE,ORI"
001285,20100136318,INMUEBLES LIMATAMBO S.A.,,OTRAS EMPRESAS,,2000-T4,2014-A,D,"BG,ER,FE,ORI"
001297,20100324238,AVICOLA RIO AZUL S A,,EMPRESAS SUPERVISADAS - SUP,,2013-A,2014-A,D,ORI
001311,20100124654,SINDICATO DE INVERSIONES Y ADMINISTRACION S.A.,,OTRAS EMPRESAS,,2012-A,2014-A,D,ORI
001313,20100228191,TRANSALTISA S.A.,,OTRAS EMPRESAS,,2012-A,2014-A,D,ORI
001325,20100034400,COMPAÑIA EMBOTELLADORA DEL PACIFICO S.A. EN LIQUIDA,,EMPRESAS EMISORAS,,2000-T1,2000-T1,D,"BG,ER,FE"
001337,20113612852,PERUANA DE PERFORACION S.A.C.,,EMPRESAS SUPERVISADAS - SUP,,2014-A,2014-A,D,ORI
001353,20100226902,ALIMENTOS PROCESADOS SA,,OTRAS EMPRESAS,,2012-A,2014-A,D,ORI
001366,20100083281,INDUSTRIAL CROMOTEX S A,,OTRAS EMPRESAS,,2014-A,2014-A,D,ORI
001389,20100737826,EMPRESA ALGODONERA S A,,OTRAS EMPRESAS,,2014-A,2014-A,D,ORI
001404,20100227542,PROCESOS AGROINDUSTRIALES SOCIEDAD ANONIMA,,OTRAS EMPRESAS,,2012-A,2014-A,D,ORI
001415,20100975417,MINERA EL MUKI S A,,OTRAS EMPRESAS,,2012-A,2013-A,D,ORI
001463,20108069687,R.H. ADMINISTRACIONES S.A.,,EMPRESAS SUPERVISADAS - SUP,,2014-A,2014-A,D,ORI
001474,20100318696,HV CONTRATISTAS S.A.,,EMPRESAS SUPERVISADAS - SUP,,2012-A,2014-A,D,ORI
001482,20128847881,NAVIERA ORIENTE S.A.C.,,OTRAS EMPRESAS,,2012-A,2014-A,D,ORI
001485,20100814162,RACIONALIZACION EMPRESARIAL SA,,OTRAS EMPRESAS,,2012-A,2014-A,D,ORI
001498,20132162230,EMPRESA EDITORA LA INDUSTRIA DE TRUJILLO S.A.,,EMPRESAS EMISORAS,,2000-T1,2000-T2,D,"BG,ER,FE"
001509,20112804553,INVERSIONES EL PINO S.A.C.,,EMPRESAS SUPERVISADAS - SUP,,2012-A,2013-A,D,ORI
001511,20101395031,TRABAJOS MARITIMOS S.A.,,EMPRESAS SUPERVISADAS - SUP,,2012-A,2014-A,D,ORI
001528,20100128307,CONSORCIO EMPRESARIAL AGNAV S.A.,,EMPRESAS SUPERVISADAS - SUP,,2014-A,2014-A,D,ORI
001539,20102009623,INVERSIONES VOLTERRA S A,,EMPRESAS SUPERVISADAS - SUP,,2013-A,2014-A,D,ORI
001540,20102009895,SAN GIMIGNANO S A,,EMPRESAS SUPERVISADAS - SUP,,2014-A,2014-A,D,ORI
001652,20109072177,CENCOSUD RETAIL PERU S.A.,,OTRAS EMPRESAS,,2012-A,2012-A,D,ORI
001653,20100069297,KURESA S A,,EMPRESAS SUPERVISADAS - SUP,,2013-A,2014-A,D,ORI
001655,20107497600,FERIA ORIENTE S.A.C.,,OTRAS EMPRESAS,,2014-A,2014-A,D,ORI
001672,20100039207,RANSA COMERCIAL S.A.C,,EMPRESAS EMISORAS,DIVERSOS,2000-T1,2014-A,D,"BG,ER,FE,ORI"
001923,20163901197,INDUSTRIAS DEL ESPINO S.A.,,OTRAS EMPRESAS,,2012-A,2014-A,D,ORI
001937,20106566721,CLASS POINT S.A.,,EMPRESAS SUPERVISADAS - SUP,,2014-A,2014-A,D,ORI
001972,20136222725,AGRICOLA HOJA REDONDA S.A.,,OTRAS EMPRESAS,,2012-A,2014-A,D,ORI
002010,20101298851,MANUFACTURAS SAN ISIDRO S.A.C.,,EMPRESAS SUPERVISADAS - SUP,,2012-A,2014-A,D,ORI
002107,20256211310,MITSUI AUTOMOTRIZ S A,,OTRAS EMPRESAS,,2005-T2,2014-A,D,"BG,ER,FE,ORI"
002189,20176539977,FUTURO INVEST S.A.,,OTRAS EMPRESAS,,2013-A,2014-A,D,ORI
002212,20222335052,CARTAVIO RUM COMPANY S.A.C.,,OTRAS EMPRESAS,,2013-A,2014-A,D,ORI
002318,20268062671,MINERA PAMPA DE COBRE S.A.C.,,OTRAS EMPRESAS,,2012-A,2014-A,D,ORI
002357,20264592497,TEXGROUP S.A.,,OTRAS EMPRESAS,,2012-A,2014-A,D,ORI
002377,20262254268,ZETA GAS ANDINO S.A.,,EMPRESAS SUPERVISADAS - SUP,,2012-A,2014-A,D,ORI
002597,20217427593,SOCIEDAD MINERA CORONA S.A.,0729,EMPRESAS EMISORAS,MINERAS,2000-T1,2026-T2,D,"BG,ER,FE,ORI"
002684,20160286068,MAQUINARIAS S.A.,,EMPRESAS EMISORAS,DIVERSOS,2004-T4,2014-A,D,"BG,ER,FE,ORI"
002707,20301812982,VALORES AGROINDUSTRIALES S.A.,,EMPRESAS SUPERVISADAS - SUP,,2014-A,2014-A,D,ORI
002728,20209133394,MINERA BARRICK MISQUICHILCA SA,,EMPRESAS EMISORAS,MINERAS,2005-T1,2014-A,D,"BG,ER,FE,ORI"
002738,20290000263,TELEFONICA MULTIMEDIA S.A.C.,,OTRAS EMPRESAS,,2012-A,2014-A,D,ORI
002740,20293623431,CLARIANT (PERU) SA,,EMPRESAS EMISORAS,INDUSTRIALES DEL TRABAJO,2000-T1,2003-T3,D,"BG,ER,FE"
002758,20298081556,INMOBILIARIA ALMONTE S.A.C.,,EMPRESAS SUPERVISADAS - SUP,,2014-A,2014-A,D,ORI
002763,20115039262,CAL & CEMENTO SUR S.A.,,OTRAS EMPRESAS,,2012-A,2014-A,D,ORI
002766,20259829594,REFINERIA LA PAMPILLA S.A.A.,2320,EMPRESAS EMISORAS,INDUSTRIALES,2003-T4,2026-T2,D,"BG,ER,FE,ORI"
002777,20305012417,INVERSIONES EN CONCRETO Y AFINES S.A.,,OTRAS EMPRESAS,,2014-A,2014-A,D,ORI
002796,20330791684,SUDAMERICANA DE FIBRAS S.A.,,OTRAS EMPRESAS,,2012-A,2014-A,D,ORI
002825,20297543653,UNION DE CONCRETERAS S.A,,OTRAS EMPRESAS,,2012-A,2014-A,D,ORI
002827,20266211351,DISTRIBUIDORA KASSANDRA SA,,EMPRESAS SUPERVISADAS - SUP,,2014-A,2014-A,D,ORI
002829,20333363900,ENGIE ENERGIA PERU S.A.A.,3510,EMPRESAS EMISORAS,SERVICIOS PUBLICOS,2005-T4,2026-T2,D,"BG,ER,FE,ORI"
002859,20305416933,INMOBILIARIA LUZ DEL SUR SA,,OTRAS EMPRESAS,,2012-A,2014-A,D,ORI
002861,20286635106,EMP DE DISTRIBUCION ELECTRICA CANETE SA,,OTRAS EMPRESAS,,2012-A,2014-A,D,ORI
002902,20337035893,HACIENDAS GANADERAS S.A.,,EMPRESAS EMISORAS,INDUSTRIALES DEL TRABAJO,2000-T1,2004-T2,D,"BG,ER,FE"
002923,20307146798,CERAMICA SAN LORENZO SAC,,OTRAS EMPRESAS,,2012-A,2014-A,D,ORI
002927,20338352728,PERUANA DE ENERGIA S.A.A.,4050,EMPRESAS EMISORAS,SERVICIOS PUBLICOS,2000-T1,2026-T2,D,"BG,ER,FE,ORI"
002935,20297867718,ALESE S.A.C.,,OTRAS EMPRESAS,,2012-A,2014-A,D,ORI
002962,20341848955,GATE GOURMET PERU S.R.L.,,EMPRESAS SUPERVISADAS - SUP,,2013-A,2014-A,D,ORI
002963,20378092419,FILASUR S.A.,,EMPRESAS SUPERVISADAS - SUP,,2012-A,2014-A,D,ORI
002964,20342762779,OUTOTEC ( PERU ) S.A.C.,,EMPRESAS SUPERVISADAS - SUP,,2012-A,2014-A,D,ORI
002998,20346662612,GOLDEN INVESTMENT S.A.,,EMPRESAS SUPERVISADAS - SUP,,2012-A,2014-A,D,ORI
002999,20101508928,J E CONSTRUCCIONES GENERALES S A,,EMPRESAS SUPERVISADAS - SUP,,2013-A,2014-A,D,ORI
003011,20376289215,OPERACIONES ARCOS DORADOS DE PERU SA,,EMPRESAS SUPERVISADAS - SUP,,2013-A,2013-A,D,ORI
003013,20357259976,SKANSKA DEL PERU S.A.,,EMPRESAS SUPERVISADAS - SUP,,2012-A,2014-A,D,ORI
003017,20349065488,EUROSHOP S.A.,,EMPRESAS SUPERVISADAS - SUP,,2012-A,2014-A,D,ORI
003018,20100727359,MANUFACTURAS DE ACERO COMERCIAL E INDUST RIAL S.A.,,EMPRESAS SUPERVISADAS - SUP,,2012-A,2014-A,D,ORI
003021,20101759173,DEMEM S A,,EMPRESAS SUPERVISADAS - SUP,,2014-A,2014-A,D,ORI
003025,20380740835,INVERSIONES BREM S.A.,,EMPRESAS SUPERVISADAS - SUP,,2013-A,2014-A,D,ORI
003026,20381379648,TEJIDOS SAN JACINTO S.A.,,EMPRESAS SUPERVISADAS - SUP,,2012-A,2014-A,D,ORI
003042,20302888231,SANTA SOFIA PUERTOS S.A,,OTRAS EMPRESAS,,2012-A,2014-A,D,ORI
003052,20254305066,SIKA PERU S.A.,,EMPRESAS SUPERVISADAS - SUP,,2012-A,2013-A,D,ORI
003058,20270508163,ENEL GENERACION PIURA S.A.,4010,EMPRESAS EMISORAS,SERVICIOS PUBLICOS,2000-T1,2026-T2,D,"BG,ER,FE,ORI"
003076,20346814731,CONSTRUTORA QUEIROZ GALVAO SA-SUCURSAL DEL PERU,,EMPRESAS SUPERVISADAS - SUP,,2012-A,2014-A,D,ORI
003093,20315738823,3A S.A.,,EMPRESAS SUPERVISADAS - SUP,,2013-A,2014-A,D,ORI
003098,20372706288,SONY PERU S.R.L.,,EMPRESAS SUPERVISADAS - SUP,,2012-A,2014-A,D,ORI
003110,20259814210,MEDITERRANEAN SHIPPING COMPANY DEL PERU SAC,,EMPRESAS SUPERVISADAS - SUP,,2014-A,2014-A,D,ORI
003119,20100004756,MONARK PERU S A,,OTRAS EMPRESAS,,2014-A,2014-A,D,ORI
003127,20102027010,AUSA ADUANAS S.A.,,EMPRESAS SUPERVISADAS - SUP,,2014-A,2014-A,D,ORI
003140,20341198217,COMPAñIA PERUANA DE MEDIOS DE PAGO S.A.C,,EMPRESAS SUPERVISADAS - SUP,,2012-A,2014-A,D,ORI
003142,20108575469,INMOBILIARIA TURQUESA S.A. EN LIQUIDACION,,EMPRESAS SUPERVISADAS - SUP,,2012-A,2013-A,D,ORI
003182,20155154650,INTERNATIONAL INVESTMENTS SOCIEDAD ANONIMA,,OTRAS EMPRESAS,,2012-A,2014-A,D,ORI
003191,20375755344,LG ELECTRONICS PERU S.A.,,EMPRESAS SUPERVISADAS - SUP,,2012-A,2014-A,D,ORI
003192,20101026001,CERAMICA LIMA S A,,OTRAS EMPRESAS,,2000-T4,2014-A,D,"BG,ER,FE,ORI"
003224,20330033313,PERUANA DE ESTACIONES DE SERVICIOS S.A.C,,OTRAS EMPRESAS,,2012-A,2014-A,D,ORI
003266,20475486677,CEMENTOS NORTE PACASMAYO ENERGIA S.A.A.,,EMPRESAS EMISORAS,INDUSTRIALES,2000-T2,2000-T4,D,"BG,ER,FE"
003277,20306841506,ADMINISTRADORA JOCKEY PLAZA SHOPPING CENTER S.A.,7499,EMPRESAS EMISORAS,DIVERSOS,2014-A,2026-T2,D,"BG,ER,FE,ORI"
003292,20347196917,PESQUERA RUBI S.A.,,EMPRESAS SUPERVISADAS - SUP,,2013-A,2014-A,D,ORI
003293,20334539149,BELMOND PERU S.A.,,EMPRESAS SUPERVISADAS - SUP,,2013-A,2014-A,D,ORI
003306,20334089941,PRAXIS COMERCIAL S.A.C.,,EMPRESAS SUPERVISADAS - SUP,,2013-A,2014-A,D,ORI
003309,20373651223,SCHERING-PLOUGH DEL PERU S.A.,,EMPRESAS SUPERVISADAS - SUP,,2013-A,2014-A,D,ORI
003314,20337771085,CINEMARK DEL PERU S.R.L,,EMPRESAS SUPERVISADAS - SUP,,2012-A,2014-A,D,ORI
003354,20348511824,SAMITEX SA,,EMPRESAS SUPERVISADAS - SUP,,2013-A,2014-A,D,ORI
003376,20340584237,CAMPOSOL S.A.,,EMPRESAS EMISORAS,AGRICOLAS,2012-A,2019-T1,D,"BG,ER,FE,ORI"
003382,20343675748,HICA INVERSIONES SA EN LIQUIDACION,,EMPRESAS SUPERVISADAS - SUP,,2000-A,2003-T3,D,"BG,ER,FE"
003423,20305146618,CONSTRUCTORES INTERAMERICANOS S.A.C.,,OTRAS EMPRESAS,,2012-A,2014-A,D,ORI
003459,20303063413,ANITA FOOD SA,,EMPRESAS SUPERVISADAS - SUP,,2012-A,2014-A,D,ORI
003460,20212561534,ALCON PHARMACEUTICAL DEL PERU SA,,OTRAS EMPRESAS,,2014-A,2014-A,D,ORI
003466,20331061655,AJEPER S.A.,,EMPRESAS SUPERVISADAS - SUP,,2012-A,2014-A,D,ORI
003485,20337564373,TIENDAS POR DEPARTAMENTO RIPLEY S.A.,,OTRAS EMPRESAS,,2000-T4,2014-A,D,"BG,ER,FE,ORI"
003512,20334766714,INVERSIONES LA RIOJA S.A.,,EMPRESAS EMISORAS,DIVERSOS,2008-T3,2018-T2,D,"BG,ER,FE,ORI"
003517,20293380512,INVERSIONES Y SERVICIOS FINANCIEROS S.A.,,EMPRESAS EMISORAS,DIVERSOS,2008-T4,2014-A,D,"BG,ER,FE,ORI"
003521,20101701175,INVERSIONES ANDINO S A,,OTRAS EMPRESAS,,2012-A,2014-A,D,ORI
003528,20307068541,POOL DE MAQ.INDUSTRIALES STA.PATRICIA SA,,EMPRESAS SUPERVISADAS - SUP,,2012-A,2012-A,D,ORI
003573,20259033072,PERUANA DE COMBUSTIBLES S.A,,OTRAS EMPRESAS,,2012-A,2014-A,D,ORI
003601,20221084684,REDONDOS S A,,EMPRESAS SUPERVISADAS - SUP,,2012-A,2014-A,D,ORI
003637,20347258611,CORPORACION GRAFICA NAVARRETE S.A.,,EMPRESAS SUPERVISADAS - SUP,,2013-A,2014-A,D,ORI
003667,20374041011,TETRA PAK S.A.,,EMPRESAS SUPERVISADAS - SUP,,2012-A,2014-A,D,ORI
003685,20100203287,CARABAYA INVERSIONES Y FINANZAS S.A.,,OTRAS EMPRESAS,,2006-T3,2014-A,D,"BG,ER,FE,ORI"
003710,20100192901,TRANSPORTES BARCINO S.A.C.,,OTRAS EMPRESAS,,2012-A,2014-A,D,ORI
004279,20100070031,VOLVO PERU S A,,EMPRESAS EMISORAS,INDUSTRIALES,2012-A,2014-A,D,ORI
005188,20100164010,MONDELEZ PERU S.A.,,EMPRESAS EMISORAS,INDUSTRIALES,2000-T1,2014-A,D,"BG,ER,FE,ORI"
005603,20100162742,CLINICA SAN FELIPE S A,,OTRAS EMPRESAS,,2013-A,2014-A,D,ORI
005971,20100183740,RED STAR DEL PERU S A,,OTRAS EMPRESAS,,2014-A,2014-A,D,ORI
006162,20100199743,INCA TOPS S.A.,,EMPRESAS EMISORAS,INDUSTRIALES,2000-T1,2014-A,D,"BG,ER,FE,ORI"
006166,20100190797,LECHE GLORIA S.A.,1520,EMPRESAS EMISORAS,INDUSTRIALES,2000-T1,2026-T2,D,"BG,ER,FE,ORI"
006577,20101950558,SANTA AURELIA S A,,OTRAS EMPRESAS,,2000-A,2016-A,D,"BG,ER,FE,ORI"
006826,20100032709,I Q F DEL PERU SA,,EMPRESAS EMISORAS,INDUSTRIALES,2000-T1,2014-A,D,"BG,ER,FE,ORI"
007054,20100061393,INVERSIONES NUEVO MUNDO 2000 S.A.,,EMPRESAS SUPERVISADAS - SUP,,2000-A,2006-T3,D,"BG,ER,FE"
007152,20100189942,PAPELERA PANAMERICANA S A,,EMPRESAS EMISORAS,INDUSTRIALES,2000-T1,2002-T1,D,"BG,ER,FE"
008063,20100017149,PANAMERICANA TELEVISION S A,,EMPRESAS EMISORAS,,2013-A,2014-A,D,ORI
008180,20103913340,ORVISA SOCIEDAD ANONIMA,,OTRAS EMPRESAS,,2012-A,2014-A,D,ORI
008210,20100223555,GLORIA FOODS - JORB SOCIEDAD ANONIMA,,OTRAS EMPRESAS,,2000-T4,2014-A,D,"BG,ER,FE,ORI"
008536,20129544504,INDALSA-INDUSTRIALIZACION DE ALIMENTOS S.A. - EN LIQUIDACION,,EMPRESAS EMISORAS,DIVERSOS,2000-T1,2002-T2,D,"BG,ER,FE"
008677,20101520898,FARGOLINE SOCIEDAD ANONIMA - FARGOLINE S.A.,,OTRAS EMPRESAS,,2012-A,2014-A,D,ORI
010615,20100064813,"MARCAS, SERVICIOS Y REPRESENTACIONES SOCIEDAD ANÓNIMA CERRADA",,OTRAS EMPRESAS,,2000-T4,2003-A,D,"BG,ER,FE"
010765,20100811490,GRAÑA Y MONTERO EDIFICACIONES S.A.,,EMPRESAS EMISORAS,SERVICIOS PUBLICOS,2000-T1,2003-T1,D,"BG,ER,FE"
011503,20137252849,ARINCO S.A.,,OTRAS EMPRESAS,,2000-A,2001-A,D,"BG,ER,FE"
014313,20100128056,SAGA FALABELLA S.A.,5219,EMPRESAS EMISORAS,DIVERSOS,2000-T1,2026-T2,D,"BG,ER,FE,ORI"
014337,20101813305,DIGICEM S.A.,,OTRAS EMPRESAS,,2014-A,2014-A,D,ORI
014675,20100544866,SERVICIOS ESPECIALES DE EDICION S A,,OTRAS EMPRESAS,DIVERSOS,2012-A,2013-A,D,ORI
014819,20100028698,FERREYROS SOCIEDAD ANÓNIMA,,EMPRESAS EMISORAS,DIVERSOS,2013-T1,2014-A,D,"BG,ER,FE,ORI"
015879,20101067531,INVERSIONES SUR S A,,OTRAS EMPRESAS,,2001-T1,2008-A,D,"BG,ER,FE"
015965,20100029406,PACKAGING PRODUCTS DEL PERU S.A.,,EMPRESAS EMISORAS,,2013-A,2014-A,D,ORI
016840,20162944976,INDUSTRIAS TRICOLOR PERU S.A.,,OTRAS EMPRESAS,,2000-T4,2012-T1,D,"BG,ER,FE,ORI"
017070,20141723601,EMPRESA AZUCARERA EL INGENIO S.A.,0114,EMPRESAS EMISORAS,AGRICOLAS,2000-T1,2026-T2,D,"BG,ER,FE,ORI"
017721,20109922731,CONTACTO CORREDORES DE SEGUROS SA,,OTRAS EMPRESAS,,2012-A,2014-A,D,ORI
017892,20196629000,FIMA S A,,EMPRESAS EMISORAS,INDUSTRIALES,2000-T1,2014-A,D,"BG,ER,FE,ORI"
018111,20100971772,TECNOLOGICA DE ALIMENTOS S.A.,,EMPRESAS EMISORAS,INDUSTRIALES,2000-T1,2014-A,D,"BG,ER,FE,ORI"
018712,20100031303,CONSORCIO TEXTIL DEL PACIFICO S.A. EN LIQUIDACION,,EMPRESAS EMISORAS,INDUSTRIALES,2000-T1,2004-T2,D,"BG,ER,FE"
018982,20101095071,CEMA COMUNICACIONES S.A. - EN LIQUIDACION,,EMPRESAS EMISORAS,DIVERSOS,2000-T1,2005-T2,D,"BG,ER,FE"
019094,20129854953,CENTRAL AZUCARERA CHUCARAPI-PAMPA BLANCA S.A.,1110,EMPRESAS EMISORAS,AGRICOLAS,2000-T1,2026-T2,D,"BG,ER,FE,ORI"
019422,20196386697,CI A. HO TELERA EL PACIFICO S.A.,,EMPRESAS SUPERVISADAS - SUP,,2001-A,2002-T1,D,"BG,ER,FE"
019549,20217264783,INVERSIONES DISTRILIMA S.A.C.,,OTRAS EMPRESAS,,2000-T4,2017-T1,D,"BG,ER,FE,ORI"
019886,20161636780,CORPORACION CERAMICA S.A.,,EMPRESAS EMISORAS,INDUSTRIALES,2000-T1,2020-T2,D,"BG,ER,FE,ORI"
020045,20260172035,ACTIVO INMOBILIARIO PERUANO S.A.A. (ANTES FALABELLA PERU S.A.A.),6719,EMPRESAS EMISORAS,DIVERSOS,2000-T4,2026-T2,D,"BG,ER,FE,ORI"
020175,20196386697,COMPAÑIA DE INVERSIONES EL PALACIO SOCIEDAD ANONIMA,,OTRAS EMPRESAS,,2001-T2,2010-T3,D,"BG,ER,FE"
020787,20266041846,HOLDING CONTINENTAL S.A.,,OTRAS EMPRESAS,,2000-T4,2016-T2,D,"BG,ER,FE,ORI"
020899,20294751565,CENTROS COMERCIALES DEL PERU S.A.,,EMPRESAS EMISORAS,DIVERSOS,2000-T1,2010-T3,D,"BG,ER,FE"
020915,20131644524,DISTRIBUIDORA NORTE PACASMAYO SRL,,OTRAS EMPRESAS,,2012-A,2014-A,D,ORI
021762,20123898843,INVERSIONES LATINAS S.A.,,EMPRESAS SUPERVISADAS - SUP,,2000-T4,2001-T4,D,"BG,ER,FE"
021791,20295008866,MINERA AV S.A.,,EMPRESAS SUPERVISADAS - SUP,,2000-T4,2003-T1,D,"BG,ER,FE"
022381,20338570041,PRAXAIR PERU SOCIEDAD COMERCIAL DE RESPONSABILIDAD LIMITADA,,EMPRESAS EMISORAS,DIVERSOS,2000-T1,2004-T3,D,"BG,ER,FE"
022711,20302507296,SIDER CORP S.A.,,OTRAS EMPRESAS,,2000-T4,2006-T1,D,"BG,ER,FE"
022785,20304891361,DUKE ENERGY INTERNATIONAL PERU INVERSIONES N°1 S.R.L.EN LIQUIDACION,,EMPRESAS SUPERVISADAS - SUP,,2000-T1,2002-T3,D,"BG,ER,FE"
022966,20334586147,ELECTRICA CABO BLANCO S.A.C.,,OTRAS EMPRESAS,,2000-T4,2017-T1,D,"BG,ER,FE,ORI"
022967,20298669707,ENEL PERU S.A.C.,,OTRAS EMPRESAS,,2000-T2,2014-A,D,"BG,ER,FE,ORI"
022984,20297652274,GENERANDES PERU S.A.,,EMPRESAS EMISORAS,SERVICIOS PUBLICOS,2000-T4,2017-T1,D,"BG,ER,FE,ORI"
023106,20332600592,AENZA S.A.A.,6719,EMPRESAS EMISORAS,DIVERSOS,2000-T1,2026-T2,D,"BG,ER,FE,ORI"
023154,20338646802,ORAZUL ENERGY EGENOR SOCIEDAD EN COMANDITA POR ACCIONES,,EMPRESAS EMISORAS,SERVICIOS PUBLICOS,2000-T1,2017-T1,D,"BG,ER,FE,ORI"
023371,20329935672,RECAUDADORA S.A.,,OTRAS EMPRESAS,,2000-T4,2003-T4,"E,S","BG,ER,FE"
023490,20312372895,YURA S.A.,2394,EMPRESAS EMISORAS,INDUSTRIALES,2000-T1,2026-T2,D,"BG,ER,FE,ORI"
A20032,20100136741,MINSUR S.A.,1320,EMPRESAS EMISORAS,MINERAS,2000-T1,2026-T2,D,"BG,ER,FE,ORI"
A80069,20100210909,LA POSITIVA SEGUROS Y REASEGUROS S.A.,6603,EMPRESAS EMISORAS,SEGUROS,2000-T1,2026-T2,"E,S","BG,ER,FE,ORI"
AFP002,20157036794,AFP INTEGRA,6530,EMPRESAS EMISORAS,A.F.P.,2000-T1,2026-T2,"A,D","BG,ER,FE,ORI"
AFP004,20142829551,PROFUTURO AFP,6602,EMPRESAS EMISORAS,A.F.P.,2000-T1,2026-T2,"A,D","BG,ER,FE,ORI"
AFP005,20143980821,AFP HORIZONTE S.A.,,EMPRESAS EMISORAS,A.F.P.,2000-T1,2013-T2,"A,D","BG,ER,FE,ORI"
AFP008,20170124449,AFP UNION VIDA S A,,EMPRESAS EMISORAS,A.F.P.,2000-T1,2006-T3,"D,F","BG,ER,FE"
B08357,20164121713,EMPRESA AGRICOLA GANADERA SALAMANCA S.A.A.,,EMPRESAS EMISORAS,AGRICOLAS,2000-T1,2006-T1,D,"BG,ER,FE"
B08358,20133419749,EMPRESA AGRICOLA SINTUCO S.A.,,EMPRESAS EMISORAS,AGRICOLAS,2000-T1,2022-A,D,"BG,ER,FE,ORI"
B08359,20118792174,EMPRESA AGRARIA AZUCARERA ANDAHUASI S.A.A.,1542,EMPRESAS EMISORAS,AGRICOLAS,2000-T1,2026-T2,D,"BG,ER,FE,ORI"
B08360,20163898200,EMPRESA AGROINDUSTRIAL POMALCA S.A.A.,1072,EMPRESAS EMISORAS,AGRICOLAS,2003-T1,2026-T2,D,"BG,ER,FE,ORI"
B08361,20131823020,CASA GRANDE SOCIEDAD ANONIMA ABIERTA,1542,EMPRESAS EMISORAS,AGRICOLAS,2000-T1,2026-T2,D,"BG,ER,FE,ORI"
B08362,20103615080,EMPRESA AGRICOLA LA UNION S.A.,,EMPRESAS EMISORAS,AGRICOLAS,2000-T1,2000-A,D,"BG,ER,FE"
B08363,20132377783,AGROINDUSTRIAL LAREDO S.A.A.,1542,EMPRESAS EMISORAS,AGRICOLAS,2000-T1,2026-T2,D,"BG,ER,FE,ORI"
B11065,20263322496,NESTLE PERU S A,,EMPRESAS EMISORAS,,2012-A,2014-A,D,ORI
B11067,20135948641,AGRO INDUSTRIAL PARAMONGA S.A.,1072,EMPRESAS EMISORAS,AGRICOLAS,2000-T1,2026-T2,D,"BG,ER,FE,ORI"
B11068,20116225779,AGROINDUSTRIAS SAN JACINTO S.A.A.,1542,EMPRESAS EMISORAS,AGRICOLAS,2000-T1,2026-T2,D,"BG,ER,FE,ORI"
B11072,20131835621,EMPRESA AGRARIA CHIQUITOY S.A.,0114,EMPRESAS EMISORAS,AGRICOLAS,2000-T1,2026-T2,D,"BG,ER,FE,ORI"
B11073,20164042686,AGRICOLA CAYALTI SOCIEDAD ANONIMA ABIERTA,0113,EMPRESAS EMISORAS,AGRICOLAS,2005-T1,2026-T2,D,"BG,ER,FE,ORI"
B11074,20103272964,EMPRESA AGRICOLA SAN JUAN S.A.,0111,EMPRESAS EMISORAS,AGRICOLAS,2000-T1,2026-T2,D,"BG,ER,FE,ORI"
B11076,20113704463,NEGOCIACION AGRICOLA VISTA ALEGRE S.A.,,EMPRESAS EMISORAS,AGRICOLAS,2000-T1,2011-A,D,"BG,ER,FE,ORI"
B11077,20113657872,AGRO PUCALA S.A.A.,,EMPRESAS EMISORAS,AGRICOLAS,2000-T3,2000-T3,D,"BG,ER,FE"
B11078,20136009614,EMPRESA AGROINDUSTRIAL TUMAN S.A.A.,,EMPRESAS EMISORAS,AGRICOLAS,2000-T1,2014-T4,D,"BG,ER,FE,ORI"
B11079,20132369331,EMPRESA AGRICOLA BARRAZA S.A.,,EMPRESAS EMISORAS,AGRICOLAS,2000-T1,2010-T3,D,"BG,ER,FE"
B11082,20131867744,CARTAVIO SOCIEDAD ANONIMA ABIERTA,1542,EMPRESAS EMISORAS,AGRICOLAS,2000-T1,2026-T2,D,"BG,ER,FE,ORI"
B11083,20344943801,EMBOTELLADORA LATINOAMERICANA S.A.-ELSA (RET),,EMPRESAS EMISORAS,INDUSTRIALES,2000-T1,2005-T3,D,"BG,ER,FE"
B20001,20100163048,CASTROVIRREYNA COMPAÑIA MINERA S.A. EN LIQUIDACION,,EMPRESAS EMISORAS,MINERAS,2000-T1,2016-T2,D,"BG,ER,FE,ORI"
B20003,20100079501,COMPAÑIA DE MINAS BUENAVENTURA S.A.A.,1320,EMPRESAS EMISORAS,MINERAS,2000-T1,2026-T2,D,"BG,ER,FE,ORI"
B20010,20100110513,NEXA RESOURCES PERU S.A.A.,1320,EMPRESAS EMISORAS,MINERAS,2000-T1,2026-T2,D,"BG,ER,FE,ORI"
B20011,20100130387,COMPAÑIA MINERA PATIVILCA S.A. R,,EMPRESAS EMISORAS,,2000-T1,2000-T2,D,"BG,ER,FE"
B20012,20100163552,COMPAÑIA MINERA RAURA S.A.,,EMPRESAS EMISORAS,MINERAS,2000-T1,2017-T1,D,"BG,ER,FE,ORI"
B20013,20100177421,COMPAÑIA MINERA SAN IGNACIO DE MOROCOCHA S.A.A.,1320,EMPRESAS EMISORAS,MINERAS,2000-T1,2026-T2,D,"BG,ER,FE,ORI"
B20015,20100325633,COMPAÑIA MINERA SAYAPULLO S.A. - EN REESTRUCTURACION (RET.),,EMPRESAS EMISORAS,MINERAS,2000-T1,2002-T1,D,"BG,ER,FE"
B20016,20100120314,COMPAÑIA MINERA SANTA LUISA S.A.,0729,EMPRESAS EMISORAS,MINERAS,2000-T1,2026-T2,D,"BG,ER,FE,ORI"
B20019,20100120152,COMPAÑIA MINERA QUIRUVILCA S.A.,,EMPRESAS EMISORAS,MINERAS,2000-T1,2014-A,D,"BG,ER,FE,ORI"
B20023,20100136237,PERUBAR S.A.,1320,EMPRESAS EMISORAS,MINERAS,2000-T1,2026-T2,D,"BG,ER,FE,ORI"
B20025,20100102171,SOCIEDAD MINERA AUSTRIA DUVAZ S.A.C.,,EMPRESAS EMISORAS,MINERAS,2012-A,2014-A,D,ORI
B20026,20100017572,SOCIEDAD MINERA EL BROCAL S.A.A.,0729,EMPRESAS EMISORAS,MINERAS,2000-T1,2026-T2,D,"BG,ER,FE,ORI"
B20027,20100147514,"SOUTHERN PERU COPPER CORPORATION, SUCURSAL DEL PERU",1320,EMPRESAS EMISORAS,MINERAS,2000-T1,2026-T2,D,"BG,ER,FE,ORI"
B20029,20100037689,CIA MINERA AGREGADOS CALCAREOS S A,,EMPRESAS EMISORAS,,2012-A,2014-A,D,ORI
B20030,20100037841,MARMOLES Y GRANITOS S.A.,,EMPRESAS EMISORAS,MINERAS,2000-T1,2016-T4,D,"BG,ER,FE,ORI"
B20040,20100056802,COMPAÑIA MINERA CONDESTABLE S.A.,,EMPRESAS EMISORAS,MINERAS,2000-T1,2014-A,D,"BG,ER,FE,ORI"
B20041,20137025354,COMPAÑIA MINERA PODEROSA S.A.A.,0729,EMPRESAS EMISORAS,MINERAS,2004-T4,2026-T2,D,"BG,ER,FE,ORI"
B20042,20330791501,QUIMPAC S.A.,2429,EMPRESAS EMISORAS,INDUSTRIALES,2000-T1,2026-T2,D,"BG,ER,FE,ORI"
B30001,20165317581,FIANSA SOCIEDAD ANONIMA,,EMPRESAS EMISORAS,,2012-A,2014-A,D,ORI
B30002,20100095450,LAIVE S A,,EMPRESAS EMISORAS,INDUSTRIALES,2000-T1,2001-T2,D,"BG,ER,FE"
B30004,20113604167,DEL MAR S A,,EMPRESAS EMISORAS,INDUSTRIALES,2000-T1,2005-T3,D,"BG,ER,FE"
B30006,20100055237,ALICORP S.A.A.,1514,EMPRESAS EMISORAS,INDUSTRIALES,2000-T1,2026-T2,D,"BG,ER,FE,ORI"
B30008,20100068649,INGREDION PERU S.A.,,EMPRESAS EMISORAS,INDUSTRIALES,2000-T1,2014-A,D,"BG,ER,FE,ORI"
B30013,20100035121,MOLITALIA S.A,,EMPRESAS EMISORAS,INDUSTRIALES,2000-T1,2014-A,D,"BG,ER,FE,ORI"
B30020,20100166578,AGRIBRANDS PURINA PERU S.A.,,EMPRESAS EMISORAS,DIVERSOS,2000-T1,2014-A,D,"BG,ER,FE,ORI"
B30021,20100113610,UNION DE CERVECERIAS PERUANAS BACKUS Y JOHNSTON S.A.A.,1553,EMPRESAS EMISORAS,INDUSTRIALES,2000-T1,2026-T2,D,"BG,ER,FE,ORI"
B30023,20128915711,CERVECERIA SAN JUAN S.A.,1103,EMPRESAS EMISORAS,INDUSTRIALES,2000-T1,2026-T2,D,"BG,ER,FE,ORI"
B30025,20100075939,MALTERIA LIMA S A,,EMPRESAS EMISORAS,DIVERSOS,2000-T1,2004-T3,D,"BG,ER,FE"
B30031,20100124492,BRITISH AMERICAN TOBACCO DEL PERU HOLDINGS S.A.,,EMPRESAS EMISORAS,INDUSTRIALES,2000-T1,2015-T1,D,"BG,ER,FE,ORI"
B30042,20100020956,FABRICA DE HILADOS Y TEJIDOS SAN MIGUEL S.A. - EN LIQUIDACION,,EMPRESAS EMISORAS,INDUSTRIALES,2000-T1,2022-T4,D,"BG,ER,FE,ORI"
B30050,20102728743,INDUSTRIA TEXTIL PIURA S.A.,,EMPRESAS EMISORAS,INDUSTRIALES,2000-T1,2016-A,D,"BG,ER,FE,ORI"
B30060,20133530003,CREDITEX S.A.A.,1711,EMPRESAS EMISORAS,INDUSTRIALES,2000-T1,2026-T2,D,"BG,ER,FE,ORI"
B30071,20104582428,PAPELERA DEL SUR S A,,EMPRESAS EMISORAS,,2012-A,2014-A,D,ORI
B30073,20100117526,EDITORIAL E IMPRENTA ENOTRIA S.A. - ENOTRIA S.A.,,EMPRESAS EMISORAS,,2013-A,2014-A,D,ORI
B30075,20100718872,INDUSTRIAL PAPELERA ATLAS S A,,EMPRESAS EMISORAS,,2000-T1,2000-T2,D,"BG,ER,FE"
B30079,20100096341,BAYER S.A.,,EMPRESAS EMISORAS,DIVERSOS,2000-T1,2024-T1,D,"BG,ER,FE,ORI"
B30083,20100083010,FILAMENTOS INDUSTRIALES S.A.,4641,EMPRESAS EMISORAS,DIVERSOS,2000-T1,2026-T2,D,"BG,ER,FE,ORI"
B30084,20100026997,RAYON INDUSTRIAL S.A. EN LIQUIDACION,,EMPRESAS EMISORAS,INDUSTRIALES,2000-T1,2018-T2,D,"BG,ER,FE,ORI"
B30085,20100160456,INDUSTRIAS DE PINTURAS ASOCIADAS S.A EN LIQUIDACION,,EMPRESAS EMISORAS,,2000-T1,2000-T3,D,"BG,ER,FE"
B30086,20100047722,INMOBILIARIA VENCEDOR S.A.,,EMPRESAS EMISORAS,INDUSTRIALES,2000-T1,2014-A,D,"BG,ER,FE,ORI"
B30089,20101269834,CONSORCIO FARMACEUTICO NACIONAL S.A.,,EMPRESAS EMISORAS,,2000-T1,2001-T2,D,"BG,ER,FE"
B30092,20100096855,AVENTIS PHARMA S.A.(RETIRADA),,EMPRESAS EMISORAS,INDUSTRIALES DEL TRABAJO,2000-T1,2001-T2,D,"BG,ER,FE"
B30094,20100094135,EXSA S.A.,,EMPRESAS EMISORAS,INDUSTRIALES,2000-T1,2020-A,D,"BG,ER,FE,ORI"
B30095,20100112214,FAMESA EXPLOSIVOS S.A.C.,,EMPRESAS EMISORAS,,2000-T1,2001-T4,D,"BG,ER,FE"
B30096,20100069963,FOSFORERA PERUANA S A,,OTRAS EMPRESAS,,2000-T1,2001-T1,D,"BG,ER,FE"
B30098,20100012856,COMPAÑIA GOODYEAR DEL PERU S.A.,,EMPRESAS EMISORAS,INDUSTRIALES,2000-T1,2019-T3,D,"BG,ER,FE,ORI"
B30099,20100182778,LIMA CAUCHO S.A. EN LIQUIDACION,,EMPRESAS EMISORAS,INDUSTRIALES,2000-T1,2023-T2,D,"BG,ER,FE,ORI"
B30103,20100168783,BAKELITA Y ANEXOS S.A. EN LIQUIDACION,,EMPRESAS EMISORAS,INDUSTRIALES,2000-T1,2003-T3,D,"BG,ER,FE"
B30107,20100004322,INDUSTRIAS DEL ENVASE S.A.,,EMPRESAS EMISORAS,INDUSTRIALES,2000-T1,2021-T1,D,"BG,ER,FE,ORI"
B30110,20125625780,NORSAC SA.,,EMPRESAS EMISORAS,,2013-A,2014-A,D,ORI
B30117,20100158044,COMPAÑIA MANUFACTURERA DE VIDRIO DEL PERU LIMITADA S.A.,,EMPRESAS EMISORAS,DIVERSOS,2000-T1,2003-T3,D,"BG,ER,FE"
B30118,20100011701,OWENS-ILLINOIS PERU S.A. (RET),,EMPRESAS EMISORAS,INDUSTRIALES,2000-T1,2009-T1,D,"BG,ER,FE"
B30119,20100157820,VIDRIOS PLANOS DEL PERU S A,,EMPRESAS EMISORAS,DIVERSOS,2000-T1,2006-T3,D,"BG,ER,FE"
B30121,20100137390,UNACEM CORP SOCIEDAD ANONIMA ABIERTA - UNACEM CORP S.A.A.,6420,EMPRESAS EMISORAS,DIVERSOS,2000-T1,2026-T2,D,"BG,ER,FE,ORI"
B30122,20100051240,FABRICA PERUANA ETERNIT S.A.,2695,EMPRESAS EMISORAS,INDUSTRIALES,2000-T1,2026-T2,D,"BG,ER,FE,ORI"
B30124,20100191921,ACEROS AREQUIPA SA,,EMPRESAS EMISORAS,,2000-T1,2000-T1,D,"BG,ER,FE"
B30125,20100192064,MOLY-COP ADESUR S.A.,,EMPRESAS EMISORAS,INDUSTRIALES,2000-T1,2004-T1,D,"BG,ER,FE"
B30127,20100049938,INMOBILIARIA KANPU S.A.,,EMPRESAS EMISORAS,DIVERSOS,2000-T1,2023-T1,D,"BG,ER,FE,ORI"
B30134,20100074371,MANUFACTURA DE METALES Y ALUMINIO RECORD S.A. EN LIQUIDACION,2899,EMPRESAS EMISORAS,INDUSTRIALES,2000-T1,2026-T1,D,"BG,ER,FE,ORI"
B30137,20100065542,COMPAÑIA PERUANA DE ENVASES S.A. - EN LIQUIDACION (RET),,EMPRESAS EMISORAS,INDUSTRIALES,2000-T1,2001-T4,D,"BG,ER,FE"
B30140,20100171814,HIDROSTAL S.A.,2912,EMPRESAS EMISORAS,INDUSTRIALES,2000-T1,2026-T2,D,"BG,ER,FE,ORI"
B30143,20100113539,SOCIEDAD INDUSTRIAL DE ARTICULOS DE METAL S.A.C. - SIAM EN LIQUIDACION,,EMPRESAS EMISORAS,INDUSTRIALES,2000-T1,2018-A,D,"BG,ER,FE,ORI"
B30144,20100019940,CONSTRUCCIONES ELECTROMECANICAS DELCROSA S.A.,,EMPRESAS EMISORAS,INDUSTRIALES,2000-T1,2015-T1,D,"BG,ER,FE,ORI"
B30149,20100183588,TICINO DEL PERU S A,,EMPRESAS EMISORAS,INDUSTRIALES,2000-T1,2014-A,D,"BG,ER,FE,ORI"
B30150,20100022142,ABB S.A.,,EMPRESAS EMISORAS,INDUSTRIALES,2000-T1,2013-A,D,"BG,ER,FE,ORI"
B30151,20100181615,CONDUCTORES ELECTRICOS PERUANOS S.A.,,EMPRESAS EMISORAS,INDUSTRIALES,2000-T1,2007-T1,D,"BG,ER,FE"
B30152,20100003512,INDUSTRIAS ELECTRO QUIMICAS S.A. IEQSA,2432,EMPRESAS EMISORAS,INDUSTRIALES,2000-T1,2026-T2,D,"BG,ER,FE,ORI"
B30164,20100199662,ABRASIVOS INDUSTRIALES SA,,EMPRESAS EMISORAS,,2000-T1,2000-T1,D,"BG,ER,FE"
B30168,20117130500,FABRITEX PERUANA S.A. EN LIQUIDACION,,EMPRESAS EMISORAS,DIVERSOS,2000-T1,2004-T2,D,"BG,ER,FE"
B30180,20100076820,INTRADEVCO S.A.,,OTRAS EMPRESAS,,2000-T1,2000-T3,D,"BG,ER,FE"
B30207,20100228352,CORPORACION CERVESUR S.A.A.,7020,EMPRESAS EMISORAS,DIVERSOS,2000-T1,2026-T2,D,"BG,ER,FE,ORI"
B30211,20100165687,FABRICA NACIONAL DE ACUMULADORES ETNA S.A.,2720,EMPRESAS EMISORAS,INDUSTRIALES,2000-T1,2026-T2,D,"BG,ER,FE,ORI"
B30220,20100005566,REACTIVOS NACIONALES S.A. RENASA,,EMPRESAS EMISORAS,INDUSTRIALES,2000-T1,2016-T3,D,"BG,ER,FE,ORI"
B30224,20100101280,EMPRESA DE LA SAL S.A.,,EMPRESAS EMISORAS,INDUSTRIALES,2000-T1,2005-T4,D,"BG,ER,FE"
B30230,20100190100,LAPICES Y CONEXOS S.A. LAYCONSA,,EMPRESAS EMISORAS,INDUSTRIALES,2000-T1,2014-A,D,"BG,ER,FE,ORI"
B30232,20100168350,TEXTIL SAN CRISTOBAL S.A. - EN LIQUIDACION,,EMPRESAS EMISORAS,INDUSTRIALES,2000-T1,2011-T4,D,"BG,ER,FE,ORI"
B30235,20265166173,INDUSTRIAL ALTIMIRA S.A. EN LIQUIDACION,,EMPRESAS EMISORAS,,2000-T1,2000-T2,D,"BG,ER,FE"
B30236,20251293181,INDECO S.A.,3110,EMPRESAS EMISORAS,INDUSTRIALES,2000-T1,2026-T2,D,"BG,ER,FE,ORI"
B30238,20268911082,CONSORCIO LA PARCELA S.A.,,EMPRESAS EMISORAS,,2000-T1,2000-T2,D,"BG,ER,FE"
B30240,20122392385,CARBOLAN S.A. - EN LIQUIDACION,,EMPRESAS EMISORAS,INDUSTRIALES,2000-T1,2003-T4,D,"BG,ER,FE"
B30241,20143229816,EMPRESA EDITORA EL COMERCIO S.A.,2212,EMPRESAS EMISORAS,INDUSTRIALES,2000-T1,2026-T2,D,"BG,ER,FE,ORI"
B40002,20132023540,EMPRESA REGIONAL DE SERVICIO PUBLICO DE ELECTRICIDAD ELECTRONORTE MEDIO S.A. - HIDRANDINA,3510,EMPRESAS EMISORAS,SERVICIOS PUBLICOS,2000-T1,2026-T2,D,"BG,ER,FE,ORI"
B40003,20206018411,TECSUR S.A.,,OTRAS EMPRESAS,DIVERSOS,2000-T1,2014-A,D,"BG,ER,FE,ORI"
B40005,20116544289,ELECTRO SUR ESTE S.A.A.,4010,EMPRESAS EMISORAS,SERVICIOS PUBLICOS,2000-T1,2026-T2,D,"BG,ER,FE,ORI"
B40006,20119205949,EMPRESA REGIONAL DE SERVICIO PUBLICO DE ELECTRICIDAD - ELECTROSUR S.A.,4010,EMPRESAS EMISORAS,SERVICIOS PUBLICOS,2010-A,2026-T2,D,"BG,ER,FE,ORI"
B40007,20216293593,EMP DE GENERACION ELECTRICA AREQUIPA S A,,EMPRESAS EMISORAS,,2012-A,2014-A,D,ORI
B40008,20331898008,LUZ DEL SUR S.A.A.,3510,EMPRESAS EMISORAS,SERVICIOS PUBLICOS,2000-T1,2026-T2,D,"BG,ER,FE,ORI"
B40009,20330791412,ORYGEN PERU S.A.A.,4010,EMPRESAS EMISORAS,SERVICIOS PUBLICOS,2000-T1,2026-T2,D,"BG,ER,FE,ORI"
B40010,20269985900,PLUZ ENERGIA PERU S.A.A.,4010,EMPRESAS EMISORAS,SERVICIOS PUBLICOS,2000-T1,2026-T2,D,"BG,ER,FE,ORI"
B40011,20259858691,EMPRESA DE GENERACION ELECTRICA PARIAC S.A.,,EMPRESAS EMISORAS,,2000-T1,2000-T3,D,"BG,ER,FE"
B40012,20199048903,EMPRESA DE GENERACION TERMOELECTRICA VENTANILLA S.A. -ETEVENSA (RET),,EMPRESAS EMISORAS,SERVICIOS PUBLICOS,2000-T1,2006-T1,D,"BG,ER,FE"
B40013,20106156400,ELECTRO DUNAS S.A.A.,4010,EMPRESAS EMISORAS,SERVICIOS PUBLICOS,2000-T1,2026-T2,D,"BG,ER,FE,ORI"
B50003,20118206208,PERU HOLDING DE TURISMO S.A.A.,6810,EMPRESAS EMISORAS,DIVERSOS,2000-T2,2026-T2,D,"BG,ER,FE,ORI"
B60001,20100027292,FERREYCORP S.A.A.,5150,EMPRESAS EMISORAS,DIVERSOS,2000-T1,2026-T2,D,"BG,ER,FE,ORI"
B60004,20104347691,INVERSIONES EN TURISMO S.A. INVERTUR,5510,EMPRESAS EMISORAS,DIVERSOS,2000-T1,2026-T2,D,"BG,ER,FE,ORI"
B60005,20114803228,INVERSIONES NACIONALES DE TURISMO S.A. INTURSA,,EMPRESAS EMISORAS,DIVERSOS,2000-T1,2021-T1,D,"BG,ER,FE,ORI"
B60012,20100115078,MUÑOZ S A,,OTRAS EMPRESAS,DIVERSOS,2002-T1,2006-T3,D,"BG,ER,FE"
B60014,20100216346,SUR MOTORS S A,,OTRAS EMPRESAS,,2013-A,2014-A,D,ORI
B60051,,CREDICORP LTD.,6599,EMPRESAS EMISORAS,DIVERSOS,2000-T2,2026-T2,"B,D,F","BG,ER,FE,ORI"
B60052,,SOUTHERN COPPER CORPORATION,,EMPRESAS EMISORAS,MINERAS,2000-T1,2009-T4,D,"BG,ER,FE"
B60053,20265391886,AMERIKA FINANCIERA S.A. EN LIQUIDACION,,EMPRESAS EMISORAS,FINANCIERAS,2000-T1,2022-T3,"B,F","BG,ER,FE,ORI"
B60054,20299070728,FINANCIERA DAEWOO S.A EN LIQUIDACION,,EMPRESAS EMISORAS,FINANCIERAS,2000-T1,2003-T1,"B,E,F","BG,ER,FE"
B60055,20332970411,PACIFICO COMPAÑIA DE SEGUROS Y REASEGUROS,6511,EMPRESAS EMISORAS,SEGUROS,2000-T1,2026-T2,"E,S","BG,ER,FE,ORI"
B60058,20308668780,CREDITO LEASING S.A.,,EMPRESAS EMISORAS,DIVERSOS,2000-T1,2009-T2,"B,F","BG,ER,FE"
B60061,20297530756,LEASING SANTANDER CENTRAL HISPANO S A,,EMPRESAS EMISORAS,DIVERSOS,2000-T1,2000-T3,F,"BG,ER,FE"
B70002,20100132321,ALMACENERA CONTINENTAL S.A.,,EMPRESAS EMISORAS,DIVERSOS,2000-T1,2003-T1,D,"BG,ER,FE"
B70003,20100000688,ALMACENERA DEL PERU S A,,EMPRESAS EMISORAS,DIVERSOS,2013-A,2014-A,D,ORI
B70004,20100313031,ALMACENERA PERUANA DE COMERCIO SOCIEDAD ANONIMA CERRADA - ALPECO S.A.C.,,EMPRESAS EMISORAS,DIVERSOS,2000-T1,2014-A,D,"BG,ER,FE,ORI"
B70006,20100375657,ALMACENES GENERALES Y ADUANEROS S.A. ALMAGESA,,EMPRESAS EMISORAS,DIVERSOS,2000-T1,2000-T3,D,"BG,ER,FE"
B70007,20100268575,COMPAÑIA ALMACENERA S.A.,,OTRAS EMPRESAS,DIVERSOS,2013-A,2014-A,D,ORI
B70008,20100044626,DEPOSITOS S A DEPSA,,OTRAS EMPRESAS,DIVERSOS,2000-T1,2014-A,D,"BG,ER,FE,ORI"
B70009,20100017491,INTEGRATEL PERU S.A.A.,6420,EMPRESAS EMISORAS,SERVICIOS PUBLICOS,2000-T1,2026-T2,D,"BG,ER,FE,ORI"
B70012,20103626448,EMPRESA DE TRANSPORTES CHICLAYO S.A.,,OTRAS EMPRESAS,,2014-A,2014-A,D,ORI
B70020,20100177774,TELEFONICA MOVILES S.A.,,EMPRESAS EMISORAS,SERVICIOS PUBLICOS,2000-T1,2014-T2,D,"BG,ER,FE,ORI"
B70031,20269231743,PROMOTORA CLUB EMPRESARIAL S.A.,,EMPRESAS EMISORAS,DIVERSOS,2000-T1,2019-T4,D,"BG,ER,FE,ORI"
B70032,20301837896,LOS PORTALES S.A.,7010,EMPRESAS EMISORAS,DIVERSOS,2000-T1,2026-T2,D,"BG,ER,FE,ORI"
B80001,20100120586,LIMA LEASING S A,,EMPRESAS EMISORAS,FINANCIERAS,2000-T1,2000-T1,F,"BG,ER,FE"
B80002,20100126274,GESTIONES Y RECUPERACIONES DE ACTIVOS SOCIEDAD ANONIMA (RET),,EMPRESAS EMISORAS,DIVERSOS,2000-T1,2009-T1,"B,D,F","BG,ER,FE"
B80004,20100130204,BANCO BBVA PERU,6519,EMPRESAS EMISORAS,BANCOS,2000-T1,2026-T2,"B,F","BG,ER,FE,ORI"
B80005,20100047218,BANCO DE CREDITO DEL PERU,6519,EMPRESAS EMISORAS,BANCOS,2000-T1,2026-T2,"B,F","BG,ER,FE,ORI"
B80007,20100042330,LIMA SUDAMERIS HOLDING S.A. EN LIQUIDACION,,EMPRESAS EMISORAS,DIVERSOS,2000-T1,2014-A,"B,D,F","BG,ER,FE,ORI"
B80009,20100105862,BANCO PICHINCHA,6519,EMPRESAS EMISORAS,BANCOS,2000-T1,2026-T2,"B,F","BG,ER,FE,ORI"
B80012,20100043140,SCOTIABANK PERU S.A.A.,6419,EMPRESAS EMISORAS,BANCOS,2000-T1,2026-T2,"B,F","BG,ER,FE,ORI"
B80013,20100161771,SOLUCION EMPRESA ADMINISTRADORA HIPOTECARIA S.A.,6519,EMPRESAS EMISORAS,DIVERSOS,2000-T1,2026-T2,"B,F","BG,ER,FE,ORI"
B80018,20100047307,ADMINISTRADORA DEL COMERCIO S.A. EN LIQUIDACION,7499,EMPRESAS EMISORAS,DIVERSOS,2000-T1,2025-T1,"B,D,F","BG,ER,FE,ORI"
B80020,20100053455,BANCO INTERNACIONAL DEL PERU S.A.A. - INTERBANK,6519,EMPRESAS EMISORAS,BANCOS,2000-T1,2026-T2,"B,F","BG,ER,FE,ORI"
B80021,20100041791,BANCO LATINO S.A. EN LIQUIDACION,,EMPRESAS EMISORAS,BANCOS,2000-T1,2000-T3,F,"BG,ER,FE"
B80025,20100118174,SCOTIA PERU HOLDINGS S.A.,,OTRAS EMPRESAS,BANCOS,2000-T1,2014-A,"B,D,F","BG,ER,FE,ORI"
B80031,20100093759,LATINA HOLDING S.A.,,EMPRESAS EMISORAS,DIVERSOS,2000-T1,2018-A,"D,E,S","BG,ER,FE,ORI"
B80033,20100142806,WIESE AETNA COMPAÑIA DE SEGUROS S.A. (RET),,EMPRESAS EMISORAS,SEGUROS,2000-T1,2002-T4,"E,S","BG,ER,FE"
B80034,20100101794,ROYAL Y SUN ALLIANCE - SEGUROS FENIX,,EMPRESAS EMISORAS,SEGUROS,2000-T1,2004-T2,"E,S","BG,ER,FE"
B80037,20100041953,RIMAC SEGUROS Y REASEGUROS,6603,EMPRESAS EMISORAS,SEGUROS,2000-T1,2026-T2,"E,S","BG,ER,FE,ORI"
B80044,20100128480,LA REAL COMPANIA DE SEGUROS DE VIDA SA,,EMPRESAS EMISORAS,SEGUROS,2000-T1,2001-T1,"E,S","BG,ER,FE"
B80045,20100130034,LA VITALICIA COMPAÑIA DE SEGUROS S.A. - EN LIQUIDACION,,EMPRESAS EMISORAS,SEGUROS,2000-T1,2000-T3,E,"BG,ER,FE"
B80046,20100024510,POPULAR Y PORVENIR COMPAñIA DE SEGUROS EN LIQUIDACION,,EMPRESAS EMISORAS,SEGUROS,2000-T1,2001-T2,"E,S","BG,ER,FE"
B80049,20100116988,GR HOLDING S.A.,7010,EMPRESAS EMISORAS,DIVERSOS,2000-T1,2026-T2,D,"BG,ER,FE,ORI"
B80057,20101099149,INVERSIONES ASPI S.A.,,EMPRESAS EMISORAS,DIVERSOS,2000-T1,2016-T3,D,"BG,ER,FE,ORI"
B80074,20101073263,NUEVAS INVERSIONES S A,,OTRAS EMPRESAS,DIVERSOS,2000-T1,2016-T3,D,"BG,ER,FE,ORI"
B80077,20101045995,INVERSIONES CENTENARIO S.A.A.,7010,EMPRESAS EMISORAS,DIVERSOS,2000-T1,2026-T2,D,"BG,ER,FE,ORI"
B80086,20102519150,NBK BANK - EN LIQUIDACION,,EMPRESAS EMISORAS,BANCOS,2000-T1,2000-T3,F,"BG,ER,FE"
B80104,20100035392,EL PACIFICO PERUANO-SUIZA CIA DE SEGUROS Y REASEGUROS,,EMPRESAS EMISORAS,SEGUROS,2000-T1,2017-T2,"E,S","BG,ER,FE,ORI"
B80108,20126440350,LATINO LEASING S.A. - EN LIQUIDACION (RET),,EMPRESAS EMISORAS,DIVERSOS,2000-T1,2001-T4,"B,F","BG,ER,FE"
B80109,20170879750,CITILEASING S.A.,,EMPRESAS EMISORAS,DIVERSOS,2000-T1,2005-T4,"B,D,F","BG,ER,FE"
B80121,20108166534,BANCO NUEVO MUNDO EN LIQUIDACION,,EMPRESAS EMISORAS,BANCOS,2000-T1,2000-T3,F,"BG,ER,FE"
B80122,20202380621,MAPFRE PERU COMPAÑIA DE SEGUROS Y REASEGUROS (SOCIEDAD ABSORBIDA),,EMPRESAS EMISORAS,SEGUROS,2000-T1,2022-T1,"E,S","BG,ER,FE,ORI"
B80123,20101036813,BANCO INTERAMERICANO DE FINANZAS,6519,EMPRESAS EMISORAS,BANCOS,2000-T1,2026-T2,"B,F","BG,ER,FE,ORI"
B80127,20154981293,SANTANDER INVESTMENT SOCIEDAD AGENTE DE BOLSA S.A.,,SOCIEDADES AGENTES DE BOLSA,,2000-T1,2004-T4,I,"BG,ER,FE"
B80128,20164766251,SCOTIA SOCIEDAD AGENTE DE BOLSA S.A.,6612,SOCIEDADES AGENTES DE BOLSA,,2000-T1,2026-T2,I,"BG,ER,FE"
B80132,20179664306,SOCIEDAD AGENTE DE BOLSA CARTISA PERU S.A.,6612,SOCIEDADES AGENTES DE BOLSA,,2000-T1,2026-T2,I,"BG,ER,FE"
B80134,20255993225,SANTANDER CONSUMER BANK S.A.,6419,EMPRESAS EMISORAS,BANCOS,2000-T1,2026-T2,"B,F","BG,ER,FE,ORI"
B80135,20258980108,MAPFRE PERU COMPAÑIA DE SEGUROS Y REASEGUROS (RET),,EMPRESAS EMISORAS,SEGUROS,2000-T1,2007-A,"E,S","BG,ER,FE"
B80136,20100007852,NEGOCIOS E INMUEBLES S.A.,,EMPRESAS EMISORAS,DIVERSOS,2000-T1,2018-T3,D,"BG,ER,FE,ORI"
B80137,20258001509,ORION CORP.DE CRED.BANCO EN LIQUIDACION,,EMPRESAS EMISORAS,BANCOS,2000-T1,2000-T1,F,"BG,ER,FE"
B80141,20259702411,BANCO RIPLEY PERU S.A.,6599,EMPRESAS EMISORAS,BANCOS,2000-T1,2026-T2,"B,D,F","BG,ER,FE,ORI"
B80142,20100327172,BANCO SANTANDER CENTRAL HISPANO-PERU,,EMPRESAS EMISORAS,BANCOS,2000-T1,2002-T4,"B,F","BG,ER,FE"
B80143,20297508661,BANCO SERBANCO S.A. EN LIQUIDACION,,EMPRESAS EMISORAS,BANCOS,2000-T1,2000-T2,F,"BG,ER,FE"
B80144,20330401991,BANCO FALABELLA PERU S.A.,6519,EMPRESAS EMISORAS,BANCOS,2000-T1,2026-T2,"B,F","BG,ER,FE,ORI"
B80145,20337996834,FINANCIERA TFC S.A. EN LIQUIDACION,,EMPRESAS EMISORAS,FINANCIERAS,2000-T1,2019-T3,"B,D,F","BG,ER,FE,ORI"
B90002,20100298725,RED BICOLOR DE COMUNICACIONES S.A.A. - RBC TV S.A.A.,,EMPRESAS EMISORAS,DIVERSOS,2000-T1,2024-T1,D,"BG,ER,FE,ORI"
B90003,20100207941,CLINICA AREQUIPA SA,,OTRAS EMPRESAS,,2014-A,2014-A,D,ORI
B90004,20100121809,ADMINISTRADORA CLINICA RICARDO PALMA S.A.,,OTRAS EMPRESAS,,2012-A,2014-A,D,ORI
B90008,20100178401,VESALIO S.A.,,OTRAS EMPRESAS,,2014-A,2014-A,D,ORI
BF0001,20375361991,MITSUI AUTO FINANCE PERU S.A.,6492,EMPRESAS EMISORAS,FINANCIERAS,2000-T1,2026-T2,"B,F","BG,ER,FE,ORI"
BP0001,20373666093,BOLSA DE PRODUCTOS DE LIMA,,BOLSA DE PRODUCTOS,,2000-A,2005-T1,D,"BG,ER,FE"
BP0002,20514714151,BOLSA DE PRODUCTOS DEL PERU S.A. EN LIQUIDACION (CON AUTORIZACION DE FUNCIONAMIENTO REVOCADA EL 01/06/2009 POR INSUFICIENCIA PATRIMONIAL),,BOLSA DE PRODUCTOS,,2007-T2,2009-T1,D,"BG,ER,FE"
BV0001,20100055661,GRUPO BVL S.A.A.,6712,EMPRESAS EMISORAS,DIVERSOS,2000-T1,2026-T2,D,"BG,ER,FE,ORI"
CB0001,20382036655,MIBANCO BANCO DE LA MICROEMPRESA S.A.,6419,EMPRESAS EMISORAS,BANCOS,2000-T1,2026-T2,"B,F","BG,ER,FE,ORI"
CB0002,20100116635,CITIBANK DEL PERU S.A.,6519,EMPRESAS EMISORAS,BANCOS,2004-T3,2026-T2,"B,F","BG,ER,FE,ORI"
CD0001,20390863871,CFI HOLDINGS S.A.,,EMPRESAS EMISORAS,DIVERSOS,2000-T1,2020-A,D,"BG,ER,FE,ORI"
CD0002,20384537007,URBI PROPIEDADES S.A.,,OTRAS EMPRESAS,DIVERSOS,2000-T1,2014-A,D,"BG,ER,FE,ORI"
CD0003,20418052938,NOVASALUD PERU S.A. ENTIDAD PRESTADORA D E SALUD,,EMPRESAS EMISORAS,DIVERSOS,2000-T1,2004-T1,D,"BG,ER,FE"
CD0004,20383157570,PROMOINVEST SOCIEDAD ADMINISTRADORA DE FONDOS S.A. (RET),,EMPRESAS EMISORAS,DIVERSOS,2000-T1,2002-T4,D,"BG,ER,FE"
CD0005,20419387658,CEMENTOS PACASMAYO S.A.A.,2394,EMPRESAS EMISORAS,INDUSTRIALES,2000-T1,2026-T2,D,"BG,ER,FE,ORI"
CD0006,20342013237,TERRENOS Y LOCALES S.A. - EN LIQUIDACIóN,,EMPRESAS EMISORAS,DIVERSOS,2000-T1,2005-T3,D,"BG,ER,FE"
CD0007,20291334335,GRUPO SANTANDER CENTRAL HISPANO S.A.,,EMPRESAS EMISORAS,DIVERSOS,2000-T1,2002-T3,"D,F","BG,ER,FE"
CD0008,20138069347,TRANSACCIONES ESPECIALES S.A. (RET),,EMPRESAS EMISORAS,DIVERSOS,2000-T1,2010-T1,D,"BG,ER,FE"
CD0009,20468451451,TRANSACCIONES FINANCIERAS S.A.,,EMPRESAS EMISORAS,DIVERSOS,2000-T3,2019-T1,"B,D","BG,ER,FE,ORI"
CD0010,,INTERCORP PERU LTD.,,EMPRESAS EMISORAS,DIVERSOS,2000-T4,2023-T3,"B,D,F","BG,ER,FE,ORI"
CD0011,20437093564,EDPYME SOLIDARIDAD Y DESARROLLO EMPRESARIAL S.A.C,,EMPRESAS EMISORAS,DIVERSOS,2001-T1,2001-T4,F,"BG,ER,FE"
CD0012,20465261634,CONSORCIO AGUA AZUL S.A.,,EMPRESAS EMISORAS,SERVICIOS PUBLICOS,2001-T2,2014-A,D,"BG,ER,FE,ORI"
CD0013,20383316473,CONSORCIO TRANSMANTARO S.A.,,EMPRESAS EMISORAS,SERVICIOS PUBLICOS,2001-A,2020-T4,D,"BG,ER,FE,ORI"
CD0014,20104121374,PALMAS DEL ESPINO S.A.,,OTRAS EMPRESAS,AGRICOLAS,2002-T2,2022-A,D,"BG,ER,FE,ORI"
CD0015,20507655476,CORCOVADO S.A.,,EMPRESAS EMISORAS,DIVERSOS,2003-A,2004-T3,D,"BG,ER,FE"
CD0016,20302241598,KOMATSU-MITSUI MAQUINARIAS PERU S.A.,,OTRAS EMPRESAS,DIVERSOS,2012-A,2014-A,D,ORI
CD0018,,"BBVA AMERICA FINANCE, S.A.U. (RET)",,EMPRESAS EMISORAS,DIVERSOS,2005-T3,2008-T1,F,"BG,ER,FE"
CD0020,20141189850,CONECTA RETAIL S.A.,,EMPRESAS EMISORAS,DIVERSOS,2005-A,2019-T1,D,"BG,ER,FE,ORI"
CD0022,20100027705,EMPRESA ELECTRICIDAD DEL PERU - ELECTROPERU S.A.,3510,EMPRESAS EMISORAS,SERVICIOS PUBLICOS,2006-T3,2026-T2,D,"BG,ER,FE,ORI"
CF0001,20377892918,TOTAL SERVICIOS FINANCIEROS EMPRESA DE CREDITOS,7499,EMPRESAS EMISORAS,FINANCIERAS,2000-T1,2026-T2,"B,D,F","BG,ER,FE,ORI"
CF0002,20100116392,CORPORACION FINANCIERA DE DESARROLLO S.A. - COFIDE,6499,EMPRESAS EMISORAS,FINANCIERAS,2000-T1,2026-T2,"B,F","BG,ER,FE,ORI"
CF0003,20197495929,CAJA RURAL DE AHORRO Y CREDITO DEL SUR S.A.A. (RET),,EMPRESAS EMISORAS,FINANCIERAS,2003-T2,2008-T2,"B,F","BG,ER,FE"
CF0004,20509507199,BANCO DE COMERCIO,6519,EMPRESAS EMISORAS,BANCOS,2004-T3,2026-T2,"B,F","BG,ER,FE,ORI"
CI0001,20101024645,CORPORACION LINDLEY S.A.,,EMPRESAS MERCADO INVERSIONISTA INSTITUCIONAL,INDUSTRIALES,2000-T1,2022-T3,D,"BG,ER,FE,ORI"
CI0003,20370146994,CORPORACION ACEROS AREQUIPA S.A.,2710,EMPRESAS EMISORAS,INDUSTRIALES,2000-T1,2026-T2,D,"BG,ER,FE,ORI"
CI0004,20370018724,COMPAÑIA CERVECERA DEL SUR DEL PERU S.A.,,EMPRESAS EMISORAS,INDUSTRIALES,2000-T1,2006-T3,D,"BG,ER,FE"
CI0005,20100562848,COMPAÑIA UNIVERSAL TEXTIL S.A. EN LIQUIDACION,1721,EMPRESAS EMISORAS,INDUSTRIALES,2000-T1,2026-T2,D,"BG,ER,FE,ORI"
CI0006,20338054115,AUSTRAL GROUP S.A.A.,1512,EMPRESAS EMISORAS,INDUSTRIALES,2000-T2,2026-T2,D,"BG,ER,FE,ORI"
CI0007,20385353406,CIA.INDUSTRIAL NUEVO MUNDO S.A.,,EMPRESAS EMISORAS,INDUSTRIALES DEL TRABAJO,2000-T1,2014-A,D,"BG,ER,FE,ORI"
CI0008,20504311342,PLUSPETROL NORTE S.A.,,EMPRESAS EMISORAS,INDUSTRIALES,2004-T2,2014-A,D,"BG,ER,FE,ORI"
CI0009,20499432021,TRANSPORTADORA DE GAS DEL PERU S.A.,,EMPRESAS EMISORAS,SERVICIOS PUBLICOS,2004-T3,2020-T1,D,"BG,ER,FE,ORI"
CI0010,20255322363,CORPORACION MISKI S.A.,,EMPRESAS EMISORAS,INDUSTRIALES,2004-T3,2012-T3,D,"BG,ER,FE,ORI"
CI0011,20100095450,LAIVE S.A.,1520,EMPRESAS EMISORAS,INDUSTRIALES,2004-T3,2026-T2,D,"BG,ER,FE,ORI"
CI0012,20380336384,PESQUERA EXALMAR S.A.A.,5002,EMPRESAS EMISORAS,INDUSTRIALES,2004-T3,2026-T2,D,"BG,ER,FE,ORI"
CM0001,20383045267,VOLCAN COMPAÑIA MINERA S.A.A.,1320,EMPRESAS EMISORAS,MINERAS,2000-T1,2026-T2,D,"BG,ER,FE,ORI"
CM0002,20338426781,MINERA ANDINA DE EXPLORACIONES S.A.A.,1320,EMPRESAS EMISORAS,MINERAS,2000-T1,2026-T2,D,"BG,ER,FE,ORI"
CM0003,20402885549,EMPRESA SIDERURGICA DEL PERU S.A.A. - SIDERPERU,2710,EMPRESAS EMISORAS,INDUSTRIALES,2000-T1,2026-T2,D,"BG,ER,FE,ORI"
CM0004,20100142989,SHOUGANG HIERRO PERU S.A.A.,1310,EMPRESAS EMISORAS,MINERAS,2000-T1,2026-T2,D,"BG,ER,FE,ORI"
CM0005,20332907990,EMPRESA MINERA LOS QUENUALES S.A.,,OTRAS EMPRESAS,MINERAS,2000-T1,2014-A,D,"BG,ER,FE,ORI"
CM0006,20170072465,SOCIEDAD MINERA CERRO VERDE S.A.A.,0729,EMPRESAS EMISORAS,MINERAS,2000-T4,2026-T2,D,"BG,ER,FE,ORI"
CM0007,20100123500,NEXA RESOURCES ATACOCHA S.A.A.,1320,EMPRESAS EMISORAS,MINERAS,2000-T1,2026-T2,D,"BG,ER,FE,ORI"
CM0008,20507828915,GOLD FIELDS LA CIMA S.A.,,EMPRESAS EMISORAS,MINERAS,2004-T2,2014-A,D,"BG,ER,FE,ORI"
CM0009,20507845500,COMPAÑIA MINERA ARGENTUM S.A.,,EMPRESAS EMISORAS,MINERAS,2004-T2,2014-A,D,"BG,ER,FE,ORI"
CN0001,20380958890,DESARROLLOS SIGLO XXI S.A.A.,,EMPRESAS EMISORAS,DIVERSOS,2000-T1,2007-T3,D,"BG,ER,FE"
CN0002,20499141051,INMOBILIARIA MILENIA S.A.,,EMPRESAS EMISORAS,DIVERSOS,2002-T2,2019-T3,D,"BG,ER,FE,ORI"
CP0001,20379618767,AGRO AVANTI S.A. SOCIEDAD CORREDORA DE PRODUCTOS,,SOCIEDADES CORREDORAS DE PRODUCTOS,,2000-T1,2001-T2,D,"BG,ER,FE"
CP0002,,MULTIBOLSA S.A. SOCIEDAD CORREDORA DE PRODUCTOS,,SOCIEDADES CORREDORAS DE PRODUCTOS,,2000-T1,2000-T4,D,"BG,ER,FE"
CP0003,20347898512,PRODUBOLSA S.A.,,SOCIEDADES CORREDORAS DE PRODUCTOS,,2000-T1,2004-T4,D,"BG,ER,FE"
CP0006,20379895761,FOMENTA SOCIEDAD CORREDORA DE PRODUCTOS S.A.,,SOCIEDADES CORREDORAS DE PRODUCTOS,,2000-T4,2008-T4,D,"BG,ER,FE"
CP0007,99,PROGRESSUS S.A. SOCIEDAD CORREDORA DE PRODUCTOS,,SOCIEDADES CORREDORAS DE PRODUCTOS,,2000-T1,2004-T4,D,"BG,ER,FE"
CP0009,20292928841,SOUTHERN CONE POWER PERU S.A.,,EMPRESAS EMISORAS,DIVERSOS,2002-T3,2012-T1,D,"BG,ER,FE,ORI"
CP0010,20504908233,PRO MERCADO SOCIEDAD CORREDORA DE PRODUCTOS S.A.,,SOCIEDADES CORREDORAS DE PRODUCTOS,,2002-T3,2005-T2,D,"BG,ER,FE"
CP0011,20505900970,L.BABA SOCIEDAD CORREDORA DE PRODUCTOS S.A.C.,,SOCIEDADES CORREDORAS DE PRODUCTOS,,2003-T1,2005-T1,D,"BG,ER,FE"
CP0012,,FINOBRA SOCIEDAD CORREDORA DE PRODUCTOS S.A.,,SOCIEDADES CORREDORAS DE PRODUCTOS,,2004-T3,2004-T4,D,"BG,ER,FE"
CP0013,1111111111,PRODUCTOS Y MERCADOS SOCIEDAD CORREDORA DE PRODUCTOS S.A.C.,,SOCIEDADES CORREDORAS DE PRODUCTOS,,2004-T3,2004-A,D,"BG,ER,FE"
CS0001,20377396180,SEGUROS DE VIDA SANTANDER CENTRAL HISPAN O S.A.,,EMPRESAS EMISORAS,SEGUROS,2000-T1,2002-A,"E,S","BG,ER,FE"
CS0002,20382748566,INTERSEGURO COMPAÑIA DE SEGUROS S.A.,6603,EMPRESAS EMISORAS,SEGUROS,2000-T1,2026-T2,"E,S","BG,ER,FE,ORI"
CS0003,20390625007,CHUBB PERU S.A. COMPAÑIA DE SEGUROS Y REASEGUROS,7499,EMPRESAS EMISORAS,SEGUROS,2000-T1,2026-T2,"E,S","BG,ER,FE,ORI"
CS0004,20418896915,MAPFRE PERU COMPAÑIA DE SEGUROS Y REASEGUROS,6609,EMPRESAS EMISORAS,SEGUROS,2000-T1,2026-T2,"E,S","BG,ER,FE,ORI"
CS0005,20463627488,SEGUROS SURA,,EMPRESAS EMISORAS,SEGUROS,2000-T3,2017-A,"E,S","BG,ER,FE,ORI"
CS0006,20501177581,ROYAL Y SUN ALLIANCE - VIDA SEGUROS,,EMPRESAS EMISORAS,SEGUROS,2001-T2,2004-T1,"E,S","BG,ER,FE"
CS0007,20109068498,CESCE PERU S.A. COMPAÑIA DE SEGUROS,6603,EMPRESAS EMISORAS,SEGUROS,2001-T3,2026-T2,"E,S","BG,ER,FE,ORI"
FC-005,20100115663,PANDERO S.A. EAFC,6592,EMPRESAS ADMINISTRADORAS DE FONDOS COLECTIVOS,,2001-T3,2026-T2,D,"BG,ER,FE,ORI"
FC-009,20100287871,AHORROPLAN EAFC S.A.C,,EMPRESAS ADMINISTRADORAS DE FONDOS COLECTIVOS,,2001-T3,2005-T3,D,"BG,ER,FE"
FC-012,20100341914,PROMOTORA OPCION S.A. EAFC,6492,EMPRESAS ADMINISTRADORAS DE FONDOS COLECTIVOS,,2001-T3,2026-T2,D,"BG,ER,FE,ORI"
FC-018,20124148970,EAFC MAQUISISTEMA S.A.,6499,EMPRESAS ADMINISTRADORAS DE FONDOS COLECTIVOS,,2001-T3,2026-T2,D,"BG,ER,FE,ORI"
FC-020,,PLAN DINAMICO S.A. EAFC,,EMPRESAS ADMINISTRADORAS DE FONDOS COLECTIVOS,,2001-T4,2001-T4,D,"BG,ER,FE"
FC-025,20508630001,CONSORCIO NACIONAL DE AUTOS S.A. EAFC,,EMPRESAS ADMINISTRADORAS DE FONDOS COLECTIVOS,,2004-T2,2004-T2,D,"BG,ER,FE"
FC-026,20523395701,FONBIENES PERU EAFC S.A.,6592,EMPRESAS ADMINISTRADORAS DE FONDOS COLECTIVOS,,2010-T2,2026-T2,D,"BG,ER,FE,ORI"
I00001,20375531071,MULTIFONDOS SAFI S.A.,,SOCIEDADES ADMINISTRADORAS DE FONDOS DE INVERSION,,2000-T1,2002-T2,D,"BG,ER,FE"
I00002,20434271721,IIG AXXION SOCIEDAD ADMINISTRADORA DE FONDOS DE INVERSION S.A.,,SOCIEDADES ADMINISTRADORAS DE FONDOS DE INVERSION,,2000-T4,2012-T1,D,"BG,ER,FE,ORI"
I00003,20503955882,VINCI COMPASS SOCIEDAD ADMINISTRADORA DE FONDOS S.A.,6430,SOCIEDADES ADMINISTRADORAS DE FONDOS MUTUOS Y FONDOS DE INVERSION,,2002-T1,2026-T2,D,"BG,ER,FE,ORI"
I00004,20504893295,AC CAPITALES SOCIEDAD ADMINISTRADORA DE FONDOS DE INVERSION S.A.,6430,SOCIEDADES ADMINISTRADORAS DE FONDOS DE INVERSION,,2002-T3,2026-T2,D,"BG,ER,FE,ORI"
I00005,20433692021,VALUE INVESTMENTS PERU S.A - VALINVEST,,SOCIEDADES ADMINISTRADORAS DE FONDOS DE INVERSION,,2003-T4,2011-A,D,"BG,ER,FE,ORI"
I00006,20507331492,ACCESS SEAF SOCIEDAD ADMINISTRADORA DE FONDOS DE INVERSION S.A.C. (ANTES SMALL ENTERPRISE ASSISTANCE FUNDS PERU SOCIEDAD ADMINISTRADORA DE FONDOS DE INVERSION SAC.),,SOCIEDADES ADMINISTRADORAS DE FONDOS DE INVERSION,,2004-T1,2015-T1,D,"BG,ER,FE,ORI"
I00007,20511442011,SIGMA SOCIEDAD ADMINISTRADORA DE FONDOS DE INVERSION S.A.,6599,SOCIEDADES ADMINISTRADORAS DE FONDOS DE INVERSION,,2005-T4,2026-T2,D,"BG,ER,FE,ORI"
I00008,20512795227,CAPITAL INVESTMENTS SOCIEDAD ADMINISTRADORA DE FONDOS DE INVERSION S.A.,,SOCIEDADES ADMINISTRADORAS DE FONDOS DE INVERSION,,2006-T3,2018-T2,D,"BG,ER,FE,ORI"
I00009,20514733962,ENFOCA SOCIEDAD ADMINISTRADORA DE FONDOS DE INVERSION S.A.,7499,SOCIEDADES ADMINISTRADORAS DE FONDOS DE INVERSION,,2007-T2,2026-T2,D,"BG,ER,FE,ORI"
I00010,20512726411,POPULAR S.A. SOCIEDAD ADMINISTRADORA DE FONDOS DE INVERSION,6630,SOCIEDADES ADMINISTRADORAS DE FONDOS DE INVERSION,,2007-T1,2026-T2,D,"BG,ER,FE,ORI"
ICLV01,20346669625,CAVALI S.A. I.C.L.V. (ANTES CAVALI I.C.L.V. S.A.),6612,INSTITUCION DE COMPENSACION Y LIQUIDACION DE VALORES,,2000-T1,2026-T2,"C,D,V","BG,ER,FE,ORI"
IV0001,20503931941,"GRUPO PRIVADO DE INVERSIONES - VALORES, SOCIEDAD ANONIMA, SOCIEDAD AGENTE DE BOLSA",,SOCIEDADES AGENTES DE BOLSA,,2002-A,2016-T2,"D,I","BG,ER,FE"
IV0002,20510320639,TRADEK S.A. SOCIEDAD AGENTE DE BOLSA,,SOCIEDADES AGENTES DE BOLSA,,2005-T4,2026-T2,I,"BG,ER,FE"
IV0003,20511058695,EXPRINTER INVERSIONES SOCIEDAD INTERMEDIARIA DE VALORES SOCIEDAD ANONIMA CERRADA,,SOCIEDADES AGENTES DE BOLSA,,2006-T3,2009-T2,I,"BG,ER,FE"
J00119,20517915093,DIVISO FONDOS SOCIEDAD ADMINISTRADORA DE FONDOS S.A. - DIVISO FONDOS SAF S.A.,6599,SOCIEDADES ADMINISTRADORAS DE FONDOS MUTUOS Y FONDOS DE INVERSION,,2008-T1,2026-T1,D,"BG,ER,FE,ORI"
J00120,20503388601,FARMACEUTICA DEL PACIFICO S.A.,,EMPRESAS EMISORAS,INDUSTRIALES,2008-T3,2009-T3,D,"BG,ER,FE"
J00121,20100007348,LIMA GAS S.A.,,EMPRESAS EMISORAS,DIVERSOS,2008-T4,2017-T4,D,"BG,ER,FE,ORI"
J00122,20100030595,BANCO DE LA NACION,6419,EMPRESAS EMISORAS,BANCOS,2016-T3,2026-T2,F,"BG,ER,FE,ORI"
J00123,20378890161,RASH PERU S.A.C.,,EMPRESAS EMISORAS,DIVERSOS,2009-T4,2016-T4,D,"BG,ER,FE,ORI"
J00124,20100209641,CAJA MUNICIPAL DE AHORRO Y CREDITO DE AREQUIPA S.A.,6519,EMPRESAS EMISORAS,FINANCIERAS,2009-T4,2026-T2,F,"BG,ER,FE,ORI"
J00126,20100114349,SGS DEL PERU S.A.C.,,OTRAS EMPRESAS,,2012-A,2014-A,D,ORI
J00168,20136201213,CENTRAL DE COOPERATIVAS AGRARIAS CAFETALERAS COCLA LTDA. N° 281,,OTRAS EMPRESAS,,2012-A,2013-A,D,ORI
J00171,20100128218,PETROLEOS DEL PERU - PETROPERU S.A.,2320,EMPRESAS EMISORAS,INDUSTRIALES,2009-A,2026-T2,D,"BG,ER,FE,ORI"
J00177,20401319817,FINANCIERA CONFIANZA S.A.,,EMPRESAS EMISORAS,FINANCIERAS,2010-T2,2012-A,F,"BG,ER,FE"
J00188,20100182263,MONTANA S A,,EMPRESAS EMISORAS,DIVERSOS,2010-T3,2014-A,D,"BG,ER,FE,ORI"
J00194,20511910642,INMUEBLES COMERCIALES DEL PERU S.A.C.,,EMPRESAS EMISORAS,DIVERSOS,2010-T2,2016-T3,D,"BG,ER,FE,ORI"
J00218,20102881347,CAJA MUNICIPAL DE AHORRO Y CREDITO DE SULLANA S.A.,,EMPRESAS EMISORAS,FINANCIERAS,2012-T2,2018-T2,F,"BG,ER,FE,ORI"
J01144,20335020872,HEWLETT - PACKARD PERU S.R.L.,,OTRAS EMPRESAS,,2013-A,2014-A,D,ORI
J01316,20610079394,INVERSIONES NEURONA S.A.C. SOCIEDAD ADMINISTRADORA DE PLATAFORMA DE FINANCIAMIENTO PARTICIPATIVO,6499,SOCIEDADES ADMINISTRADORAS DE PLATAFORMAS DE FINANCIAMIENTO PARTICIPATIVO FINANCIERO,FINANCIERAS,2023-T4,2025-T4,D,"BG,ER,FE,ORI"
J01554,,NUAM INTERNACIONAL SPA,6430,EMPRESAS EMISORAS,DIVERSOS,2025-T4,2026-T2,D,"BG,ER,FE,ORI"
J01870,20612904040,SANTANDER EMPRESA ADMINISTRADORA DE FONDOS COLECTIVOS S.A.,6719,EMPRESAS ADMINISTRADORAS DE FONDOS COLECTIVOS,,2024-T4,2026-T2,D,"BG,ER,FE,ORI"
J01875,20612782513,PRESTOPOLIS SOCIEDAD ADMINISTRADORA DE PLATAFORMA DE FINANCIAMIENTO PARTICIPATIVO FINANCIERO S.A.C.,6499,SOCIEDADES ADMINISTRADORAS DE PLATAFORMAS DE FINANCIAMIENTO PARTICIPATIVO FINANCIERO,FINANCIERAS,2024-T4,2026-T2,D,"BG,ER,FE,ORI"
J02120,20613293745,INVIU PERU SOCIEDAD AGENTE DE BOLSA SOCIEDAD ANONIMA CERRADA,6612,SOCIEDADES AGENTES DE BOLSA,,2025-T2,2026-T2,I,"BG,ER,FE"
J02297,20608251082,ASSA INMOBILIARIA S.A.,6810,EMPRESAS MERCADO ALTERNATIVO DE VALORES,DIVERSOS,2025-A,2025-A,D,"BG,ER,FE,ORI"
J02376,20613772252,ZEST CAPITAL SOCIEDAD ADMINISTRADORA DE FONDOS DE INVERSION S.A.C.,6430,SOCIEDADES ADMINISTRADORAS DE FONDOS DE INVERSION,,2025-T3,2026-T2,D,"BG,ER,FE,ORI"
J02511,20614368960,MAF EMPRESA ADMINISTRADORA DE FONDOS COLECTIVOS SOCIEDAD ANONIMA,6492,EMPRESAS ADMINISTRADORAS DE FONDOS COLECTIVOS,,2025-A,2026-T2,D,"BG,ER,FE,ORI"
J02573,20614384213,SECURITE SOCIEDAD ADMINISTRADORA DE PLATAFORMA DE FINANCIAMIENTO PARTICIPATIVO FINANCIERO S.A.C.,6499,SOCIEDADES ADMINISTRADORAS DE PLATAFORMAS DE FINANCIAMIENTO PARTICIPATIVO FINANCIERO,FINANCIERAS,2026-T2,2026-T2,D,"BG,ER,FE,ORI"
J02680,20615701921,CUMBRA HOLDING S.A.A.,6420,EMPRESAS EMISORAS,DIVERSOS,2026-T2,2026-T2,D,"BG,ER,FE,ORI"
J40087,20543482316,DIA BRAS PERU S.A.C.,,OTRAS EMPRESAS,,2012-A,2014-A,D,ORI
J40089,20492825752,CORPORACION PECSA S.A.,,OTRAS EMPRESAS,,2012-A,2014-A,D,ORI
J40093,20414671773,FONDO MIVIVIENDA S.A.,6599,EMPRESAS EMISORAS,FINANCIERAS,2012-T4,2026-T2,F,"BG,ER,FE,ORI"
J40106,20261898706,ADEXUS PERU SA,,OTRAS EMPRESAS,,2014-A,2014-A,D,ORI
J40120,20511230188,ANDINO INVESTMENT HOLDING S.A.A.,7499,EMPRESAS EMISORAS,DIVERSOS,2011-T4,2026-T2,D,"BG,ER,FE,ORI"
J40125,20511165181,HUDBAY PERU S.A.C.,,OTRAS EMPRESAS,,2012-A,2014-A,D,ORI
J40126,20137254205,INSTITUTO PERUANO DE ACCION EMPRESARIAL,,OTRAS EMPRESAS,,2013-A,2014-A,D,ORI
J40137,20130200789,CAJA MUNICIPAL DE AHORRO Y CREDITO DE HUANCAYO S.A.,6519,EMPRESAS EMISORAS,FINANCIERAS,2011-A,2026-T2,F,"BG,ER,FE,ORI"
J40138,20536903519,SOLDEX SA,,EMPRESAS EMISORAS,INDUSTRIALES,2011-T3,2014-A,D,"BG,ER,FE,ORI"
J40177,20130098488,CAJA MUNIC.DE AHORR.Y CRED.DE TACNA S.A.,,OTRAS EMPRESAS,,2014-A,2014-A,F,ORI
J40184,20100077044,HERMES TRANSPORTES BLINDADOS S.A.,4923,EMPRESAS EMISORAS,DIVERSOS,2012-A,2026-T2,D,"BG,ER,FE,ORI"
J40187,20462509236,UNIVERSIDAD TECNOLOGICA DEL PERU S.A.C. O UTP S.A.C.,,EMPRESAS EMISORAS,DIVERSOS,2012-A,2015-T3,D,"BG,ER,FE,ORI"
J40209,20173223626,MENORCA INVERSIONES S.A.C.,,OTRAS EMPRESAS,,2012-A,2014-A,D,ORI
J40210,20100102413,UNIQUE S.A.,,OTRAS EMPRESAS,,2012-A,2014-A,D,ORI
J40215,20521219069,LXG CAPITAL S.A.C.,7414,SOCIEDADES ESTRUCTURADORAS - SES,,2014-A,2025-A,D,"BG,ER,FE,ORI"
J40227,20100078792,PRODUCTOS AVON S A,,OTRAS EMPRESAS,,2012-A,2014-A,D,ORI
J40235,20501961869,LATINTECNA S.A,,OTRAS EMPRESAS,,2012-A,2012-A,D,ORI
J40236,20417573705,TECNO FAST S.A.C.,,OTRAS EMPRESAS,,2013-A,2014-A,D,ORI
J40237,20101128777,DHL EXPRESS PERÚ S.A.C.,,OTRAS EMPRESAS,,2012-A,2014-A,D,ORI
J40238,20100123682,GLAXOSMITHKLINE PERU S.A.,,OTRAS EMPRESAS,,2012-A,2014-A,D,ORI
J40239,20211614545,UNIVERSIDAD PERUANA DE CIENCIAS APLICADAS S.A.C.,,OTRAS EMPRESAS,,2012-A,2014-A,D,ORI
J40244,20536830376,LIMA TOURS S.A.C.,,OTRAS EMPRESAS,,2013-A,2014-A,D,ORI
J40248,20512868046,CFG INVESTMENT SAC,,OTRAS EMPRESAS,,2012-A,2014-A,D,ORI
J40249,20503423287,CENTELSA PERU S.A.C.,,OTRAS EMPRESAS,,2012-A,2014-A,D,ORI
J40251,20100067910,BRAEDT S.A.,,OTRAS EMPRESAS,,2012-A,2014-A,D,ORI
J40252,20372000008,INMOBILIARIA RAPID S.A.C.,,OTRAS EMPRESAS,,2014-A,2014-A,D,ORI
J40253,20486229927,SIERRA MACHINES S.A.C.,,OTRAS EMPRESAS,,2013-A,2014-A,D,ORI
J40254,20517466868,CROWN GAMING S.A.C.,,OTRAS EMPRESAS,,2012-A,2014-A,D,ORI
J40256,20506363480,LUMINA COPPER S.A.C.,,OTRAS EMPRESAS,,2012-A,2014-A,D,ORI
J40257,20416414018,L'OREAL PERU S.A.,,OTRAS EMPRESAS,,2012-A,2014-A,D,ORI
J40258,20224748711,CORPORACION PESQUERA INCA S.A.C. COPEINCA S.A.C.,,EMPRESAS EMISORAS,INDUSTRIALES,2012-A,2014-A,D,"BG,ER,FE,ORI"
J40262,20514268356,INVERSIONES DELOSI S.A..,,OTRAS EMPRESAS,,2013-A,2014-A,D,ORI
J40266,20492092313,MAKRO SUPERMAYORISTA S.A.,,OTRAS EMPRESAS,,2012-A,2014-A,D,ORI
J40267,20402805294,AGRICOLA Y GANADERA CHAVIN DE HUANTAR S.A.,0111,EMPRESAS MERCADO ALTERNATIVO DE VALORES,AGRICOLAS,2015-A,2025-A,D,"BG,ER,FE,ORI"
J40271,20100370426,CONCYSSA S A,,OTRAS EMPRESAS,,2012-A,2014-A,D,ORI
J40274,20291398902,IXOM PERU S.A.C.,,OTRAS EMPRESAS,,2012-A,2014-A,D,ORI
J40275,20100047137,UNION YCHICAWA S A,,OTRAS EMPRESAS,,2012-A,2014-A,D,ORI
J40283,20296637697,CORPORACION PETROLERA S.A.C.,,OTRAS EMPRESAS,,2012-A,2014-A,D,ORI
J40285,20552322704,RIGEL PERU S.A. COMPAÑIA DE SEGUROS DE VIDA - EN LIQUIDACION,,EMPRESAS EMISORAS,SEGUROS,2013-T3,2020-T3,E,"BG,ER,FE,ORI"
J40300,20514737364,SANIHOLD S.A.C.,,OTRAS EMPRESAS,,2012-A,2014-A,D,ORI
J40303,20142586712,BAKER HUGHES INT. OPER. DEL PERU SA,,OTRAS EMPRESAS,,2013-A,2014-A,D,ORI
J40304,20100087945,PRENSMART S.A.C.,,OTRAS EMPRESAS,,2012-A,2014-A,D,ORI
J40309,20543254798,VIETTEL PERU S.A.C.,,OTRAS EMPRESAS,,2012-A,2014-A,D,ORI
J40310,20100099447,MERCK PERUANA S A,,OTRAS EMPRESAS,,2012-A,2014-A,D,ORI
J40313,20509709573,ISOPETROL LUBRICANTS DEL PERU S.A.C.,,OTRAS EMPRESAS,,2012-A,2014-A,D,ORI
J40314,20513452153,PESQUERA NATALIA S.A.C,,OTRAS EMPRESAS,,2012-A,2013-A,D,ORI
J40315,20377332297,JACOBS PERU S.A.,,OTRAS EMPRESAS,,2012-A,2014-A,D,ORI
J40317,20127745910,MAXIMA INTERNACIONAL S.A.,,OTRAS EMPRESAS,,2012-A,2014-A,D,ORI
J40318,20371828851,QUAD/GRAPHICS PERU S.A.,,OTRAS EMPRESAS,,2012-A,2014-A,D,ORI
J40319,20512208119,ICM PACHAPAQUI S.A.C.,,OTRAS EMPRESAS,,2013-A,2014-A,D,ORI
J40321,20107012011,APM TERMINALS INLAND SERVICES S.A.,,OTRAS EMPRESAS,,2012-A,2014-A,D,ORI
J40323,20548347301,TORRES UNIDAS DEL PERU S.R.L.,,OTRAS EMPRESAS,,2012-A,2014-A,D,ORI
J40324,20131016639,ORICA MINING SERVICES PERU S.A.,,OTRAS EMPRESAS,,2013-A,2013-A,D,ORI
J40325,20380122317,MWH PERU S.A.,,OTRAS EMPRESAS,,2012-A,2014-A,D,ORI
J40326,20510452209,MAFER REAL ESTATE S.A.C.,,OTRAS EMPRESAS,,2012-A,2014-A,D,ORI
J40327,20508891149,JRC INGENIERIA Y CONSTRUCCION S.A.C.,,OTRAS EMPRESAS,,2012-A,2014-A,D,ORI
J40329,20513120584,MOCHE INVERSIONES S.A.,,EMPRESAS EMISORAS,SERVICIOS PUBLICOS,2013-T4,2016-T4,D,"BG,ER,FE,ORI"
J40330,20419757331,COGORNO S.A.,,OTRAS EMPRESAS,,2012-A,2014-A,D,ORI
J40332,20388101971,COMPAÑIA AMERICANA DE MULTISERVICIOS DEL PERU S.A.,,OTRAS EMPRESAS,,2012-A,2014-A,D,ORI
J40333,20452614767,LA CALERA S.A.C,,OTRAS EMPRESAS,,2012-A,2014-A,D,ORI
J40335,20306637305,REPRESENTACIONES MARTIN S.A.C,,OTRAS EMPRESAS,,2013-A,2014-A,D,ORI
J40336,20513225840,COMERCIALIZADORA TAMBO REAL S.A.C.,,OTRAS EMPRESAS,,2012-A,2013-A,D,ORI
J40338,20543251934,GRUPO TM S.A.C.,,OTRAS EMPRESAS,,2012-A,2012-A,D,ORI
J40339,20508185864,INVERSIONES EN INMUEBLES LIMA S.A.C.,,OTRAS EMPRESAS,,2013-A,2014-A,D,ORI
J40340,20101796532,NATURA COSMETICOS S.A.,,OTRAS EMPRESAS,,2012-A,2014-A,D,ORI
J40342,20413940568,EMBOTELLADORA SAN MIGUEL DEL SUR S.A.C.,,OTRAS EMPRESAS,,2012-A,2014-A,D,ORI
J40346,20376303811,DOE RUN PERU S.R.L. EN LIQUIDACION EN MARCHA,,OTRAS EMPRESAS,,2012-A,2014-A,D,ORI
J40347,20101064191,CESEL S A,,OTRAS EMPRESAS,,2012-A,2014-A,D,ORI
J40348,20543354075,BPO TRADING S.A.C.,,OTRAS EMPRESAS,,2012-A,2014-A,D,ORI
J40362,20550197970,GERENCIA INMOBILIARIA EDIFICA S.A.C.,,EMPRESAS EMISORAS,DIVERSOS,2013-T2,2013-T3,D,"BG,ER,FE,ORI"
J40368,20423195119,GILAT TO HOME PERU S.A.,,OTRAS EMPRESAS,,2013-A,2014-A,D,ORI
J40371,20553157014,QUALITAS COMPAÑIA DE SEGUROS S.A.,6603,EMPRESAS EMISORAS,SEGUROS,2013-T4,2026-T2,E,"BG,ER,FE,ORI"
J40393,20538715345,BLANCO SOCIEDAD ADMINISTRADORA DE FONDOS S.A.C.,,SOCIEDADES ADMINISTRADORAS DE FONDOS MUTUOS Y FONDOS DE INVERSION,,2014-T3,2024-T2,D,"BG,ER,FE,ORI"
J40414,20546892175,ICBC PERU BANK,6419,EMPRESAS EMISORAS,BANCOS,2013-A,2026-T2,F,"BG,ER,FE,ORI"
J40430,20136353315,EPS. SEDACUSCO S.A.,,OTRAS EMPRESAS,,2012-A,2013-A,D,ORI
J40442,20514710911,MEDROCK CORPORATION SOCIEDAD ANONIMA CERRADA,,EMPRESAS MERCADO ALTERNATIVO DE VALORES,DIVERSOS,2015-A,2022-A,D,"BG,ER,FE,ORI"
J40449,20100075858,GRIFO SAN IGNACIO S.A.C.,,OTRAS EMPRESAS,,2012-A,2014-A,D,ORI
J40450,20554816526,AUGUSTAR SEGUROS Y REASEGUROS S.A. (ANTES OHIO NATIONAL SEGUROS DE VIDA Y REASEGUROS S.A.),6511,EMPRESAS EMISORAS,SEGUROS,2014-T2,2026-T2,E,"BG,ER,FE,ORI"
J40451,20505670443,NESSUS HOTELES PERU S.A.,,EMPRESAS EMISORAS,DIVERSOS,2013-A,2023-T3,D,"BG,ER,FE,ORI"
J40458,20120332067,CN MINERIA Y CONSTRUCCION S.A.C.,,OTRAS EMPRESAS,,2013-A,2014-A,D,ORI
J40460,20491860023,ALMACENAJE Y TRANSPORTE INTEGRAL SOCIEDAD ANONIMA CERRADA,,OTRAS EMPRESAS,,2013-A,2014-A,D,ORI
J40461,20558217805,DISTRIBUIDORA SURATI SOCIEDAD ANÓNIMA CERRADA,,OTRAS EMPRESAS,,2013-A,2014-A,D,ORI
J40462,20510430655,DELL PERU S.A.C,,OTRAS EMPRESAS,,2013-A,2014-A,D,ORI
J40464,20123316658,HALEMA S.A.C.,,OTRAS EMPRESAS,,2013-A,2014-A,D,ORI
J40465,20503379521,INCORP INGENIERIA Y CONSTRUCCION SOCIEDAD ANONIMA CERRADA,,OTRAS EMPRESAS,,2013-A,2013-A,D,ORI
J40466,20388829452,LASINO S.A.,,OTRAS EMPRESAS,,2013-A,2014-A,D,ORI
J40467,20302218774,CINDEL S.A.,,OTRAS EMPRESAS,,2013-A,2014-A,D,ORI
J40468,20471744493,CALIZA CEMENTO INCA S.A.,,OTRAS EMPRESAS,,2013-A,2014-A,D,ORI
J40469,20465557754,EMERSON DEL PERU S.A.C.,,OTRAS EMPRESAS,,2013-A,2014-A,D,ORI
J40470,20279740662,DIAGEO DEL PERU S.A.,,OTRAS EMPRESAS,,2013-A,2013-A,D,ORI
J40471,20263158327,DIAGEO PERU S.A.,,OTRAS EMPRESAS,,2013-A,2013-A,D,ORI
J40474,20508669802,GRUPO VIVARGO S.A.C.,,OTRAS EMPRESAS,,2013-A,2014-A,D,ORI
J40476,20254138577,MICROSOFT PERU S.R.L.,,OTRAS EMPRESAS,,2013-A,2014-A,D,ORI
J40477,20517300382,INVERSIONES INMOBILIARIAS MAR DEL PLATA S.A.,,OTRAS EMPRESAS,,2013-A,2013-A,D,ORI
J40478,20475309899,COLORTEX PERU S.A.,,OTRAS EMPRESAS,,2013-A,2014-A,D,ORI
J40479,20505960361,CHR HANSEN S.A.,,OTRAS EMPRESAS,,2013-A,2014-A,D,ORI
J40480,20523163320,BOEHRINGER INGELHEIM PERU S.A.C,,OTRAS EMPRESAS,,2013-A,2014-A,D,ORI
J40481,20509783625,NATURAL GAS COMPANY SAC,,OTRAS EMPRESAS,,2013-A,2014-A,D,ORI
J40482,20512574212,TAWA CONSULTING S.A.C.,,OTRAS EMPRESAS,,2013-A,2013-A,D,ORI
J40484,20492357635,AMERICAS POTASH PERU S.A.,,OTRAS EMPRESAS,,2013-A,2014-A,D,ORI
J40486,20110133091,TECNOLOGIA INDUSTRIAL Y NACIONAL S.A.,,OTRAS EMPRESAS,,2013-A,2014-A,D,ORI
J40488,20518375173,WOOD GROUP PERÚ S.A.C.,,OTRAS EMPRESAS,,2013-A,2014-A,D,ORI
J40489,20504644074,EECOL ELECTRIC PERU S.A.C.,,OTRAS EMPRESAS,,2013-A,2014-A,D,ORI
J40490,20496651481,LUBRICANTES DE ALTURA S.A.C.,,OTRAS EMPRESAS,,2013-A,2014-A,D,ORI
J40491,20510498888,TORRINE S.A.C.,,OTRAS EMPRESAS,,2013-A,2014-A,D,ORI
J40492,20100990998,REPRESENTACIONES TECNIMOTORS E I R L,,OTRAS EMPRESAS,,2013-A,2014-A,D,ORI
J40493,20555622709,NEXUS CAPITAL PARTNERS III S.A.C,,OTRAS EMPRESAS,,2013-A,2013-A,D,ORI
J40495,20100119065,XEROX DEL PERU S A,,OTRAS EMPRESAS,,2013-A,2014-A,D,ORI
J40496,20514132373,VERAZ PETROLEUM PERÚ S.A.C.,,OTRAS EMPRESAS,,2014-A,2014-A,D,ORI
J40497,20101337261,ROCA S.A.C.,,OTRAS EMPRESAS,,2013-A,2014-A,D,ORI
J40498,20518042280,PERUVIAN AIR LINE S.A.C.,,OTRAS EMPRESAS,,2013-A,2014-A,D,ORI
J40499,20466489272,SERVICIOS MINEROS GLORIA S.A.C.,,OTRAS EMPRESAS,,2012-A,2014-A,D,ORI
J40500,20511038821,CENTRO EMPRESARIAL JUAN DE ARONA S.A.C - CEJA S.A.C,,OTRAS EMPRESAS,,2013-A,2014-A,D,ORI
J40501,20507443371,YAPUY S.A.C.,,OTRAS EMPRESAS,,2013-A,2013-A,D,ORI
J40503,20557638441,SEMINARIO SOCIEDAD ADMINISTRADORA DE FONDOS MUTUOS DE INVERSION EN VALORES S.A.,,SOCIEDADES ADMINISTRADORAS DE FONDOS MUTUOS Y FONDOS DE INVERSION,,2015-T1,2016-T1,D,"BG,ER,FE,ORI"
J40505,20517705951,PERI - PERUANA SAC,,OTRAS EMPRESAS,,2013-A,2013-A,D,ORI
J40506,20511358907,CORPORACION DE INDUSTRIAS STANDFORD SOCIEDAD ANONIMA CERRADA,,OTRAS EMPRESAS,,2012-A,2014-A,D,ORI
J40507,20517738701,CLINICA JESUS DEL NORTE SOCIEDAD ANONIMA CERRADA,,OTRAS EMPRESAS,,2013-A,2014-A,D,ORI
J40508,20545801770,NG RESTAURANTS S.A.,,OTRAS EMPRESAS,,2013-A,2013-A,D,ORI
J40509,20505018509,CLINICA SAN GABRIEL S A C,,OTRAS EMPRESAS,,2013-A,2014-A,D,ORI
J40510,20510931514,PERUVIAN TOURS AGENCY SOCIEDAD ANONIMA CERRADA,,OTRAS EMPRESAS,,2013-A,2013-A,D,ORI
J40511,20418664542,CEMPRO TECH S.A.C.,,OTRAS EMPRESAS,,2013-A,2014-A,D,ORI
J40512,20421421669,AUSENCO PERU S.A.C.,,OTRAS EMPRESAS,,2013-A,2013-A,D,ORI
J40517,20195011169,ALUSUD PERU S.A.,,OTRAS EMPRESAS,,2013-A,2013-A,D,ORI
J40518,20514651303,AMOR NIA S.A.C.,,OTRAS EMPRESAS,,2014-A,2014-A,D,ORI
J40519,20502042352,BRIGHTSTAR PERU S.R.L.,,OTRAS EMPRESAS,,2013-A,2013-A,D,ORI
J40520,20296027945,C.A.M.E CONTRATISTAS Y SERV.GENERALES SA,,OTRAS EMPRESAS,,2013-A,2013-A,D,ORI
J40521,20524191581,ADMINISTRACION Y OPERACIONES CONSOLIDADAS DEL GRUPO SAN PABLO S.A.C.,,OTRAS EMPRESAS,,2013-A,2013-A,D,ORI
J40522,20514270091,INVERSIONES NEWSIL S.A.C.,,OTRAS EMPRESAS,,2013-A,2014-A,D,ORI
J40525,20550948029,COFACO INDUSTRIES S.A.C.,,OTRAS EMPRESAS,,2013-A,2014-A,D,ORI
J40526,20332354532,ELECTROVIA SOCIEDAD ANONIMA CERRADA,,EMPRESAS MERCADO ALTERNATIVO DE VALORES,DIVERSOS,2012-A,2017-A,D,"BG,ER,FE,ORI"
J40528,20514269913,NEWSIL S.A.C.,,OTRAS EMPRESAS,,2013-A,2014-A,D,ORI
J40530,20477815236,PETROMINERALES PERU S.A.,,OTRAS EMPRESAS,,2013-A,2014-A,D,ORI
J40534,20505234970,PEPSI COLA PANAMERICANA S.R.L.,,OTRAS EMPRESAS,,2013-A,2014-A,D,ORI
J40537,20536505971,CARAL EDIFICACIONES SOCIEDAD ANONIMA CERRADA,,OTRAS EMPRESAS,,2013-A,2013-A,D,ORI
J40540,20392995006,ZAMINE SERVICE PERU SAC,,OTRAS EMPRESAS,,2013-A,2013-A,D,ORI
J40541,20126850680,SEDA HUANUCO S.A.,,OTRAS EMPRESAS,,2013-A,2014-A,D,ORI
J40542,20521448840,CONSTRUCCIONES INMOBILIARIAS DEL PERU S.A.C.,,OTRAS EMPRESAS,,2013-A,2014-A,D,ORI
J40543,20553045721,EDIFICACIONES EL GOLF S.A.C,,OTRAS EMPRESAS,,2013-A,2014-A,D,ORI
J40544,20514713937,INMOBILIARI SOCIEDAD ANONIMA,,OTRAS EMPRESAS,,2013-A,2014-A,D,ORI
J40545,20111546208,COMPAÑIA INMOBILIARIA LOS INCAS S.A.C.,,OTRAS EMPRESAS,,2013-A,2013-A,D,ORI
J40546,20492685560,INGENIERIA CONSTRUCTIVA INMOBILIARIA SOCIEDAD ANONIMA CERRADA - INGENIERIA CONSTRUCTIVA INMOBILIARIA,,OTRAS EMPRESAS,,2013-A,2014-A,D,ORI
J40547,20546996116,PROMOTORA INMOBILIARIA MONTERRICO S.A.C.,,OTRAS EMPRESAS,,2013-A,2014-A,D,ORI
J40548,20102261551,TEXTIL SAN RAMON S A,,OTRAS EMPRESAS,,2013-A,2014-A,D,ORI
J40550,20100096855,SANOFI-AVENTIS DEL PERU S.A,,OTRAS EMPRESAS,,2013-A,2014-A,D,ORI
J40552,20417773542,GENERADORA DE ENERGIA DEL PERU S.A.,,OTRAS EMPRESAS,,2013-A,2014-A,D,ORI
J40553,20422293699,G4S PERU S.A.C. .,,OTRAS EMPRESAS,,2013-A,2014-A,D,ORI
J40570,20553486000,CORPORACION DE GESTION MINERA S.A.,,EMPRESAS EMISORAS,MINERAS,2013-A,2017-T2,D,"BG,ER,FE,ORI"
J40579,20305556786,GAMING AND SERVICES S.A.C.,,OTRAS EMPRESAS,,2014-A,2014-A,D,ORI
J40580,20563405563,AUTOPLAN EMPRESA ADMINISTRADORA DE FONDOS COLECTIVOS S.A.,6719,EMPRESAS ADMINISTRADORAS DE FONDOS COLECTIVOS,,2015-T1,2026-T2,D,"BG,ER,FE,ORI"
J40582,20565403851,ICCGSA INVERSIONES S.A.,,EMPRESAS EMISORAS,DIVERSOS,2014-T4,2020-T3,D,"BG,ER,FE,ORI"
J40598,20136437331,PESQUERA PELAYO S.A.C.,,OTRAS EMPRESAS,,2013-A,2014-A,D,ORI
J40600,20565964705,PLAN RENTABLE PERU S.A.C. EAFC,,EMPRESAS ADMINISTRADORAS DE FONDOS COLECTIVOS,,2015-T2,2023-T3,D,"BG,ER,FE,ORI"
J40618,20600069218,BD CAPITAL SOCIEDAD ADMINISTRADORA DE FONDOS S.A.C.,6599,SOCIEDADES ADMINISTRADORAS DE FONDOS MUTUOS Y FONDOS DE INVERSION,,2015-T3,2026-T2,D,"BG,ER,FE,ORI"
J40619,20508334614,TEKTON CORP. S.A.C.,,EMPRESAS MERCADO ALTERNATIVO DE VALORES,DIVERSOS,2015-A,2016-A,D,"BG,ER,FE,ORI"
J40630,20322445564,CAJA RURAL DE AHORRO Y CREDITO LOS ANDES S.A.,6519,EMPRESAS EMISORAS,FINANCIERAS,2014-A,2026-T2,F,"BG,ER,FE,ORI"
J40635,20385218029,ENERGY SERVICES DEL PERU S.A.C.,,OTRAS EMPRESAS,,2014-A,2014-A,D,ORI
J40636,20501457869,LIBRERIAS CRISOL S.A.C.,,OTRAS EMPRESAS,,2014-A,2014-A,D,ORI
J40639,20100005213,COMPAÑIA QUIMICA S A,,OTRAS EMPRESAS,,2013-A,2013-A,D,ORI
J40640,20519330874,CULTIMARINE S.A.C.,,OTRAS EMPRESAS,,2014-A,2014-A,D,ORI
J40641,20264560706,HATCH ASOCIADOS S.A.,,OTRAS EMPRESAS,,2014-A,2014-A,D,ORI
J40642,20509089923,NEOAGRUM S.A.C.,,OTRAS EMPRESAS,,2014-A,2014-A,D,ORI
J40644,20537613484,AYESA PERU SOCIEDAD ANONIMA CERRADA,,OTRAS EMPRESAS,,2014-A,2014-A,D,ORI
J40645,20491932202,PROMOTORA LOS OLIVOS S.A.C.,,OTRAS EMPRESAS,,2014-A,2014-A,D,ORI
J40646,20514668885,CROSLAND REPUESTOS S.A.C.,,OTRAS EMPRESAS,,2014-A,2014-A,D,ORI
J40647,20100276322,EMPRESA METAL MECANICA S A EMEMSA,,OTRAS EMPRESAS,,2014-A,2014-A,D,ORI
J40648,20306363761,REMICSA DRILLING S.A.,,OTRAS EMPRESAS,,2014-A,2014-A,D,ORI
J40651,20538004830,INMOBILIARIA CASCAJAL S.A.C.,,OTRAS EMPRESAS,,2014-A,2014-A,D,ORI
J40654,20509268691,LICENCIAS ON LINE S.A.C.,,OTRAS EMPRESAS,,2014-A,2014-A,D,ORI
J40655,20515164945,INCA RAIL S.A.,6010,EMPRESAS EMISORAS,DIVERSOS,2014-A,2026-T2,D,"BG,ER,FE,ORI"
J40656,20101330258,INGENIERIA DE LA CONSTRUCCION S.A.C.,,OTRAS EMPRESAS,,2014-A,2014-A,D,ORI
J40657,20513169320,VIDRIOS LIRQUEN PERU S.A.C.,,OTRAS EMPRESAS,,2014-A,2014-A,D,ORI
J40658,20511451354,UNIBELL S.A.C.,,OTRAS EMPRESAS,,2014-A,2014-A,D,ORI
J40659,20132381624,YUGOCORP S.A.C.,,OTRAS EMPRESAS,,2014-A,2014-A,D,ORI
J40660,20132218472,PRODUCTOS RAZZETO & NESTOROVIC S.A.C.,,OTRAS EMPRESAS,,2014-A,2014-A,D,ORI
J40661,20505842325,DISTRIBUIDORA ALMENDARIZ S.A.C.,,OTRAS EMPRESAS,,2014-A,2014-A,D,ORI
J40662,20367748517,CORPORACION AGRICOLA DEL SUR S.A.,,OTRAS EMPRESAS,,2014-A,2014-A,D,ORI
J40663,20279143222,FLORIDABLANCA S.A.C.,,OTRAS EMPRESAS,,2014-A,2014-A,D,ORI
J40665,20101920721,COMERCIAL MONT S.A.C.,,OTRAS EMPRESAS,,2014-A,2014-A,D,ORI
J40666,20100030676,DISTRIBUIDORA NAVARRETE S A,,OTRAS EMPRESAS,,2014-A,2014-A,D,ORI
J40667,20514358347,MUNDO MINERALES SAC,,OTRAS EMPRESAS,,2014-A,2014-A,D,ORI
J40668,20100036101,ACEROS BOEHLER DEL PERU S A,,OTRAS EMPRESAS,,2014-A,2014-A,D,ORI
J40669,20507249214,GENOMMA LAB. PERU S.A.,,OTRAS EMPRESAS,,2014-A,2014-A,D,ORI
J40671,20100060311,BOYLES BROS DIAMANTINA S A,,OTRAS EMPRESAS,,2014-A,2014-A,D,ORI
J40672,20109357091,R Y C CONSTRUCTORES S.A.,,OTRAS EMPRESAS,,2014-A,2014-A,D,ORI
J40674,20510392206,GRUPO DE INVERSIONES ODIN S.A.C.,,OTRAS EMPRESAS,,2014-A,2014-A,D,ORI
J40676,20538287874,ENERGIA GLOBAL ALTERNATIVA S.A.C.,,OTRAS EMPRESAS,,2014-A,2014-A,D,ORI
J40677,20547364954,INMOBILIARIA LOS JARDINES DE LIMA S.A.C.,,OTRAS EMPRESAS,,2014-A,2014-A,D,ORI
J40678,20543631338,INMOBILIARIA LAS ALMENDRAS DE SURCO SOCIEDAD ANONIMA CERRADA,,OTRAS EMPRESAS,,2014-A,2014-A,D,ORI
J40679,20547365250,INMOBILIARIA LAS ORQUIDEAS DEL MONTE S.A.C.,,OTRAS EMPRESAS,,2014-A,2014-A,D,ORI
J40681,20452350921,ESTACION DE SERVICIOS DANIELA S.A.,,OTRAS EMPRESAS,,2014-A,2014-A,D,ORI
J40683,20548532974,UVAS DEL NORTE S.A.C.,,OTRAS EMPRESAS,,2014-A,2014-A,D,ORI
J40684,20100001579,FUNDICION CALLAO S A,,OTRAS EMPRESAS,,2014-A,2014-A,D,ORI
J40687,20258797915,MAQUINARIAS Y EQUIPOS DEL PERU S.A.,,OTRAS EMPRESAS,,2014-A,2014-A,D,ORI
J40689,20547275935,INMOBILIARIA LOS CIRIOS S.A.C.,,OTRAS EMPRESAS,,2014-A,2014-A,D,ORI
J40690,20555903546,FORD PERU S.R.L.,,OTRAS EMPRESAS,,2014-A,2014-A,D,ORI
J40691,20351516560,LLAMA GAS PUCALLPA SA,,OTRAS EMPRESAS,,2014-A,2014-A,D,ORI
J40692,20259572887,MONTACARGAS ZAPLER S.R.LTDA.,,OTRAS EMPRESAS,,2014-A,2014-A,D,ORI
J40693,20516094096,ESPINOSA ARQUITECTOS S.A.C. - ESPARQ,,OTRAS EMPRESAS,,2014-A,2014-A,D,ORI
J40694,20260047567,WALSH PERU SA INGENIEROS Y CIENTIFICOS CONSULTORES,,OTRAS EMPRESAS,,2014-A,2014-A,D,ORI
J40695,20338598301,PETROLERA MONTERRICO S.A,,OTRAS EMPRESAS,,2014-A,2014-A,D,ORI
J40696,20543747719,BELIA TRADING PERU S.A.C.,,OTRAS EMPRESAS,,2014-A,2014-A,D,ORI
J40697,20506908061,CORPORACION INMOBILIARIA SUDAMERICANA SAC,,OTRAS EMPRESAS,,2014-A,2014-A,D,ORI
J40698,20502454545,SERVICIOS LOGISTICOS DE COURIER DEL PERU S.A.C.,,OTRAS EMPRESAS,,2014-A,2014-A,D,ORI
J40699,20514651486,LA DOñA S.A.C,,OTRAS EMPRESAS,,2014-A,2014-A,D,ORI
J40700,20253319403,NEW TRANSPORT S.A.,,OTRAS EMPRESAS,,2014-A,2014-A,D,ORI
J40704,20218786261,COMERCIAL MOLINERA SAN LUIS SAC,,OTRAS EMPRESAS,,2014-A,2014-A,D,ORI
J40706,20527880484,COBERTURA TOTAL EMPRESA INDIVIDUAL DE RESPONSABILIDAD LIMITADA,,OTRAS EMPRESAS,,2014-A,2014-A,D,ORI
J40707,20392535935,ARTE EXPRESS RENT S.A.C.,,OTRAS EMPRESAS,,2014-A,2014-A,D,ORI
J40708,20510684321,ARTE EXPRESS Y DECIMONONICO S.A.C.,,OTRAS EMPRESAS,,2014-A,2014-A,D,ORI
J40709,20510551363,ARTE EXPRESS Y COMPAÑIA S.A.C.,,OTRAS EMPRESAS,,2014-A,2014-A,D,ORI
J40713,20511988757,EDIFICACIONES INMOBILIARIAS S.A.C.,,OTRAS EMPRESAS,,2014-A,2014-A,D,ORI
J40714,20501523837,EXPLOMIN DEL PERU S.A.,,OTRAS EMPRESAS,,2014-A,2014-A,D,ORI
J40715,20212149145,"EFCO DEL PERU LTD, SUCURSAL",,OTRAS EMPRESAS,,2014-A,2014-A,D,ORI
J40717,20478154284,CONSORCIO V&V BRAVO CONTRATISTAS GENERALES S.A.C.,,OTRAS EMPRESAS,,2014-A,2014-A,D,ORI
J40718,20100068487,ABRASIVOS S.A.,,OTRAS EMPRESAS,,2014-A,2014-A,D,ORI
J40724,20516045397,TAMBOS PERU S.A.C. - TAMPESAC,,OTRAS EMPRESAS,,2014-A,2014-A,D,ORI
J40725,20555478403,OB CONSTRUCTION S.A.C.,,OTRAS EMPRESAS,,2014-A,2014-A,D,ORI
J40728,20544415256,GSP INVERSIONES S.A.C.,,OTRAS EMPRESAS,,2014-A,2014-A,D,ORI
J40729,20381170412,ONCOCENTER PERU S.A.C.,,OTRAS EMPRESAS,,2014-A,2014-A,D,ORI
J40731,20510068018,INMOBILIARIA ALMIL SAC,,OTRAS EMPRESAS,,2014-A,2014-A,D,ORI
J40733,20523155572,INMOBILIARIA MIRAFLORES PERU S.A.C.,,OTRAS EMPRESAS,,2014-A,2014-A,D,ORI
J40734,20513250445,INMAC PERU S.A.C.,,OTRAS EMPRESAS,,2014-A,2014-A,D,ORI
J40739,20504565794,BANCO AGROPECUARIO - AGROBANCO,,EMPRESAS EMISORAS,BANCOS,2015-T2,2017-T2,F,"BG,ER,FE,ORI"
J40740,20100157315,CORPORACION LA SIRENA SAC,,OTRAS EMPRESAS,,2014-A,2014-A,D,ORI
J40742,20556115304,INGROUP INVESTMENT S.A.C.,,OTRAS EMPRESAS,,2014-A,2014-A,D,ORI
J40743,20548300178,INMOBILIARIA JUFER S.A.C.,,OTRAS EMPRESAS,,2014-A,2014-A,D,ORI
J40745,20536690264,ENCOFRADOS ALSINA DEL PERÚ S.A.C.,,OTRAS EMPRESAS,,2014-A,2014-A,D,ORI
J40746,20133550292,NOR DISTRIBUIDORA IBARGUREN GEREDA S.A.,,OTRAS EMPRESAS,,2014-A,2014-A,D,ORI
J40747,20100779740,J N ACEROS S A,,OTRAS EMPRESAS,,2014-A,2014-A,D,ORI
J40750,20554441883,MC COMERCIO S.A.C.,,OTRAS EMPRESAS,,2014-A,2014-A,D,ORI
J40751,20552660341,MC KPITAL S.A.C.,,OTRAS EMPRESAS,,2014-A,2014-A,D,ORI
J40752,20544718828,OPTAMINE S.A.C.,,OTRAS EMPRESAS,,2014-A,2014-A,D,ORI
J40753,20480880154,NOR OIL SAC,,OTRAS EMPRESAS,,2014-A,2014-A,D,ORI
J40754,20518509391,CONSTRUREDES SOCIEDAD ANONIMA CERRADA,,OTRAS EMPRESAS,,2014-A,2014-A,D,ORI
J40755,20521622629,LUBCOM S.A.C.,,OTRAS EMPRESAS,,2014-A,2014-A,D,ORI
J40757,20523135466,TORRES AJ PERU S.A.C.,,OTRAS EMPRESAS,,2014-A,2014-A,D,ORI
J40768,20600098633,CRECER SEGUROS S.A. COMPANIA DE SEGUROS,6511,EMPRESAS EMISORAS,SEGUROS,2015-T4,2026-T2,E,"BG,ER,FE,ORI"
J40777,20550990904,PERUVIAN FLOORING S.A.C.,,OTRAS EMPRESAS,,2014-A,2014-A,D,ORI
J40778,20514184331,INTEROC SOCIEDAD ANONIMA,,EMPRESAS EMISORAS,DIVERSOS,2015-T4,2016-T3,D,"BG,ER,FE,ORI"
J40787,20347100316,ADIDAS PERU S.A.C,,OTRAS EMPRESAS,,2014-A,2014-A,D,ORI
J40794,20600316142,SURA INVESTMENTS SOCIEDAD AGENTE DE BOLSA S.A.,,SOCIEDADES AGENTES DE BOLSA,,2015-T4,2026-T2,I,"BG,ER,FE"
J40798,20525011993,BPO CONSULTING S.A.C.,,EMPRESAS MERCADO ALTERNATIVO DE VALORES,DIVERSOS,2016-A,2018-A,D,"BG,ER,FE,ORI"
J40809,20600825187,AVLA PERU COMPAÑIA DE SEGUROS S.A.,6603,EMPRESAS EMISORAS,SEGUROS,2016-T2,2026-T2,E,"BG,ER,FE,ORI"
J40815,20600524233,COFACE SEGURO DE CREDITO PERU S.A. EN LIQUIDACION,,EMPRESAS EMISORAS,SEGUROS,2016-T2,2020-T3,E,"BG,ER,FE,ORI"
J40817,20515849531,GLOBOKAS PERU S.A.,,EMPRESAS MERCADO ALTERNATIVO DE VALORES,DIVERSOS,2016-A,2021-A,D,"BG,ER,FE,ORI"
J40820,20419081907,GERENS ESCUELA DE GESTION Y ECONOMIA S.A.,,EMPRESAS MERCADO ALTERNATIVO DE VALORES,DIVERSOS,2016-A,2021-A,D,"BG,ER,FE,ORI"
J40832,20601054117,JCR LATINO AMERICA EMPRESA CLASIFICADORA DE RIESGO S.A.,7490,EMPRESAS CLASIFICADORAS DE RIESGO,,2016-T3,2026-T2,D,"BG,ER,FE,ORI"
J40846,20544705688,INVERSIONES EDUCA S.A.,,EMPRESAS EMISORAS,DIVERSOS,2016-T3,2021-A,D,"BG,ER,FE,ORI"
J40847,20562964682,AZZARO TRADING S.A.,9411,EMPRESAS EMISORAS,DIVERSOS,2016-T4,2026-T2,D,"BG,ER,FE,ORI"
J40866,20518648676,ENFOCA SERVICIOS LOGISTICOS S.A.,,EMPRESAS EMISORAS,DIVERSOS,2017-T3,2021-A,D,"BG,ER,FE,ORI"
J40874,20551967370,EDPYME GMG SERVICIOS PERU S.A.,,EMPRESAS MERCADO INVERSIONISTA INSTITUCIONAL,FINANCIERAS,2016-A,2016-A,F,"BG,ER,FE,ORI"
J40884,20601127602,LIBERTY SEGUROS S.A.,6512,EMPRESAS EMISORAS,SEGUROS,2017-T2,2026-T2,E,"BG,ER,FE,ORI"
J40886,20601249678,J.P. MORGAN BANCO DE INVERSION,6499,EMPRESAS EMISORAS,BANCOS,2017-T1,2026-T2,F,"BG,ER,FE,ORI"
J40898,20601928621,ANDEAN CROWN SOCIEDAD ADMINISTRADORA DE FONDOS S.A.C.,6630,SOCIEDADES ADMINISTRADORAS DE FONDOS MUTUOS Y FONDOS DE INVERSION,,2017-T3,2026-T2,D,"BG,ER,FE,ORI"
J40905,20601047005,CONELSUR LT S.A.C.,0,EMPRESAS MERCADO INVERSIONISTA INSTITUCIONAL,DIVERSOS,2017-A,2025-A,D,"BG,ER,FE,ORI"
J40908,20601937671,NISA INMUEBLES S.A,,EMPRESAS EMISORAS,DIVERSOS,2017-T2,2018-T2,D,"BG,ER,FE,ORI"
J40909,20601937841,NISA BLINDADOS S.A.,,EMPRESAS EMISORAS,DIVERSOS,2017-T2,2018-A,D,"BG,ER,FE,ORI"
J40943,20459189042,REPRESENTACIONES QUIMICA EUROPEA S.A.C.,,EMPRESAS MERCADO ALTERNATIVO DE VALORES,DIVERSOS,2017-A,2020-A,D,"BG,ER,FE,ORI"
J40989,20600488296,EXPERTIA TRAVEL S.A.,6304,EMPRESAS EMISORAS,DIVERSOS,2018-T3,2026-T2,D,"BG,ER,FE,ORI"
J40994,20558588021,CAMPOSUR INC S.A.C.,,EMPRESAS MERCADO ALTERNATIVO DE VALORES,AGRICOLAS,2018-A,2019-A,D,"BG,ER,FE,ORI"
J41025,20501860329,ATRIA ENERGIA S.A.C.,3510,EMPRESAS MERCADO INVERSIONISTA INSTITUCIONAL,DIVERSOS,2018-A,2024-A,D,"BG,ER,FE,ORI"
J41064,20603823223,VOLVO FINANCIAL SERVICES EMPRESA DE CREDITOS S.A.,,EMPRESAS EMISORAS,FINANCIERAS,2020-T2,2023-A,F,"BG,ER,FE,ORI"
J41105,20605495151,INVERFAL PERU S.A.A.,6420,EMPRESAS EMISORAS,DIVERSOS,2020-T3,2026-T2,D,"BG,ER,FE,ORI"
J41401,20147960612,INCIMMET S.A.,7110,EMPRESAS MERCADO ALTERNATIVO DE VALORES,DIVERSOS,2024-A,2025-A,D,"BG,ER,FE,ORI"
J41410,20603490372,SYRUS DISTRIBUTION PERU S.A.C.,4690,EMPRESAS MERCADO ALTERNATIVO DE VALORES,DIVERSOS,2024-A,2025-A,D,"BG,ER,FE,ORI"
J41459,20606714301,COLCA CAPITAL FTE S.A.,6420,EMPRESAS MERCADO ALTERNATIVO DE VALORES,DIVERSOS,2025-A,2025-A,D,"BG,ER,FE,ORI"
L00001,20504299628,DSM NUTRITIONAL PRODUCTS PERU S.A,,OTRAS EMPRESAS,,2012-A,2014-A,D,ORI
L00002,20303180720,SIEMENS SAC,,OTRAS EMPRESAS,,2012-A,2014-A,D,ORI
L00003,20107695584,BRITISH AMERICAN HOSPITAL S.A.,,OTRAS EMPRESAS,,2012-A,2014-A,D,ORI
L00004,20102185863,APC CORPORACION S.A.,,OTRAS EMPRESAS,,2012-A,2014-A,D,ORI
L00005,20549930647,PHARMACIES EUROPEENNES HOLDING S.A.C.,,OTRAS EMPRESAS,,2012-A,2012-A,D,ORI
L00006,20509283657,VICSA SAFETY PERU SOCIEDAD ANONIMA CERRADA,,OTRAS EMPRESAS,,2012-A,2014-A,D,ORI
L00007,20549511679,COEPTUM HOLDING SOCIEDAD ANONIMA CERRADA,,OTRAS EMPRESAS,,2012-A,2012-A,D,ORI
L00008,20420157259,INMUEBLES Y RECUPERACIONES BBVA S.A.,,OTRAS EMPRESAS,,2012-A,2014-A,D,ORI
L00009,20145259551,ADM-SAO PERU S.A,,OTRAS EMPRESAS,,2012-A,2014-A,D,ORI
L00011,20546204201,FIMA INDUSTRIAL SOCIEDAD ANONIMA CERRADA,,OTRAS EMPRESAS,,2012-A,2014-A,D,ORI
L00012,20100166144,AGROINDUSTRIA SANTA MARIA S.A.C.,,OTRAS EMPRESAS,,2012-A,2014-A,D,ORI
L00013,20545963915,NG EDUCATION S.A.C.,,OTRAS EMPRESAS,,2012-A,2013-A,D,ORI
L00014,20507985000,SERVICIOS GENERALES PASVELA S.A.C,,OTRAS EMPRESAS,,2012-A,2014-A,D,ORI
L00015,20307758645,SOCIEDAD AGRICOLA SATURNO SA,,OTRAS EMPRESAS,,2012-A,2014-A,D,ORI
L00016,20441766883,IMI DEL PERU S.A.C,,OTRAS EMPRESAS,,2012-A,2014-A,D,ORI
L00017,20132062448,TRANSPORTES RODRIGO CARRANZA S.A.C.,,OTRAS EMPRESAS,,2012-A,2014-A,D,ORI
L00018,20101283586,CEDIMIN S.A.C.,,OTRAS EMPRESAS,,2012-A,2012-A,D,ORI
L00019,20100041520,EXIMPORT DISTRIBUIDORES DEL PERU S A,,OTRAS EMPRESAS,,2012-A,2014-A,D,ORI
L00020,20545603544,CONSORCIO CHOTA COCHABAMBA,,OTRAS EMPRESAS,,2012-A,2012-A,D,ORI
L00021,20520929658,AUTOPISTA DEL NORTE S.A.C.,,OTRAS EMPRESAS,,2012-A,2014-A,D,ORI
L00022,20508853727,ANALYTICA MINERAL SERVICES SOCIEDAD ANONIMA CERRADA,,OTRAS EMPRESAS,,2012-A,2014-A,D,ORI
L00023,20393043840,CAL DEL CENTRO S.A.C.,,OTRAS EMPRESAS,,2012-A,2014-A,D,ORI
L00024,20101158412,COMPANIA MINERA LOS TOLMOS S.A,,OTRAS EMPRESAS,,2012-A,2014-A,D,ORI
L00025,20378726876,PANELES NAPSA S.A.,,OTRAS EMPRESAS,,2012-A,2014-A,D,ORI
L00026,20492418952,LIMA BUS INTERNACIONAL 1 S.A.,,OTRAS EMPRESAS,,2012-A,2014-A,D,ORI
L00027,20519344743,CELISTICS PERU SAC,,OTRAS EMPRESAS,,2012-A,2014-A,D,ORI
L00028,20132712086,CORPORACION REFRIGERADOS INY SA,,OTRAS EMPRESAS,,2012-A,2013-A,D,ORI
L00029,20486135272,ESTACION DE SERVICIOS BELLAVISTA SAC,,OTRAS EMPRESAS,,2012-A,2012-A,D,ORI
L00030,20516020301,CEMEX PERU S.A.,,OTRAS EMPRESAS,,2012-A,2014-A,D,ORI
L00031,20388853752,MULTI TOP S.A.C.,,OTRAS EMPRESAS,,2012-A,2014-A,D,ORI
L00032,20517049086,ENERGIA EOLICA S.A.,,OTRAS EMPRESAS,,2012-A,2014-A,D,ORI
L00033,20524819610,MOVILWAY PERU S.A.C.,,OTRAS EMPRESAS,,2012-A,2012-A,D,ORI
L00034,20303063766,UNIVERSIDAD ALAS PERUANAS S.A.,,OTRAS EMPRESAS,,2013-A,2014-A,D,ORI
L00035,20423075059,RED ELECTRICA DEL SUR S.A.,,OTRAS EMPRESAS,,2012-A,2014-A,D,ORI
L00037,20537172682,CONSORCIO NUEVA GAMBETTA,,OTRAS EMPRESAS,,2012-A,2013-A,D,ORI
L00038,20511908745,COMERCIALIZADORA DE ALIMENTOS Y ABARROTES SOCIEDAD ANONIMA,,OTRAS EMPRESAS,,2012-A,2014-A,D,ORI
L00039,20503258901,MAQUINARIA NACIONAL S.A. PERU,,OTRAS EMPRESAS,,2012-A,2014-A,D,ORI
L00040,20519033233,MOTOR MUNDO SA,,OTRAS EMPRESAS,,2012-A,2014-A,D,ORI
L00041,20513723874,SHAMROCK DEL PERU S.A.C.,,OTRAS EMPRESAS,,2012-A,2012-A,D,ORI
L00042,20513842377,GRAN TIERRA ENERGY PERU S.R.L.,,OTRAS EMPRESAS,,2013-A,2013-A,D,ORI
L00043,20505089350,ATLAS TRADING & SHIPPING PERU S.R.L.,,OTRAS EMPRESAS,,2012-A,2013-A,D,ORI
L00044,20511977712,SK RENTAL S.A.C.,,OTRAS EMPRESAS,,2012-A,2014-A,D,ORI
L00046,20506006024,AUTOMOTORES GILDEMEISTER-PERU S.A.,,OTRAS EMPRESAS,,2012-A,2014-A,D,ORI
L00047,20131589086,MOLINO LA PERLA S.A.C.,,OTRAS EMPRESAS,,2012-A,2014-A,D,ORI
L00049,20546357377,QUIMICA SUIZA INDUSTRIAL DEL PERU S.A.,,OTRAS EMPRESAS,,2012-A,2014-A,D,ORI
L00050,20510645261,AJANI S.A.C,,OTRAS EMPRESAS,,2012-A,2014-A,D,ORI
L00051,20511995028,GAZEL PERU SOCIEDAD ANONIMA CERRADA - GAZEL PERU S.A.C,,OTRAS EMPRESAS,,2012-A,2014-A,D,ORI
L00052,20493942922,MPT TRADING S.A.C.,,OTRAS EMPRESAS,,2012-A,2012-A,D,ORI
L00053,20109235491,SERVICIOS TRANSDATA SOCIEDAD ANONIMA CERRADA,,OTRAS EMPRESAS,,2012-A,2012-A,D,ORI
L00054,20504192157,MAPLE ETANOL S.R.L.,,OTRAS EMPRESAS,,2012-A,2013-A,D,ORI
L00055,20101145868,TECNICAS METALICAS INGENIEROS S.A.C.,,OTRAS EMPRESAS,,2012-A,2014-A,D,ORI
L00056,20516443104,GRUPO CCORI S.A.,,OTRAS EMPRESAS,,2012-A,2012-A,D,ORI
L00057,20378721998,SAP PERU SOCIEDAD ANONIMA CERRADA,,OTRAS EMPRESAS,,2012-A,2014-A,D,ORI
L00058,20458538701,COMPAÑIA MINERA LINCUNA S.A.,,OTRAS EMPRESAS,,2012-A,2012-A,D,ORI
L00059,20109565017,CONSTRUCCION Y ADMINISTRACION S.A.,,OTRAS EMPRESAS,,2012-A,2014-A,D,ORI
L00060,20501668487,MAPLE PRODUCTION DEL PERU SRL,,OTRAS EMPRESAS,,2012-A,2012-A,D,ORI
L00061,20100951232,MASS AUTOMOTRIZ S.A.,,OTRAS EMPRESAS,,2012-A,2013-A,D,ORI
L00062,20512691529,VIVIENDAS DEL PERU S.A.C.,,OTRAS EMPRESAS,,2012-A,2014-A,D,ORI
L00063,20254053822,PRODUCTOS DE ACERO CASSADO SA PRODAC SA,,OTRAS EMPRESAS,,2012-A,2014-A,D,ORI
L00064,20100134617,LABORATORIOS ROEMMERS S A,,OTRAS EMPRESAS,,2012-A,2014-A,D,ORI
L00065,20524856493,MAPLE BIOCOMBUSTIBLES S.R.L.,,OTRAS EMPRESAS,,2012-A,2013-A,D,ORI
L00066,20348535685,MINERA GOLD FIELDS PERU S.A.,,OTRAS EMPRESAS,,2012-A,2012-A,D,ORI
L00067,20479603392,INDUSTRIA ARROCERA DE AMERICA SOCIEDAD ANONIMA CERRADA,,OTRAS EMPRESAS,,2012-A,2014-A,D,ORI
L00068,20535552682,PANAMERICANA SOLAR S.A.C.,,OTRAS EMPRESAS,,2012-A,2014-A,D,ORI
L00070,20505120702,TECNICA AVICOLA S.A.,,OTRAS EMPRESAS,,2012-A,2014-A,D,ORI
L00073,20347268683,LABORATORIOS AC FARMA S.A.,,OTRAS EMPRESAS,,2012-A,2014-A,D,ORI
L00074,20256391202,SINDICATO ENERGETICO S.A.,,OTRAS EMPRESAS,,2012-A,2014-A,D,ORI
L00075,20536624636,ATC SITIOS DEL PERU SOCIEDAD COMERCIAL DE RESPONSABILIDAD LIMITADA,,OTRAS EMPRESAS,,2012-A,2013-A,D,ORI
L00076,20501918343,ULMA ENCOFRADOS PERU S.A.,,OTRAS EMPRESAS,,2012-A,2014-A,D,ORI
L00077,20509514641,FENIX POWER PERU S.A.,,OTRAS EMPRESAS,,2012-A,2014-A,D,ORI
L00079,20100051169,NICOLL PERU S.A.,,OTRAS EMPRESAS,,2012-A,2014-A,D,ORI
L00080,20136957253,CORPORACION EL GOLF S.A.,,OTRAS EMPRESAS,,2012-A,2014-A,D,ORI
L00081,20513230843,STRACON INGENIERIA S.A.C.,,OTRAS EMPRESAS,,2012-A,2014-A,D,ORI
L00082,20543725821,DISTRIBUIDORA CUMMINS PERU S.A.C,,OTRAS EMPRESAS,,2012-A,2014-A,D,ORI
L00083,20546191541,PAN AMERICAN SILVER HUARON S.A.,,OTRAS EMPRESAS,,2012-A,2014-A,D,ORI
L00084,20421165999,SSK MONTAJES E INSTALACIONES SAC,,OTRAS EMPRESAS,,2012-A,2012-A,D,ORI
L00085,20100050359,A W FABER CASTELL PERUANA S A,,OTRAS EMPRESAS,,2012-A,2014-A,D,ORI
L00086,20481021821,SOCIEDAD MINERA DE RESPONSABILIDAD LIMITADA EL ROSARIO DE BELEN,,OTRAS EMPRESAS,,2012-A,2013-A,D,ORI
L00087,20100029741,A. BERIO Y CIA S.A.C.,,OTRAS EMPRESAS,,2012-A,2014-A,D,ORI
L00088,20431871808,PERURAIL S.A.,,OTRAS EMPRESAS,,2012-A,2013-A,D,ORI
L00089,20106740004,VULCO PERU S.A.,,OTRAS EMPRESAS,,2012-A,2014-A,D,ORI
L00090,20524269440,GAVILON PERU S.R.L.,,OTRAS EMPRESAS,,2012-A,2014-A,D,ORI
L00091,20136974697,SOCIEDAD SUIZO PERUANA DE EMBUTIDOS S.A. ó SUPEMSA,,OTRAS EMPRESAS,,2012-A,2014-A,D,ORI
L00092,20510478348,PETROLIFERA PETROLEUM DEL PERU S.A.C.,,OTRAS EMPRESAS,,2012-A,2013-A,D,ORI
L00093,20514720127,OSTER DEL PERU S.A.C.,,OTRAS EMPRESAS,,2012-A,2014-A,D,ORI
L00094,20521218097,INMOBILIARIA ALQUIFE S.A.C.,,OTRAS EMPRESAS,,2012-A,2014-A,D,ORI
L00095,20100154138,AUTOREX PERUANA S A,,OTRAS EMPRESAS,,2012-A,2014-A,D,ORI
L00096,20100127670,PFIZER S A,,OTRAS EMPRESAS,,2012-A,2014-A,D,ORI
L00098,20543083888,APM TERMINALS CALLAO SOCIEDAD ANONIMA,,OTRAS EMPRESAS,,2012-A,2014-A,D,ORI
L00099,20103744211,PETREX SA,,OTRAS EMPRESAS,,2012-A,2014-A,D,ORI
L00100,20195923753,MAPLE GAS CORPORATION DEL PERU S.R.L.,,OTRAS EMPRESAS,,2012-A,2013-A,D,ORI
L00101,20479354406,DISTRIBUIDORA PMA E.I.R.LTDA,,OTRAS EMPRESAS,,2013-A,2014-A,D,ORI
L00102,20106897914,ENTEL PERU S.A.,,OTRAS EMPRESAS,,2012-A,2014-A,D,ORI
L00103,20506285314,COMPAÑIA MINERA MISKI MAYO S.R.L.,,OTRAS EMPRESAS,,2012-A,2014-A,D,ORI
L00105,20399253030,WEATHERFORD DEL PERU SRL,,OTRAS EMPRESAS,,2012-A,2014-A,D,ORI
L00106,20509534838,SAN JOSE INMOBILIARIA PERU S.A.C.,,OTRAS EMPRESAS,,2013-A,2014-A,D,ORI
L00107,20107894609,MARAY S.A.,,OTRAS EMPRESAS,,2012-A,2014-A,D,ORI
L00108,20204441007,JOHNSON & JOHNSON DEL PERU S.A,,OTRAS EMPRESAS,,2012-A,2014-A,D,ORI
L00110,20100239559,MORAN DISTRIBUCIONES S A,,OTRAS EMPRESAS,,2012-A,2014-A,D,ORI
L00111,20253757931,ABENGOA PERU S.A.,,OTRAS EMPRESAS,,2012-A,2014-A,D,ORI
L00112,20524561264,MINERCOBRE S.A.C.,,OTRAS EMPRESAS,,2012-A,2014-A,D,ORI
L00114,20299982484,AVINKA S.A.,,OTRAS EMPRESAS,,2012-A,2014-A,D,ORI
L00115,20100135699,GEOTEC S A,,OTRAS EMPRESAS,,2012-A,2014-A,D,ORI
L00116,20276178599,INTEROIL PERU S.A.,,OTRAS EMPRESAS,,2012-A,2013-A,D,ORI
L00117,20129588463,UNIVERSIDAD PERUANA LOS ANDES,,OTRAS EMPRESAS,,2012-A,2014-A,D,ORI
L00118,20509586986,CONALVIAS CONSTRUCCIONES S.A.S. SUCURSAL PERU,,OTRAS EMPRESAS,,2012-A,2012-A,D,ORI
L00119,20455307954,AUTOMOTRIZ INCAMOTORS S.A.C.,,OTRAS EMPRESAS,,2012-A,2014-A,D,ORI
L00120,20101077099,CUSA S.A.C.,,OTRAS EMPRESAS,,2012-A,2014-A,D,ORI
L00121,20513020792,NEWPORT CAPITAL S.A.C.,,OTRAS EMPRESAS,,2012-A,2014-A,D,ORI
L00122,20500854651,CIA.OPERADORA DE GAS DEL AMAZONAS S.A.C.,,OTRAS EMPRESAS,,2012-A,2014-A,D,ORI
L00123,20155261570,GANADERA SANTA ELENA S A,,OTRAS EMPRESAS,,2012-A,2014-A,D,ORI
L00124,20383380643,ELEKTRA DEL PERU SA,,OTRAS EMPRESAS,,2012-A,2013-A,D,ORI
L00125,20538529398,PROCESADORA INDUSTRIAL RIO SECO S.A.C.,,OTRAS EMPRESAS,,2012-A,2014-A,D,ORI
L00126,20514951528,INKAFERT SOCIEDAD ANONIMA CERRADA,,OTRAS EMPRESAS,,2012-A,2014-A,D,ORI
L00127,20132345237,ALMACENES POPULARES S.R.LTDA.,,OTRAS EMPRESAS,,2012-A,2014-A,D,ORI
L00128,20101085199,SCHROTH CORPORACION PAPELERA S.A.C.,,OTRAS EMPRESAS,,2012-A,2014-A,D,ORI
L00129,20451558383,FITESA PERU S.A.C.,,OTRAS EMPRESAS,,2012-A,2012-A,D,ORI
L00130,20108730294,MAYORSA S.A.,,OTRAS EMPRESAS,,2012-A,2014-A,D,ORI
L00131,20505506481,PRECOR S.A.,,OTRAS EMPRESAS,,2012-A,2014-A,D,ORI
L00133,20502312830,DISTRIBUIDORA JIMENEZ E IRIARTE S.A.,,OTRAS EMPRESAS,,2012-A,2014-A,D,ORI
L00134,20470531968,P&G INDUSTRIAL PERU S.R.L.,,OTRAS EMPRESAS,,2012-A,2014-A,D,ORI
L00135,20101362702,CONFECCIONES TEXTIMAX S A,,OTRAS EMPRESAS,,2012-A,2014-A,D,ORI
L00136,20330444372,BSH ELECTRODOMESTICOS SAC,,OTRAS EMPRESAS,,2012-A,2014-A,D,ORI
L00137,20502257987,CORPORACION VEGA S.A.C.,,OTRAS EMPRESAS,,2012-A,2014-A,D,ORI
L00138,20515349309,AGRICOLA LA VENTA S.A.,,OTRAS EMPRESAS,,2012-A,2014-A,D,ORI
L00139,20517187551,ANABI S.A.C.,,OTRAS EMPRESAS,,2012-A,2014-A,D,ORI
L00140,20535654094,MAJES ARCUS S.A.C.,,OTRAS EMPRESAS,,2012-A,2014-A,D,ORI
L00141,20535653527,REPARTICION ARCUS S.A.C.,,OTRAS EMPRESAS,,2012-A,2014-A,D,ORI
L00142,20336183791,EL PEDREGAL S.A,,OTRAS EMPRESAS,,2012-A,2014-A,D,ORI
L00143,20100175569,PERUPLAST S A,,OTRAS EMPRESAS,,2012-A,2014-A,D,ORI
L00144,20107463705,CLINICA SAN PABLO S.A.C.,,OTRAS EMPRESAS,,2012-A,2014-A,D,ORI
L00145,20262561781,METROCOLOR S.A.,,OTRAS EMPRESAS,,2012-A,2014-A,D,ORI
L00146,20100122368,CLINICA JAVIER PRADO S A,,OTRAS EMPRESAS,,2014-A,2014-A,D,ORI
L00147,20418108151,HILANDERIA DE ALGODON PERUANO S.A.,,OTRAS EMPRESAS,,2012-A,2014-A,D,ORI
L00148,20262051405,MINERA ORO VEGA SOCIEDAD ANONIMA CERRADA,,OTRAS EMPRESAS,,2012-A,2014-A,D,ORI
L00149,20513251506,PURE BIOFUELS DEL PERU S.A.C.,,OTRAS EMPRESAS,,2012-A,2014-A,D,ORI
L00150,20100111838,GRIFOS ESPINOZA S A,,OTRAS EMPRESAS,,2012-A,2014-A,D,ORI
L00151,20131565659,TAL S A,,OTRAS EMPRESAS,,2012-A,2014-A,D,ORI
L00152,20501977439,DEVANLAY PERU S.A.C.,,OTRAS EMPRESAS,,2012-A,2014-A,D,ORI
L00153,20104498044,TEXTIL DEL VALLE S.A.,,OTRAS EMPRESAS,,2012-A,2014-A,D,ORI
L00155,20536733419,EMUSA PERU S.A.C.,,OTRAS EMPRESAS,,2012-A,2014-A,D,ORI
L00156,20352427161,ETESELVA S.R.L,,OTRAS EMPRESAS,,2012-A,2014-A,D,ORI
L00157,20425802870,AUTOMOTRIZ LATINOAMERICANA S.A.C.,,OTRAS EMPRESAS,,2012-A,2014-A,D,ORI
L00158,20297868790,UNIVERSIDAD SAN IGNACIO DE LOYOLA S.A,,OTRAS EMPRESAS,,2012-A,2014-A,D,ORI
L00159,20101995811,INMOBILIARIA MARITIMA S A,,OTRAS EMPRESAS,,2012-A,2014-A,D,ORI
L00160,20100093830,PANADERIA SAN JORGE S A,,OTRAS EMPRESAS,,2012-A,2014-A,D,ORI
L00161,20403434150,ALBRESA SOCIEDAD ANONIMA CERRADA,,OTRAS EMPRESAS,,2012-A,2013-A,D,ORI
L00162,20510656629,MINERA ANTARES PERU SOCIEDAD ANONIMA CERRADA,,OTRAS EMPRESAS,,2012-A,2014-A,D,ORI
L00163,20523438957,POSCO ENGINEERING & CONSTRUCTION CO LTD SUCURSAL DEL PERU,,OTRAS EMPRESAS,,2012-A,2012-A,D,ORI
L00164,20121685435,RICO POLLO SAC,,OTRAS EMPRESAS,,2012-A,2014-A,D,ORI
L00165,20117920144,SECURITAS S.A.C.,,OTRAS EMPRESAS,,2012-A,2014-A,D,ORI
L00166,20483783583,CNC SAC,,OTRAS EMPRESAS,,2013-A,2014-A,D,ORI
L00167,20382572425,DISTRIBUIDORA BAJOPONTINA S.A.,,OTRAS EMPRESAS,,2012-A,2014-A,D,ORI
L00168,20424964990,CARTONES VILLA MARINA S.A.,,OTRAS EMPRESAS,,2012-A,2014-A,D,ORI
L00169,20164113532,UNIVERSIDAD CESAR VALLEJO S.A.C.,,OTRAS EMPRESAS,,2012-A,2014-A,D,ORI
L00170,20100004675,CORPORACION PERUANA DE AEROPUERTOS Y AVIACION COMERCIAL SOCIEDAD ANONIMA - CORPAC S.A.,,OTRAS EMPRESAS,,2012-A,2014-A,D,ORI
L00171,20521935082,SUSTAINABLE FISHING RESOURCES S.A.C.,,OTRAS EMPRESAS,,2012-A,2014-A,D,ORI
L00172,20100096936,ABBOTT LABORATORIOS SA,,OTRAS EMPRESAS,,2012-A,2014-A,D,ORI
L00173,20100366747,LLAMA GAS S A,,OTRAS EMPRESAS,,2012-A,2014-A,D,ORI
L00174,20524936179,SERVICIOS MINERIA INC. SUCURSAL DEL PERU,,OTRAS EMPRESAS,,2012-A,2012-A,D,ORI
L00175,20207845044,FRUTOS Y ESPECIAS S.A.C.,,OTRAS EMPRESAS,,2013-A,2014-A,D,ORI
L00176,20100371741,MADERERA BOZOVICH S.A.C.,,OTRAS EMPRESAS,,2012-A,2014-A,D,ORI
L00177,20473159644,CAFETALERA AMAZONICA S.A.C.,,OTRAS EMPRESAS,,2012-A,2013-A,D,ORI
L00178,20100102090,PHILIPS PERUANA S A,,OTRAS EMPRESAS,,2012-A,2013-A,D,ORI
L00179,20501439020,OBRAS DE INGENIERIA S.A.C.,,EMPRESAS EMISORAS,DIVERSOS,2012-A,2021-T4,D,"BG,ER,FE,ORI"
L00180,20329545459,MANPOWER PROFESSIONAL SERVICES S.A.,,OTRAS EMPRESAS,,2012-A,2013-A,D,ORI
L00181,20132100552,AVICOLA YUGOSLAVIA S.A.C.,,OTRAS EMPRESAS,,2012-A,2014-A,D,ORI
L00182,20507656367,OIL TRADING SAC,,OTRAS EMPRESAS,,2012-A,2012-A,D,ORI
L00183,20502802179,RILLO S.A.C,,OTRAS EMPRESAS,,2012-A,2014-A,D,ORI
L00185,20477840427,GRUPO SALUD DEL PERÚ S.A.C.,,OTRAS EMPRESAS,,2012-A,2014-A,D,ORI
L00186,20521944669,SOLUCIONES ENERGETICAS S.R.L.,,OTRAS EMPRESAS,,2012-A,2012-A,D,ORI
L00187,20392742302,ERCED S.A.C,,OTRAS EMPRESAS,,2012-A,2014-A,D,ORI
L00188,20126702737,COMPAñIA MINERA CARAVELI S.A.C.,,OTRAS EMPRESAS,,2012-A,2014-A,D,ORI
L00189,20257364608,BOART LONGYEAR SAC,,OTRAS EMPRESAS,,2012-A,2014-A,D,ORI
L00190,20119407738,EMP. DE TRANS. FLORES HNOS. SRL.,,OTRAS EMPRESAS,,2012-A,2014-A,D,ORI
L00191,20352427081,TERMOSELVA S.R.L,,OTRAS EMPRESAS,,2012-A,2014-A,D,ORI
L00192,20114839176,CAJA MUNICIPAL DE AHORRO Y CREDITO CUSCO S.A. - CMAC CUSCO S.A.,6419,EMPRESAS EMISORAS,FINANCIERAS,2012-A,2026-T2,"D,F","BG,ER,FE,ORI"
L00193,20538367398,OHL INDUSTRIAL PERU SOCIEDAD ANONIMA CERRADA,,OTRAS EMPRESAS,,2012-A,2014-A,D,ORI
L00194,20356922311,SEAFROST S.A.C.,,OTRAS EMPRESAS,,2012-A,2014-A,D,ORI
L00195,20100901481,J & V RESGUARDO S.A.C.,,OTRAS EMPRESAS,,2012-A,2014-A,D,ORI
L00196,20293847038,TEXTILES CAMONES S.A.,,OTRAS EMPRESAS,,2012-A,2012-A,D,ORI
L00197,20546128424,DSM MARINE LIPIDS PERU S.A.C.,,OTRAS EMPRESAS,,2012-A,2014-A,D,ORI
L00200,20506395179,ADM INCA S.A.C.,,OTRAS EMPRESAS,,2012-A,2014-A,D,ORI
L00201,20511004251,CONCESIONARIA IIRSA NORTE S.A.,,OTRAS EMPRESAS,,2012-A,2014-A,D,ORI
L00202,20500985322,MACHU PICCHU FOODS S.A.C.,,OTRAS EMPRESAS,,2012-A,2014-A,D,ORI
L00203,20508164433,D'LIBANO INVERSIONES S.A.C.,,OTRAS EMPRESAS,,2012-A,2013-A,D,ORI
L00204,20510957319,ANYPSA PERU S.A.,,OTRAS EMPRESAS,,2012-A,2014-A,D,ORI
L00205,20546676553,BEGGIE PERÚ S.A.,,OTRAS EMPRESAS,,2012-A,2014-A,D,ORI
L00206,20100085063,AJINOMOTO DEL PERU S A,,OTRAS EMPRESAS,,2012-A,2014-A,D,ORI
L00207,20330791170,MINERA ENPROYEC SAC,,OTRAS EMPRESAS,,2012-A,2014-A,D,ORI
L00208,20507398210,CROSLAND MOTOS S.A.C.,,OTRAS EMPRESAS,,2012-A,2014-A,D,ORI
L00209,20383161330,NYRSTAR ANCASH S.A.,,OTRAS EMPRESAS,,2012-A,2014-A,D,ORI
L00210,20380289360,MIXERCON S.A,,OTRAS EMPRESAS,,2012-A,2014-A,D,ORI
L00211,20460352674,MINERA TITAN DEL PERU SRL,,OTRAS EMPRESAS,,2012-A,2014-A,D,ORI
L00212,20100274621,TAI HENG S A,,OTRAS EMPRESAS,,2012-A,2013-A,D,ORI
L00213,20373209601,DISTRIBUIDORA PACI S.R.LTDA,,OTRAS EMPRESAS,,2012-A,2014-A,D,ORI
L00214,20507840290,FAMYR GROUP EIRL,,OTRAS EMPRESAS,,2012-A,2013-A,D,ORI
L00215,20415077565,LOUIS DREYFUS COMMODITIES PERU SRL,,OTRAS EMPRESAS,,2012-A,2014-A,D,ORI
L00217,20100030838,G W YICHANG & CIA S A,,OTRAS EMPRESAS,,2012-A,2014-A,D,ORI
L00218,20170040938,DANPER TRUJILLO S.A.C.,,OTRAS EMPRESAS,,2012-A,2014-A,D,ORI
L00219,20513462388,DP WORLD CALLAO S.R.L.,,OTRAS EMPRESAS,,2012-A,2014-A,D,ORI
L00220,20100134706,SANDVIK DEL PERU S A,,OTRAS EMPRESAS,,2012-A,2014-A,D,ORI
L00223,20510569491,TECPETROL BLOQUE 56 S.A.C.,,OTRAS EMPRESAS,,2012-A,2014-A,D,ORI
L00224,20300263578,SAMSUNG ELECTRONICS PERU SAC,,OTRAS EMPRESAS,,2012-A,2014-A,D,ORI
L00225,20261126568,GENERAL MOTORS PERU S A,,OTRAS EMPRESAS,,2012-A,2014-A,D,ORI
L00226,20506421781,FOOD MARKETS S.A.C.,,OTRAS EMPRESAS,,2012-A,2014-A,D,ORI
L00227,20258505213,COMERCIO & CIA S.A,,OTRAS EMPRESAS,,2012-A,2014-A,D,ORI
L00228,20205814095,SUDAMERICANA TRADING S.R.L.,,OTRAS EMPRESAS,,2012-A,2014-A,D,ORI
L00229,20159473148,PESQUERA DIAMANTE S.A.,,OTRAS EMPRESAS,,2012-A,2014-A,D,ORI
L00230,20536742248,ABY TRANSMISION SUR S.A.,,OTRAS EMPRESAS,,2012-A,2014-A,D,ORI
L00231,20509149179,MIQ LOGISTICS INC. S.R.L.,,OTRAS EMPRESAS,,2012-A,2014-A,D,ORI
L00232,20518685016,ABENGOA TRANSMISION NORTE S.A.,,OTRAS EMPRESAS,,2012-A,2014-A,D,ORI
L00233,20100165849,PANASONIC PERUANA S.A.,,OTRAS EMPRESAS,,2012-A,2014-A,D,ORI
L00234,20414766308,SODEXO PERU S.A.C.,,OTRAS EMPRESAS,,2012-A,2014-A,D,ORI
L00235,20522003345,OBEN HOLDING GROUP S.A.C.,,OTRAS EMPRESAS,,2012-A,2014-A,D,ORI
L00236,20218339167,EMP GENERACION ELECTRICA MACHUPICCHU S A,,OTRAS EMPRESAS,,2012-A,2014-A,D,ORI
L00237,20297660536,AGUAYTIA ENERGY DEL PERU S.R.L.,,OTRAS EMPRESAS,,2012-A,2014-A,D,ORI
L00238,20100103223,TECNOFIL S A,,OTRAS EMPRESAS,,2012-A,2014-A,D,ORI
L00239,20530879659,PISACOM S.A.C,,OTRAS EMPRESAS,,2012-A,2012-A,D,ORI
L00240,20100257298,ARIS INDUSTRIAL S.A.,,OTRAS EMPRESAS,,2012-A,2014-A,D,ORI
L00241,20493020618,TIENDAS PERUANAS SA,,OTRAS EMPRESAS,,2012-A,2014-A,D,ORI
L00242,20305354563,FARMACIAS PERUANAS S.A.,,OTRAS EMPRESAS,,2012-A,2014-A,D,ORI
L00243,20302629219,BOTICA TORRES DE LIMATAMBO S.A.C.,,OTRAS EMPRESAS,,2012-A,2014-A,D,ORI
L00244,20503238463,BPZ EXPLORACION & PRODUCCION S.R.L.,,OTRAS EMPRESAS,,2012-A,2014-A,D,ORI
L00245,20513798611,MINERA SUYAMARCA SOCIEDAD ANONIMA CERRADA,,OTRAS EMPRESAS,,2012-A,2013-A,D,ORI
L00246,20203058781,SAVIA PERU S.A.,,OTRAS EMPRESAS,,2012-A,2014-A,D,ORI
L00248,20297037952,KOREA NATIONAL OIL CORPORATION SUCURSAL PERUANA,,OTRAS EMPRESAS,,2012-A,2012-A,D,ORI
L00249,20501057682,TRADING FASHION LINE S.A.,,OTRAS EMPRESAS,,2012-A,2014-A,D,ORI
L00250,20125327509,SAN BARTOLOME S.A.,,OTRAS EMPRESAS,,2012-A,2014-A,D,ORI
L00251,20483894814,ECO - ACUICOLA S.A.C.,,EMPRESAS MERCADO ALTERNATIVO DE VALORES,AGRICOLAS,2012-A,2021-A,D,"BG,ER,FE,ORI"
L00252,20278966004,PESQUERA CENTINELA S.A.C.,,OTRAS EMPRESAS,,2012-A,2014-A,D,ORI
L00254,20100049181,TAI LOY S.A.,,OTRAS EMPRESAS,,2012-A,2014-A,D,ORI
L00256,20543202721,EDIFICACIONES Y CONSTRUCCIONES EL DERBY SOCIEDAD ANONIMA CERRADA-EDIFICACIONES Y CONSTRUCCIONES EL D,,OTRAS EMPRESAS,,2012-A,2014-A,D,ORI
L00257,20545047561,LATIN AMERICA POWER PERU S.A.C.,,OTRAS EMPRESAS,,2012-A,2014-A,D,ORI
L00259,20521866927,PLANTA DE TRATAMIENTO DE AGUAS RESIDUALES TABOADA S.A.,,OTRAS EMPRESAS,,2012-A,2014-A,D,ORI
L00260,20101259448,COOPERATIVA DE SERVICIOS MULTIPLES ALAS PERUANAS,,OTRAS EMPRESAS,,2012-A,2014-A,D,ORI
L00261,20429324778,FULLCARGA SERVICIOS TRANSACCIONALES S.A.C.,,OTRAS EMPRESAS,,2012-A,2014-A,D,ORI
L00265,20507315373,MK METAL TRADING PERU S.A.C.,,OTRAS EMPRESAS,,2012-A,2014-A,D,ORI
L00266,20433763221,TECHINT S.A.C.,,OTRAS EMPRESAS,,2012-A,2014-A,D,ORI
L00267,20504898173,SERPETBOL PERU SAC,,OTRAS EMPRESAS,,2012-A,2014-A,D,ORI
L00268,20100047056,TOPY TOP S A,,OTRAS EMPRESAS,,2012-A,2014-A,D,ORI
L00269,20492555275,NORANDA ANTAMINA SOCIEDAD COMERCIAL DE RESPONSABILIDAD LIMITADA,,OTRAS EMPRESAS,,2014-A,2014-A,D,ORI
L00271,20349792193,THOMAS GREG & SONS DE PERU S.A.,,OTRAS EMPRESAS,,2012-A,2014-A,D,ORI
L00272,20506981141,TELESERVICIOS POPULARES S.A.C.,,OTRAS EMPRESAS,,2012-A,2014-A,D,ORI
L00273,20535630829,TACNA SOLAR S.A.C.,,OTRAS EMPRESAS,,2012-A,2014-A,D,ORI
L00274,20125959483,MINERA LAYTARUMA S.A.,,OTRAS EMPRESAS,,2012-A,2014-A,D,ORI
L00275,20425123115,OBRASCON HUARTE LAIN S.A.SUC.DEL PERU,,OTRAS EMPRESAS,,2012-A,2014-A,D,ORI
L00276,20537369478,CONSTRUCTORA CHEVES S.A.C.,,OTRAS EMPRESAS,,2012-A,2014-A,D,ORI
L00277,20373860736,SOCIEDAD AGRICOLA VIRU S.A.,,OTRAS EMPRESAS,,2012-A,2014-A,D,ORI
L00278,20168544252,EURO MOTORS S.A.,,OTRAS EMPRESAS,,2012-A,2014-A,D,ORI
L00279,20536126440,MINERA VETA DORADA S.A.C.,,OTRAS EMPRESAS,,2012-A,2014-A,D,ORI
L00280,20305909611,MEXICHEM PERU S.A.,,OTRAS EMPRESAS,,2012-A,2014-A,D,ORI
L00281,20466690458,GREMCITEL S.A.,,OTRAS EMPRESAS,,2012-A,2013-A,D,ORI
L00282,20100119227,3M PERU S A,,OTRAS EMPRESAS,,2012-A,2014-A,D,ORI
L00283,20514907383,EMPRESA ELECTRICA NUEVA ESPERANZA S.R.L.,,OTRAS EMPRESAS,,2012-A,2014-A,D,ORI
L00284,20100123330,DELOSI S.A.,,OTRAS EMPRESAS,,2012-A,2014-A,D,ORI
L00285,20205467603,LA ARENA S.A.,,OTRAS EMPRESAS,,2012-A,2012-A,D,ORI
L00286,20393177706,AJEPER DEL ORIENTE S.A,,OTRAS EMPRESAS,,2012-A,2014-A,D,ORI
L00287,20100003946,UNILEVER ANDINA PERU S.A.,,OTRAS EMPRESAS,,2012-A,2014-A,D,ORI
L00288,20293774308,TRACTO CAMIONES USA S.A.C.,,OTRAS EMPRESAS,,2012-A,2014-A,D,ORI
L00289,20512365648,RIO TINTO MINERA PERU LIMITADA SAC,,OTRAS EMPRESAS,,2012-A,2014-A,D,ORI
L00290,20254507874,INTCOMEX PERU S.A.C,,OTRAS EMPRESAS,,2012-A,2014-A,D,ORI
L00291,20546009417,INVERSIONES Y PROPIEDADES S.A.,,OTRAS EMPRESAS,,2012-A,2014-A,D,ORI
L00292,20110522151,ANDRADE GUTIERREZ ENGENHARIA SA SUCURSAL DEL PERU,,OTRAS EMPRESAS,,2012-A,2012-A,D,ORI
L00293,20425809882,EMP.DE ADMIN. DE INFRAEST. ELECTRICA S.A,,OTRAS EMPRESAS,,2012-A,2014-A,D,ORI
L00295,20472468147,KIA IMPORT PERU S.A.C.,,OTRAS EMPRESAS,,2012-A,2014-A,D,ORI
L00297,20384891943,BOTICAS Y SALUD S.A.C.,,OTRAS EMPRESAS,,2012-A,2014-A,D,ORI
L00298,20517324486,PLAZA MOTORS S.A.C.,,OTRAS EMPRESAS,,2014-A,2014-A,D,ORI
L00300,20520694839,JINZHAO MINING PERU S.A.,,OTRAS EMPRESAS,,2012-A,2014-A,D,ORI
L00301,20100073219,JORVEX S.A.,,OTRAS EMPRESAS,,2012-A,2012-A,D,ORI
L00302,20101951872,EMPRESAS COMERCIALES S.A. Y/O EMCOMER S.A.,,OTRAS EMPRESAS,,2012-A,2012-A,D,ORI
L00303,20511244995,ARASI S.A.C.,,OTRAS EMPRESAS,,2012-A,2013-A,D,ORI
L00304,20308422942,RIO BLANCO COPPER SA,,OTRAS EMPRESAS,,2012-A,2014-A,D,ORI
L00305,20342660429,NYRSTAR CORICANCHA S.A.,,OTRAS EMPRESAS,,2012-A,2014-A,D,ORI
L00307,20466327612,ARUNTANI S.A.C.,,OTRAS EMPRESAS,,2012-A,2014-A,D,ORI
L00308,20478729791,SKBERGE PERU S.A.C.,,OTRAS EMPRESAS,,2014-A,2014-A,D,ORI
L00309,20544547322,SKBERGE FINANCIAMIENTO PERU S.A.C.,,OTRAS EMPRESAS,,2013-A,2014-A,D,ORI
L00310,20100127912,CARGILL AMERICAS PERU S.R.L.,,OTRAS EMPRESAS,,2012-A,2014-A,D,ORI
L00311,20518915119,MINERIA CORPORATIVA SOCIEDAD ANONIMA CERRADA,,OTRAS EMPRESAS,,2012-A,2014-A,D,ORI
L00312,20518941381,CP PROYECTOS SAC,,OTRAS EMPRESAS,,2014-A,2014-A,D,ORI
L00313,20101087647,BEMBOS S.A.C,,OTRAS EMPRESAS,,2012-A,2014-A,D,ORI
L00314,20164486720,EMPRESA DE BIENES Y SERVICIOS PARA EL HOGAR S.A.C.,,OTRAS EMPRESAS,,2012-A,2014-A,D,ORI
L00315,20421226378,UNIVERSAL METAL TRADING S.A.C.,,OTRAS EMPRESAS,,2012-A,2012-A,D,ORI
L00316,20406385397,SOCIEDAD MINERA RINCONADA SOCIEDAD ANONIMA CERRADA,,OTRAS EMPRESAS,,2012-A,2013-A,D,ORI
L00317,20379251286,ARAUCO PERU S.A.,,OTRAS EMPRESAS,,2012-A,2014-A,D,ORI
L00318,20136165667,PESQUERA HAYDUK S.A.,,OTRAS EMPRESAS,,2012-A,2014-A,D,ORI
L00319,20100152941,KIMBERLY-CLARK PERU S.R.L.,,OTRAS EMPRESAS,,2012-A,2014-A,D,ORI
L00320,20114915026,COMPAÑIA MINERA ANTAPACCAY S.A.,,OTRAS EMPRESAS,,2014-A,2014-A,D,ORI
L00321,20507024051,EMPRESA DE GENERACION HUALLAGA SOCIEDAD ANONIMA,,OTRAS EMPRESAS,,2012-A,2014-A,D,ORI
L00322,20109195848,PROCESADORA DEL SUR S.A.,,OTRAS EMPRESAS,,2012-A,2014-A,D,ORI
L00323,20100132754,PERUANA DE PETROLEO S.A.C.,,OTRAS EMPRESAS,,2012-A,2014-A,D,ORI
L00324,20253881438,COBRA PERU S.A,,OTRAS EMPRESAS,,2012-A,2014-A,D,ORI
L00325,20192779333,COMPANIA MINERA ARES S.A.C.,,OTRAS EMPRESAS,,2012-A,2014-A,D,ORI
L00326,20356476434,CNPC PERU S.A.,,OTRAS EMPRESAS,,2012-A,2014-A,D,ORI
L00327,20100652596,COMERCIAL CONTE S.A.C.,,OTRAS EMPRESAS,,2012-A,2014-A,D,ORI
L00328,20537942381,LIMAUTOS AUTOMOTRIZ DEL PERU S.A.C.,,OTRAS EMPRESAS,,2012-A,2014-A,D,ORI
L00330,20102361939,CAJA MUNICIPAL DE AHORRO Y CREDITO DE PAITA S.A.,,OTRAS EMPRESAS,,2014-A,2014-A,F,ORI
L00331,20502913752,CROSLAND AUTOMOTRIZ S.A.C.,,OTRAS EMPRESAS,,2012-A,2014-A,D,ORI
L00332,20109989992,CIA MINERA AURIFERA SANTA ROSA S.A.,,OTRAS EMPRESAS,,2012-A,2012-A,D,ORI
L00333,20100016681,IMPORTACIONES HIRAOKA S.A.C.,,OTRAS EMPRESAS,,2012-A,2014-A,D,ORI
L00334,20100127165,PROCTER & GAMBLE PERU S.R.L.,,OTRAS EMPRESAS,,2012-A,2014-A,D,ORI
L00335,20137986648,INVERDES S.A.,,OTRAS EMPRESAS,,2012-A,2014-A,D,ORI
L00336,20467534026,AMERICA MOVIL PERU S.A.C.,,OTRAS EMPRESAS,,2012-A,2014-A,D,ORI
L00338,20255254937,CONTILATIN DEL PERU S.A,,OTRAS EMPRESAS,,2012-A,2014-A,D,ORI
L00339,20166012687,ODEBRECHT PERU INGENIERIA Y CONSTRUCCION S.A.C.,,OTRAS EMPRESAS,,2012-A,2014-A,D,ORI
L00340,20262463771,REPSOL ENERGY PERU S.A.C.,,OTRAS EMPRESAS,,2012-A,2014-A,D,ORI
L00341,20303585622,SUCDEN PERU S.A.,,OTRAS EMPRESAS,,2012-A,2014-A,D,ORI
L00342,20100215293,COMERCIO SERVICIOS E INVERSIONES S.A.,,OTRAS EMPRESAS,,2012-A,2014-A,D,ORI
L00343,20501577252,LIMA AIRPORT PARTNERS S.R.L.,,OTRAS EMPRESAS,,2012-A,2014-A,D,ORI
L00345,20538428524,MINERA LAS BAMBAS S.A.,,OTRAS EMPRESAS,,2014-A,2014-A,D,ORI
L00347,20502351908,OPP FILM S.A.,,OTRAS EMPRESAS,,2012-A,2014-A,D,ORI
L00349,20516023318,ANGLO AMERICAN MICHIQUILLAY S.A.,,OTRAS EMPRESAS,,2012-A,2012-A,D,ORI
L00350,20137913250,ANGLO AMERICAN QUELLAVECO S.A.,,OTRAS EMPRESAS,,2012-A,2014-A,D,ORI
L00353,20100000335,COMFER S A,,OTRAS EMPRESAS,,2012-A,2014-A,D,ORI
L00354,20511315922,REAL PLAZA S.R.L.,,OTRAS EMPRESAS,,2012-A,2014-A,D,ORI
L00355,20330262428,COMPANIA MINERA ANTAMINA S.A,,OTRAS EMPRESAS,,2012-A,2014-A,D,ORI
L00356,20212331377,GRUPO DELTRON S.A.,,OTRAS EMPRESAS,,2012-A,2014-A,D,ORI
L00357,20419195317,INKA TERRA PERU S.A.C.,,OTRAS EMPRESAS,,2012-A,2014-A,D,ORI
L00358,20499433698,TECPETROL DEL PERU S.A.C.,,OTRAS EMPRESAS,,2012-A,2014-A,D,ORI
L00359,20425724119,EDPYME RAIZ S.A.,,OTRAS EMPRESAS,,2014-A,2014-A,F,ORI
L00361,20502797230,DIVEIMPORT S.A.,,OTRAS EMPRESAS,,2012-A,2012-A,D,ORI
L00362,20136150473,CONSORCIO MINERO HORIZONTE S.A.,,OTRAS EMPRESAS,,2012-A,2014-A,D,ORI
L00363,20509959766,RENTAEQUIPOS LEASING PERU S.A.,,OTRAS EMPRESAS,,2012-A,2014-A,D,ORI
L00364,20153045021,SIGDELO S.A.,,OTRAS EMPRESAS,,2012-A,2014-A,D,ORI
L00365,20264846855,CLOROX PERU S.A.,,OTRAS EMPRESAS,,2012-A,2014-A,D,ORI
L00366,20231269071,CAJA RURAL DE AHORRO Y CRÉDITO CHAVÍN S.A.A,,OTRAS EMPRESAS,,2014-A,2014-A,F,ORI
L00367,20344877158,DERCO PERU S.A.,,OTRAS EMPRESAS,,2012-A,2014-A,D,ORI
L00368,20502432657,EMPRESA DE GENERACION HUANZA S.A.,,OTRAS EMPRESAS,,2012-A,2014-A,D,ORI
L00369,20524489300,GLENCORE PERU S.A.C.,,OTRAS EMPRESAS,,2012-A,2014-A,D,ORI
L00370,20155793075,HELICOPTEROS DEL SUR S.A.,,OTRAS EMPRESAS,,2012-A,2014-A,D,ORI
L00371,20518402839,NESTLE MARCAS PERU S.A.C.,,OTRAS EMPRESAS,,2012-A,2014-A,D,ORI
L00372,20101130089,INVERSIONES PENTA S A,,OTRAS EMPRESAS,,2012-A,2014-A,D,ORI
L00374,20100150736,LA VIGA S A,,OTRAS EMPRESAS,,2012-A,2014-A,D,ORI
L00375,20302091766,ESMETAL S.A.C.,,OTRAS EMPRESAS,,2012-A,2014-A,D,ORI
L00376,20266352337,SOFTYS PERU S.A.C.,,EMPRESAS MERCADO INVERSIONISTA INSTITUCIONAL,DIVERSOS,2012-A,2018-A,D,"BG,ER,FE,ORI"
L00377,20257364357,MOLINOS & CIA S.A.,,OTRAS EMPRESAS,,2012-A,2014-A,D,ORI
L00378,20123053037,COMPUDISKETT S R L,,OTRAS EMPRESAS,,2012-A,2014-A,D,ORI
L00379,20100085225,QUIMICA SUIZA S A,,OTRAS EMPRESAS,,2012-A,2014-A,D,ORI
L00381,20536356283,NEOMETAL INVERSIONES SOCIEDAD ANONIMA CERRADA - NEOMETAL INVERSIONES S.A.C,,OTRAS EMPRESAS,,2012-A,2013-A,D,ORI
L00382,20101269834,TEVA PERU S.A.,,OTRAS EMPRESAS,,2012-A,2012-A,D,ORI
L00383,20132367800,MINERA AURIFERA RETAMAS S.A.,,OTRAS EMPRESAS,,2012-A,2014-A,D,ORI
L00384,20307150981,TECNOLOGIA QUIMICA Y COMERCIO S.A.,,OTRAS EMPRESAS,,2012-A,2014-A,D,ORI
L00385,20102078781,SAN MARTIN CONTRATISTAS GENERALES S.A.,,EMPRESAS MERCADO INVERSIONISTA INSTITUCIONAL,DIVERSOS,2012-A,2021-A,D,"BG,ER,FE,ORI"
L00386,20472498305,IDEAS TEXTILES S.A.C.,,OTRAS EMPRESAS,,2012-A,2014-A,D,ORI
L00388,20506675457,MINERA CHINALCO PERÚ S.A.,,OTRAS EMPRESAS,,2012-A,2014-A,D,ORI
L00389,20512002090,MIFARMA S.A.C.,,OTRAS EMPRESAS,,2012-A,2014-A,D,ORI
L00390,20422488198,EQUIPERU S.A.C.,,OTRAS EMPRESAS,,2013-A,2014-A,D,ORI
L00391,20262478964,METSO PERU S.A.,,OTRAS EMPRESAS,,2012-A,2014-A,D,ORI
L00392,20548197229,ICA INTERNACIONAL PERU S.A.,,OTRAS EMPRESAS,,2012-A,2014-A,D,ORI
L00393,20492050742,ADM ANDINA PERU S.R.L.,,OTRAS EMPRESAS,,2012-A,2014-A,D,ORI
L00394,20512864644,CONDUTO PERU S.A.C.,,OTRAS EMPRESAS,,2012-A,2013-A,D,ORI
L00395,20537521792,QUICORP S.A.,,OTRAS EMPRESAS,,2012-A,2014-A,D,ORI
L00398,20538889173,TEVA INVESTMENTS PERU S.A.,,OTRAS EMPRESAS,,2012-A,2013-A,D,ORI
L00399,20338570041,PRAXAIR PERU SRL,,OTRAS EMPRESAS,,2013-A,2013-A,D,ORI
L00400,20100082803,ATLAS COPCO PERUANA S A,,OTRAS EMPRESAS,,2012-A,2013-A,D,ORI
L00404,20101976867,AGRICOLA LAS LLAMOZAS S.A.,,OTRAS EMPRESAS,,2012-A,2013-A,D,ORI
L00405,20108983583,DISTRIBUIDORA DROGUERIA ALFARO S.A.C.,,OTRAS EMPRESAS,,2012-A,2014-A,D,ORI
L00406,20502433629,PEPSICO ALIMENTOS PERU S.R.L.,,OTRAS EMPRESAS,,2012-A,2013-A,D,ORI
L00408,20109925757,HAUG S.A.,,OTRAS EMPRESAS,,2012-A,2014-A,D,ORI
L00412,20431534046,GRANELES DEL PERU S.A.C.,,OTRAS EMPRESAS,,2012-A,2014-A,D,ORI
L00413,20100963834,CIA ERICSSON S.A.,,OTRAS EMPRESAS,,2012-A,2014-A,D,ORI
L00414,20430500521,MC AUTOS DEL PERU S.A.,,OTRAS EMPRESAS,,2012-A,2014-A,D,ORI
L00416,20328178070,FINANCIERA CREDINKA S.A. EN LIQUIDACION,,EMPRESAS EMISORAS,FINANCIERAS,2013-T4,2024-T2,F,"BG,ER,FE,ORI"
L00417,20103845328,CAJA MUNICIPAL DE AHORRO Y CREDITO DE MAYNAS S.A.,,OTRAS EMPRESAS,,2014-A,2014-A,F,ORI
L00418,20508261633,BUNGE PERU S.A.C.,,OTRAS EMPRESAS,,2014-A,2014-A,D,ORI
L00419,20293670600,MABE PERU SA,,OTRAS EMPRESAS,,2012-A,2014-A,D,ORI
L00420,20510704291,MINERA BATEAS S.A.C.,,OTRAS EMPRESAS,,2012-A,2014-A,D,ORI
L00422,20522605400,MINERA HAMPTON PERU S.A.C.,,OTRAS EMPRESAS,,2012-A,2014-A,D,ORI
L00423,20517401146,COMPAÑIA MINERA QUECHUA S.A.,,OTRAS EMPRESAS,,2012-A,2012-A,D,ORI
L00424,20504946241,PANORO APURIMAC S.A.,,OTRAS EMPRESAS,,2012-A,2014-A,D,ORI
L00425,20101635440,COTTON KNIT S.A.C.,,OTRAS EMPRESAS,,2013-A,2014-A,D,ORI
L00426,20493508645,HONDA SELVA DEL PERU S.A.,,OTRAS EMPRESAS,,2012-A,2014-A,D,ORI
L00428,20537577232,TRANSPORTADORA CALLAO S.A.,,OTRAS EMPRESAS,,2012-A,2014-A,D,ORI
L00431,20492404901,TRANSVIAL LIMA SOCIEDAD ANONIMA CERRADA,,OTRAS EMPRESAS,,2012-A,2014-A,D,ORI
L00432,20505520638,POLINPLAST S.A.C.,,OTRAS EMPRESAS,,2013-A,2014-A,D,ORI
L00434,20109453057,ECOLOGIA Y TECNOLOGIA AMBIENTAL S.A.C,,OTRAS EMPRESAS,,2012-A,2014-A,D,ORI
L00437,20384594655,CATERPILLAR INTERNATIONAL SERVICES DEL P ERU S.A,,OTRAS EMPRESAS,,2012-A,2012-A,D,ORI
L00442,20380130336,INCHCAPE MOTORS PERU SA,,OTRAS EMPRESAS,,2012-A,2014-A,D,ORI
L00443,20518630891,TERMOCHILCA SAC,,EMPRESAS EMISORAS,SERVICIOS PUBLICOS,2012-A,2019-T3,D,"BG,ER,FE,ORI"
L00444,20306219996,FORSAC PERU S.A.,,OTRAS EMPRESAS,,2012-A,2014-A,D,ORI
L00455,20546353118,PACIFIC OFF SHORE PERU S.R.L.,,OTRAS EMPRESAS,,2012-A,2014-A,D,ORI
L00457,20505792042,MINERA SULLIDEN SHAHUINDO S.A.C.,,OTRAS EMPRESAS,,2012-A,2012-A,D,ORI
L00461,20308287395,JOY GLOBAL (PERU) S.A.C.,,OTRAS EMPRESAS,,2013-A,2014-A,D,ORI
L00464,20506198420,MACLABI S.A.C.,,OTRAS EMPRESAS,,2012-A,2014-A,D,ORI
L00467,20103117560,EMP REG DE SERV PUB DE ELECT DL NORTE SA,,OTRAS EMPRESAS,,2012-A,2014-A,D,ORI
L00469,20136847237,INMOBILIARIA DE TURISMO S A,,OTRAS EMPRESAS,,2014-A,2014-A,D,ORI
L00471,20505602952,RELIANT VENTURES S.A.C.,,OTRAS EMPRESAS,,2012-A,2014-A,D,ORI
L00473,20503980216,ADECCO CONSULTING S.A.,,OTRAS EMPRESAS,,2012-A,2014-A,D,ORI
L00474,20102032951,A. JAIME ROJAS REPRESENTACIONES GENERALES S.A.,5190,EMPRESAS MERCADO ALTERNATIVO DE VALORES,DIVERSOS,2016-A,2025-A,D,"BG,ER,FE,ORI"
L00475,20259880603,EXXONMOBIL DEL PERU S.R.L.,,OTRAS EMPRESAS,,2012-A,2014-A,D,ORI
L00478,20415932376,COCA-COLA SERVICIOS DE PERU S.A,,OTRAS EMPRESAS,,2012-A,2014-A,D,ORI
L00479,20338309041,CORPORACION INCA KOLA PERU S.R.L.,,OTRAS EMPRESAS,,2012-A,2014-A,D,ORI
L00480,20100055318,MANUFACTURAS ELECTRICAS S A,,OTRAS EMPRESAS,,2012-A,2014-A,D,ORI
L00481,20293718220,AGRICOLA DON RICARDO S.A.C.,,OTRAS EMPRESAS,,2012-A,2014-A,D,ORI
L00482,20101363008,SCANIA DEL PERU S A,,OTRAS EMPRESAS,,2012-A,2014-A,D,ORI
L00487,20520616102,EMPRESA ELECTRICA RIO DOBLE S.A.,,OTRAS EMPRESAS,,2012-A,2014-A,D,ORI
L00488,20517519490,SINOMAQ S.A.,,OTRAS EMPRESAS,,2012-A,2014-A,D,ORI
L00489,20451684842,EOLICA GALENOVA PERU S.A.,,OTRAS EMPRESAS,,2012-A,2012-A,D,ORI
L00492,20131911310,SEDALIB S.A.,,OTRAS EMPRESAS,,2014-A,2014-A,D,ORI
L00493,20389748669,DALKA S.A.C.,,OTRAS EMPRESAS,,2013-A,2014-A,D,ORI
L00495,20203866497,SIMA IQUITOS S R LTDA,,OTRAS EMPRESAS,,2014-A,2014-A,D,ORI
L00496,20391308668,HACIENDA EL POTRERO SAC,,OTRAS EMPRESAS,,2013-A,2014-A,D,ORI
L00497,20545135184,ANIXTER JORVEX S.A.C.,,OTRAS EMPRESAS,,2012-A,2012-A,D,ORI
L00499,20102306598,VISTONY COMPAÑIA INDUSTRIAL DEL PERU SOCIEDAD ANONIMA CERRADA,,OTRAS EMPRESAS,,2014-A,2014-A,D,ORI
L00500,20100072751,EMPRESA PERUANA DE SERVICIOS EDITORIALES S.A. - EDITORA PERU,,OTRAS EMPRESAS,,2013-A,2014-A,D,ORI
L00502,20131609290,COMERCIAL RC S.A.C.,,OTRAS EMPRESAS,,2013-A,2014-A,D,ORI
L00503,20519458161,COMREIVIC S.A.C.,,OTRAS EMPRESAS,,2013-A,2014-A,D,ORI
L00505,20547141815,TGESTIONA LOGISTICA SOCIEDAD ANONIMA CERRADA,,OTRAS EMPRESAS,,2013-A,2014-A,D,ORI
L00506,20492353214,GRUPORPP SOCIEDAD ANONIMA CERRADA,,OTRAS EMPRESAS,,2012-A,2014-A,D,ORI
L00507,20548187266,DE VICENTE CONSTRUCTORA S.A.C.,,OTRAS EMPRESAS,,2014-A,2014-A,D,ORI
L00508,20508818221,ROCKWELL AUTOMATION DE PERU S.A,,OTRAS EMPRESAS,,2013-A,2014-A,D,ORI
L00511,20302891452,INNOVA AMBIENTAL S.A.,,OTRAS EMPRESAS,,2013-A,2014-A,D,ORI
L00512,20492858766,INVERDESA PERU S.A.C.,,OTRAS EMPRESAS,,2013-A,2014-A,D,ORI
L00513,20100025915,ALFREDO PIMENTEL SEVILLA S A,,OTRAS EMPRESAS,,2013-A,2014-A,D,ORI
L00514,20419952461,DEPOSITOS QUIMICOS MINEROS S.A.,,OTRAS EMPRESAS,,2012-A,2014-A,D,ORI
L00515,20479748102,UNIVERSIDAD SENOR DE SIPAN SAC,,OTRAS EMPRESAS,,2013-A,2014-A,D,ORI
L00516,20543847420,MIROMINA S.A.,,OTRAS EMPRESAS,,2013-A,2014-A,D,ORI
L00517,20544353714,IBEROTEX SOCIEDAD ANONIMA CERRADA,,OTRAS EMPRESAS,,2013-A,2014-A,D,ORI
L00518,20547365331,EMPRESA DE TRANSMISION AYMARAES S.A.C.,,OTRAS EMPRESAS,,2013-A,2014-A,D,ORI
L00519,20353607783,MERCANTIL INCA S.A.,,OTRAS EMPRESAS,,2013-A,2014-A,D,ORI
L00520,20100359708,RENOVA S.A.C.,,OTRAS EMPRESAS,,2013-A,2014-A,D,ORI
L00521,20531321970,ALMACENES DE LA SELVA S.A.C.,,OTRAS EMPRESAS,,2013-A,2014-A,D,ORI
L00522,20507941304,AZULCOCHAMINING S.A.,,OTRAS EMPRESAS,,2013-A,2014-A,D,ORI
L00524,20512069160,CONSTRUCTORA JME S.A.C.,,OTRAS EMPRESAS,,2013-A,2014-A,D,ORI
L00525,20504039120,EULEN DEL PERU DE SERVICIOS COMPLEMENTARIOS S.A.,,OTRAS EMPRESAS,,2013-A,2014-A,D,ORI
L00526,20510556594,DISTRIBUIDORA DEPORTIVA PUMA S.A.C.,,OTRAS EMPRESAS,,2013-A,2014-A,D,ORI
L00530,20367472694,AGRICOLA ATHOS SA,,OTRAS EMPRESAS,,2013-A,2014-A,D,ORI
L00532,20452311276,ESTACION DE SERVICIOS EL SOL S.R.L.,,OTRAS EMPRESAS,,2013-A,2014-A,D,ORI
L00533,20510761503,SAXON SERVICES DEL PERU S.A.,,OTRAS EMPRESAS,,2013-A,2014-A,D,ORI
L00534,20492903141,CONSORCIO HOTELERO GLOBAL DEL PERU SAC,,OTRAS EMPRESAS,,2013-A,2014-A,D,ORI
L00535,20492672077,TRAXYS PERU SOCIEDAD ANONIMA CERRADA - TRAXYS PERU S.A.C.,,OTRAS EMPRESAS,,2013-A,2014-A,D,ORI
L00536,20525019200,SOUTHERN PEAKS MINING PERU S.A.C. - SPM PERU S.A.C.,,OTRAS EMPRESAS,,2013-A,2014-A,D,ORI
L00537,20138998780,RENZO COSTA S.A.C.,,OTRAS EMPRESAS,,2013-A,2014-A,D,ORI
L00538,20543905306,ARIANA OPERACIONES MINERAS S.A.C.,,OTRAS EMPRESAS,,2013-A,2014-A,D,ORI
L00540,20122742114,PERU PIMA SA.,,OTRAS EMPRESAS,,2013-A,2014-A,D,ORI
L00541,20100343887,INTERNACIONAL DE MAQUINARIA Y COMERCIO S.A.,,OTRAS EMPRESAS,,2013-A,2014-A,D,ORI
L00542,20421239275,UNIVERSIDAD CIENTIFICA DEL SUR S.A.C.,,OTRAS EMPRESAS,,2013-A,2014-A,D,ORI
L00543,20434327611,SUPERTEC S.A.C.,,OTRAS EMPRESAS,,2013-A,2014-A,D,ORI
L00544,20425853865,MATTEL PERU S.A.,,OTRAS EMPRESAS,,2014-A,2014-A,D,ORI
L00545,20318018856,AGRO VICTORIA S.A.C.,,OTRAS EMPRESAS,,2013-A,2014-A,D,ORI
L00546,20466316505,NEXOS COMERCIALES S.A.C.,,OTRAS EMPRESAS,,2013-A,2014-A,D,ORI
L00547,20135414931,EMPRESA DE TRANSPORTE TURISTICO OLANO S.A.,,OTRAS EMPRESAS,,2013-A,2014-A,D,ORI
L00548,20520783777,INMOBILIARIA SALONICA S.A.C.,,OTRAS EMPRESAS,,2013-A,2014-A,D,ORI
L00549,20380225043,INVERSIONES CASTELAR S.A.C.,,OTRAS EMPRESAS,,2013-A,2014-A,D,ORI
L00551,20538763072,ENTIDAD DE DESARROLLO A LA PEQUEÑA Y MICRO EMPRESA INVERSIONES LA CRUZ S.A. - EDPYME INVERSIONES LA CRUZ S.A.,,EMPRESAS MERCADO ALTERNATIVO DE VALORES,FINANCIERAS,2016-A,2018-A,F,"BG,ER,FE,ORI"
L00552,20498672478,GRUPO GAMARRA S.A.C.,,OTRAS EMPRESAS,,2013-A,2014-A,D,ORI
L00554,20514842079,CONTRANS S.A.C.,,OTRAS EMPRESAS,,2013-A,2014-A,D,ORI
L00555,20100131430,SACOS PISCO S.A.C.,,OTRAS EMPRESAS,,2013-A,2014-A,D,ORI
L00556,20514606774,C & M SERVICENTROS SOCIEDAD ANONIMA CERRADA,,OTRAS EMPRESAS,,2013-A,2014-A,D,ORI
L00557,20481450510,NETAFIM PERU SOCIEDAD ANONIMA CERRADA,,OTRAS EMPRESAS,,2013-A,2014-A,D,ORI
L00558,20433661495,CORP.DE VIDRIOS Y ALUMINIOS CORRALES SAC,,OTRAS EMPRESAS,,2013-A,2014-A,D,ORI
L00559,20143844723,INVERSIONES COLQUIJIRCA S.A.,,OTRAS EMPRESAS,,2013-A,2014-A,D,ORI
L00560,20109796841,DESTINOS MUNDIALES S.A.C.,,OTRAS EMPRESAS,,2013-A,2014-A,D,ORI
L00561,20100049857,COLD IMPORT S A,,OTRAS EMPRESAS,,2013-A,2014-A,D,ORI
L00562,20406339361,CORI PUNO S.A.C.,,OTRAS EMPRESAS,,2013-A,2014-A,D,ORI
L00563,20307328471,DHL GLOBAL FORWARDING PERU S.A.,,OTRAS EMPRESAS,,2013-A,2014-A,D,ORI
L00564,20543404609,ATN 2 S.A.,,OTRAS EMPRESAS,,2013-A,2014-A,D,ORI
L00565,20552287011,ATN 3 S.A.,,OTRAS EMPRESAS,,2013-A,2014-A,D,ORI
L00566,20451319800,COMERCIALIZADORA SAN JUAN SAC,,OTRAS EMPRESAS,,2013-A,2014-A,D,ORI
L00567,20524522871,EMPRESA DE GENERACION ELECTRICA DE JUNIN S.A.C,,OTRAS EMPRESAS,,2013-A,2014-A,D,ORI
L00568,20514811271,PERU FORUS S.A.,,OTRAS EMPRESAS,,2013-A,2014-A,D,ORI
L00569,20215528791,INVERSIONES CYS S.A.,,OTRAS EMPRESAS,,2013-A,2014-A,D,ORI
L00570,20481608598,MOLINORTE S.A.C.,,OTRAS EMPRESAS,,2013-A,2014-A,D,ORI
L00571,20543329984,CONSTRUCTORA VALLES DEL PERU SOCIEDAD ANONIMA,,OTRAS EMPRESAS,,2013-A,2014-A,D,ORI
L00572,20508031476,LIDER INVERSIONES Y PROYECTOS S.A.,,OTRAS EMPRESAS,,2013-A,2014-A,D,ORI
L00573,20544558014,CLUSTER HOLDING S.A.C.,,OTRAS EMPRESAS,,2013-A,2014-A,D,ORI
L00574,20100351804,COLCA DEL PERU S A,,OTRAS EMPRESAS,,2013-A,2014-A,D,ORI
L00575,20537886618,UNIVERSIDAD DE CIENCIAS Y ARTES DE AMERICA LATINA S.A.C. - UCAL S.A.C.,,OTRAS EMPRESAS,,2013-A,2014-A,D,ORI
L00576,20512170120,AURENLAC SOCIEDAD ANONIMA CERRADA - AURENLAC S.A.C.,,OTRAS EMPRESAS,,2013-A,2014-A,D,ORI
L00577,20418826119,MAS ERRAZURIZ DEL PERU S.A.C.,,OTRAS EMPRESAS,,2013-A,2014-A,D,ORI
L00578,20107974467,COMPAÑIA INTERNACIONAL DEL CAFE SOCIEDAD ANONIMA CERRADA,,OTRAS EMPRESAS,,2012-A,2014-A,D,ORI
L00579,20519260485,LIMTEK SERVICIOS INTEGRALES SA,,OTRAS EMPRESAS,,2013-A,2014-A,D,ORI
L00580,20109259838,CENTRO DE ORIENTACION FAMILIAR,,OTRAS EMPRESAS,,2013-A,2014-A,D,ORI
L00581,20101308678,CIA INDUSTRIAL CONTINENTAL SRL,,OTRAS EMPRESAS,,2013-A,2014-A,D,ORI
L00582,20100180210,FARMAGRO S A,,OTRAS EMPRESAS,,2013-A,2014-A,D,ORI
L00583,20100126606,PETROLERA TRANSOCEANICA S A,,OTRAS EMPRESAS,,2013-A,2014-A,D,ORI
L00584,20100313899,ZICSA CONTRATISTAS GENERALES S.A.,,OTRAS EMPRESAS,,2013-A,2014-A,D,ORI
L00585,20511445389,CONDUCTORES Y CABLES DEL PERU SAC,,OTRAS EMPRESAS,,2013-A,2014-A,D,ORI
L00586,20537243709,COMPAÑIA NAVIERA NATALIA SAC,,OTRAS EMPRESAS,,2013-A,2014-A,D,ORI
L00587,20506741344,CONSTRUCTORA INMOBILIARIA BRITANIA S.A.C,,OTRAS EMPRESAS,,2013-A,2014-A,D,ORI
L00588,20514441163,CONSTRUCTORA EL ROBLE S.A.C.,,OTRAS EMPRESAS,,2013-A,2013-A,D,ORI
L00589,20510367864,REPRESENTACIONES SANTA APOLONIA S.A.C.,,OTRAS EMPRESAS,,2013-A,2014-A,D,ORI
L00590,20516684721,ARTECO PERU S.A.,,OTRAS EMPRESAS,,2013-A,2014-A,D,ORI
L00591,20505688903,AGRICOLA ANDREA S.A.C.,,OTRAS EMPRESAS,,2013-A,2013-A,D,ORI
L00592,20506151547,ENERGIGAS S.A.C.,,OTRAS EMPRESAS,,2013-A,2014-A,D,ORI
L00594,20512292586,JJC EDIFICACIONES S.A.C.,,OTRAS EMPRESAS,,2014-A,2014-A,D,ORI
L00595,20517439623,LAYHER PERU S.A.C.,,OTRAS EMPRESAS,,2013-A,2014-A,D,ORI
L00597,20101030882,VALDITEX S A,,OTRAS EMPRESAS,,2013-A,2014-A,D,ORI
L00598,20100094569,ASESORIA COMERCIAL S.A. ACOSA,,OTRAS EMPRESAS,,2013-A,2014-A,D,ORI
L00599,20451775210,SOLUCIONES CONSTRUCTIVAS VOLCÁN S.A.C.,,OTRAS EMPRESAS,,2013-A,2014-A,D,ORI
L00600,20455959943,CALQUIPA S.A.C.,,OTRAS EMPRESAS,,2013-A,2014-A,D,ORI
L00601,20512773924,ANDALUCITA S.A.,,OTRAS EMPRESAS,,2013-A,2014-A,D,ORI
L00602,20101228992,LAMINADOS S.A.C.,,OTRAS EMPRESAS,,2013-A,2014-A,D,ORI
L00603,20501973522,EMBOTELLADORA DON JORGE S.A.C.,,OTRAS EMPRESAS,,2013-A,2014-A,D,ORI
L00604,20251749095,KNIGHT PIESOLD CONSULTORES S.A.,,OTRAS EMPRESAS,,2013-A,2014-A,D,ORI
L00605,20100227895,TRANSPORTES ANGEL IBARCENA S.A.C.,,OTRAS EMPRESAS,,2013-A,2014-A,D,ORI
L00606,20143079075,SERVICIO DE AGUA POTABLE Y ALCANTARILLADO DE AYACUCHO S.A,,OTRAS EMPRESAS,,2013-A,2013-A,D,ORI
L00607,20260344341,MERCK SHARP & DOHME PERU S.R.L.,,OTRAS EMPRESAS,,2013-A,2014-A,D,ORI
L00608,20130471464,COMERCIAL TRES ESTRELLAS S.A.,,OTRAS EMPRESAS,,2013-A,2014-A,D,ORI
L00609,20512122311,FERTILIZANTES DEL SUR SOCIEDAD ANONIMA CERRADA - FERTISUR S.A.C.,,OTRAS EMPRESAS,,2014-A,2014-A,D,ORI
L00610,20545642361,AFINMUEBLES S.A.C,,OTRAS EMPRESAS,,2013-A,2014-A,D,ORI
L00611,20554965793,INTELIGO REAL ESTATE PERU SOCIEDAD ANONIMA CERRADA,,OTRAS EMPRESAS,,2013-A,2014-A,D,ORI
L00612,20102881690,DEXIM SRL,,OTRAS EMPRESAS,,2013-A,2014-A,D,ORI
L00613,20113642093,COMERCIAL TEXTIL S.A.,,OTRAS EMPRESAS,,2013-A,2014-A,D,ORI
L00614,20492093042,INMOBIDEAS S.A.C.,,OTRAS EMPRESAS,,2013-A,2014-A,D,ORI
L00615,20296136728,ALTOS ANDES S.A.C,,OTRAS EMPRESAS,,2013-A,2014-A,D,ORI
L00616,20203645563,TECNOSANITARIA S.A.,,OTRAS EMPRESAS,,2013-A,2013-A,D,ORI
L00618,20521834642,ACS SOLUTIONS PERU S.A.,,OTRAS EMPRESAS,,2013-A,2014-A,D,ORI
L00619,20100049261,EXPRESO INTERNACIONAL ORMEÑO S.A.,,OTRAS EMPRESAS,,2013-A,2014-A,D,ORI
L00620,20147720492,LABORATORIOS ROE S.A,,OTRAS EMPRESAS,,2013-A,2014-A,D,ORI
L00621,20520831411,INSTITUTO DE CREATIVIDAD Y NEGOCIOS S.A.C - ICNE S.A.C.,,OTRAS EMPRESAS,,2013-A,2014-A,D,ORI
L00622,20418710757,MACCAFERRI DE PERU S.A.C.,,OTRAS EMPRESAS,,2014-A,2014-A,D,ORI
L00623,20136435397,ALGODONERA PERUANA S.A.C,,OTRAS EMPRESAS,,2013-A,2014-A,D,ORI
L00624,20514736988,INMHOLD S.A.C.,,OTRAS EMPRESAS,,2013-A,2014-A,D,ORI
L00625,20100179807,COMPAÑIA MINERA LUREN S A,,OTRAS EMPRESAS,,2013-A,2013-A,D,ORI
L00626,20390583835,DIMATIC S.A.C,,OTRAS EMPRESAS,,2013-A,2014-A,D,ORI
L00627,20440352431,KVC CONTRATISTAS S.A.C.,,OTRAS EMPRESAS,,2013-A,2014-A,D,ORI
L00628,20513004592,ATAHUALPA HOLDINGS (PERU) S.A.C.,,OTRAS EMPRESAS,,2013-A,2014-A,D,ORI
L00629,20550858461,PLANTACIONES DEL SOL S.A.C,,OTRAS EMPRESAS,,2013-A,2014-A,D,ORI
L00630,20501603784,VLACAR S.A.C.,,OTRAS EMPRESAS,,2013-A,2014-A,D,ORI
L00631,20537004381,DISTRIBUCIONES Y SERVICIOS ROMA S.A.C.,,OTRAS EMPRESAS,,2013-A,2014-A,D,ORI
L00632,20413480460,SERVICIOS POLUX S.A.C.,,OTRAS EMPRESAS,,2013-A,2014-A,D,ORI
L00633,20329432417,PRODUCTOS ALIMENTOS GOLOSINAS S.A.C.,,OTRAS EMPRESAS,,2013-A,2014-A,D,ORI
L00634,20521608987,PROMIGAS PERU S.A.,,OTRAS EMPRESAS,,2013-A,2014-A,D,ORI
L00635,20100142393,SINDICATO MINERO DE ORCOPAMPA SA,,OTRAS EMPRESAS,,2013-A,2014-A,D,ORI
L00637,20453919651,PERUANA DE MOTORES H.G. S.A.C. - PERUMOTOR H.G. S.A.C.,,OTRAS EMPRESAS,,2013-A,2014-A,D,ORI
L00638,20510394918,LIMA VIAS EXPRESS S.A.,,OTRAS EMPRESAS,,2013-A,2014-A,D,ORI
L00639,20100048290,VALVOSANITARIA INDUSTRIAL S A,,OTRAS EMPRESAS,,2013-A,2013-A,D,ORI
L00640,20129895986,STENICA SA.,,OTRAS EMPRESAS,,2013-A,2014-A,D,ORI
L00641,20517952533,AGRICOLA SAN JOSE S.A.,,OTRAS EMPRESAS,,2013-A,2014-A,D,ORI
L00642,20319363221,UNIVERSIDAD CONTINENTAL SOCIEDAD ANONIMA CERRADA,,OTRAS EMPRESAS,,2013-A,2014-A,D,ORI
L00643,20380148979,MAQUINARIAS U-GUIL S.A.,,OTRAS EMPRESAS,,2013-A,2014-A,D,ORI
L00644,20384505652,DISTRIBUIDORA GUMI S.A.C.,,OTRAS EMPRESAS,,2013-A,2014-A,D,ORI
L00645,20514777072,VEGA PERU S.A.,,OTRAS EMPRESAS,,2013-A,2014-A,D,ORI
L00646,20119041148,GRANJA SINCHI S.A.,,OTRAS EMPRESAS,,2013-A,2014-A,D,ORI
L00647,20521119943,CONSTRUCTORA GALILEA S.A.C.,,OTRAS EMPRESAS,,2013-A,2014-A,D,ORI
L00648,20329921531,MASTER DRILLING PERU S.A.C.,,OTRAS EMPRESAS,,2013-A,2014-A,D,ORI
L00649,20133932730,AUTOMOTORES MOPAL SA,,OTRAS EMPRESAS,,2013-A,2014-A,D,ORI
L00650,20382984537,ADECCO PERU S.A.,,OTRAS EMPRESAS,,2013-A,2014-A,D,ORI
L00651,20100260086,VSI INMOBILIARIA S.A.,,OTRAS EMPRESAS,,2013-A,2014-A,D,ORI
L00652,20502257634,PERUPEZ S.A.C.,,OTRAS EMPRESAS,,2013-A,2014-A,D,ORI
L00653,20135072797,GCZ INGENIEROS S.A.C.,,OTRAS EMPRESAS,,2013-A,2014-A,D,ORI
L00654,20100307902,RESEMIN S.A.,,OTRAS EMPRESAS,,2013-A,2014-A,D,ORI
L00655,20382506040,VOPAK PERU S.A.,,OTRAS EMPRESAS,,2013-A,2013-A,D,ORI
L00656,20101294359,PIERIPLAST S.A.C.,,OTRAS EMPRESAS,,2013-A,2014-A,D,ORI
L00657,20547735014,APUMAYO S.A.C.,,OTRAS EMPRESAS,,2013-A,2014-A,D,ORI
L00658,20471254305,BOUBY S.A.C,,OTRAS EMPRESAS,,2013-A,2013-A,D,ORI
L00659,20521645831,CUPRICA S.A.C.,,OTRAS EMPRESAS,,2013-A,2014-A,D,ORI
L00660,20266578572,EITAL SOCIEDAD ANONIMA - EITAL S.A.,,OTRAS EMPRESAS,,2013-A,2013-A,D,ORI
L00661,20100132240,CONSTRUCTORA TP S.A.C.,,OTRAS EMPRESAS,,2013-A,2014-A,D,ORI
L00662,20497062781,MINERA YANAQUIHUA S.A.C.,,OTRAS EMPRESAS,,2013-A,2014-A,D,ORI
L00663,20397468161,FUNDO EL GOLF S.A,,OTRAS EMPRESAS,,2013-A,2014-A,D,ORI
L00664,20382072023,MESSER GASES DEL PERU S.A.,,OTRAS EMPRESAS,,2013-A,2014-A,D,ORI
L00665,20517336492,FABRICA DE TEJIDOS PISCO S.A.C.,,OTRAS EMPRESAS,,2013-A,2014-A,D,ORI
L00666,20524268125,CENTRAL PORTUARIA S.A.C.,,OTRAS EMPRESAS,,2013-A,2014-A,D,ORI
L00667,20512436090,SDF ENERGIA S.A.C.,,OTRAS EMPRESAS,,2013-A,2014-A,D,ORI
L00668,20510069251,DH EMPRESAS PERU S.A.,,OTRAS EMPRESAS,,2013-A,2014-A,D,ORI
L00669,20423074672,CARBAJALES UNIDOS S.A.C.,,OTRAS EMPRESAS,,2013-A,2014-A,D,ORI
L00670,20531521987,NEGOCIACIONES E INVERSIONES DORAL S.A.C.,,OTRAS EMPRESAS,,2013-A,2014-A,D,ORI
L00671,20211040352,QUIMICOS GOICOCHEA S.A.C.,,OTRAS EMPRESAS,,2013-A,2013-A,D,ORI
L00673,20295734681,THYSSENKRUPP ELEVADORES S.A.C.,,OTRAS EMPRESAS,,2013-A,2014-A,D,ORI
L00674,20493092791,PERUVIAN LATIN RESOURCES S.A.C.,,OTRAS EMPRESAS,,2013-A,2014-A,D,ORI
L00675,20100312736,MERCANTIL S A,,OTRAS EMPRESAS,,2013-A,2014-A,D,ORI
L00676,20100160707,INDELAT SAC,,OTRAS EMPRESAS,,2013-A,2014-A,D,ORI
L00677,20504645984,"TANAKA, VALDIVIA, ARRIBAS & ASOCIADOS SOCIEDAD CIVIL DE RESPONSABILIDAD LIMITADA",,OTRAS EMPRESAS,,2013-A,2014-A,D,ORI
L00678,20346833280,KROTON S.A.C.,,OTRAS EMPRESAS,,2013-A,2014-A,D,ORI
L00679,20191503482,SILVESTRE PERU S.A.C.,,OTRAS EMPRESAS,,2013-A,2014-A,D,ORI
L00680,20535543349,PARQUE EOLICO MARCONA SOCIEDAD ANONIMA CERRADA - PARQUE EOLICO MARCONA S.A.C.,,OTRAS EMPRESAS,,2013-A,2014-A,D,ORI
L00681,20518738314,HOTELES ESTELAR DEL PERU S.A.C.,,OTRAS EMPRESAS,,2013-A,2014-A,D,ORI
L00682,20526005610,EL ALAMO EXPORT S.A.C.,,OTRAS EMPRESAS,,2013-A,2013-A,D,ORI
L00683,20122138161,COMERCIALIZ. Y DISTRIBUIDORA JIMENEZ SAC,,OTRAS EMPRESAS,,2013-A,2014-A,D,ORI
L00684,20476633932,INVERSIONES TOMAS VALLE S.A.C,,OTRAS EMPRESAS,,2013-A,2013-A,D,ORI
L00685,20516256843,POLYTEX S.A.,,OTRAS EMPRESAS,,2013-A,2014-A,D,ORI
L00686,20524382335,IZA MOTORS PERU SAC,,OTRAS EMPRESAS,,2013-A,2014-A,D,ORI
L00687,20452613361,DISTRIBUCIONES G & A S.A.C.,,OTRAS EMPRESAS,,2013-A,2014-A,D,ORI
L00688,20298463165,IMPORTACIONES RUBI S.A.,,OTRAS EMPRESAS,,2013-A,2014-A,D,ORI
L00689,20514831620,TDM ASFALTOS SOCIEDAD ANONIMA CERRADA - TDM ASFALTOS S.A.C.,,OTRAS EMPRESAS,,2013-A,2014-A,D,ORI
L00690,20504550681,TEXTIL ONLY STAR S.A.C.,,OTRAS EMPRESAS,,2013-A,2014-A,D,ORI
L00691,20450443434,COMERCIALIZADORA DE LA AMAZONIA S.A.C.,,OTRAS EMPRESAS,,2013-A,2014-A,D,ORI
L00692,20530932487,SILVER LAKE S.A.C.,,OTRAS EMPRESAS,,2013-A,2014-A,D,ORI
L00693,20513640316,HEINZ - GLAS PERU S.A.C.,,OTRAS EMPRESAS,,2013-A,2014-A,D,ORI
L00694,20257676910,E D & F MAN PERU S.A.C.,,OTRAS EMPRESAS,,2013-A,2014-A,D,ORI
L00695,20306781252,PRECOTEX S.A.C.,,OTRAS EMPRESAS,,2013-A,2014-A,D,ORI
L00696,20475428634,ESTANTERIAS METALICAS J.R.M. S.A.C,,OTRAS EMPRESAS,,2013-A,2014-A,D,ORI
L00697,20507468102,DIEBOLD PERU S.R.L.,,OTRAS EMPRESAS,,2013-A,2014-A,D,ORI
L00699,20416634212,DISTRIBUIDORA CUNZA S.A.,,OTRAS EMPRESAS,,2013-A,2014-A,D,ORI
L00700,20409610383,DISTRIBUIDORA CASTILLO CASTILLO S.A.C.,,OTRAS EMPRESAS,,2013-A,2014-A,D,ORI
L00701,20546190731,INDELAT GROUP HOLDING S.A.C.,,OTRAS EMPRESAS,,2013-A,2013-A,D,ORI
L00702,20100525641,MERCADEO COMERCIAL SA,,OTRAS EMPRESAS,,2013-A,2014-A,D,ORI
L00703,20504205232,EXECUTIVE SOLUTIONS SOCIEDAD ANONIMA,,OTRAS EMPRESAS,,2013-A,2014-A,D,ORI
L00704,20538368106,INMOBILIARIA LAS LADERAS DE CHACLACAYO SOCIEDAD ANONIMA CERRADA,,OTRAS EMPRESAS,,2013-A,2013-A,D,ORI
L00705,20503560781,N Y K HOLDINGS SOCIEDAD ANONIMA,,OTRAS EMPRESAS,,2013-A,2014-A,D,ORI
L00706,20167930868,PTS S.A,,OTRAS EMPRESAS,,2013-A,2014-A,D,ORI
L00707,20100165334,NEGOCIACION COMERCIAL SAN PEDRO S A C,,OTRAS EMPRESAS,,2013-A,2014-A,D,ORI
L00708,20536426168,IBER RENT S.A.C.,,OTRAS EMPRESAS,,2013-A,2014-A,D,ORI
L00709,20205572229,INDUSTRIAL PESQUERA SANTA MONICA S.A.,,OTRAS EMPRESAS,,2013-A,2014-A,D,ORI
L00710,20137021014,ALCATEL-LUCENT DEL PERU S.A,,OTRAS EMPRESAS,,2013-A,2014-A,D,ORI
L00711,20502846460,ELECTRICAS DE MEDELLIN PERU S.A,,OTRAS EMPRESAS,,2013-A,2014-A,D,ORI
L00712,20103668876,REPRESENT Y DISTRIBUCIONES DEL NORTE SAC,,OTRAS EMPRESAS,,2013-A,2014-A,D,ORI
L00714,20159469388,TRANSGAS SHIPPING LINES SAC,,OTRAS EMPRESAS,,2013-A,2014-A,D,ORI
L00715,20100754755,IVC CONTRATISTAS GENERALES S R L,,OTRAS EMPRESAS,,2013-A,2014-A,D,ORI
L00716,20508810912,ROBOCON SERVICIOS S.A.C.,,OTRAS EMPRESAS,,2013-A,2013-A,D,ORI
L00717,20254556654,BRADLEY MDH S.A.C.,,OTRAS EMPRESAS,,2013-A,2014-A,D,ORI
L00718,20101792545,LAU VIDAL S.A.C,,OTRAS EMPRESAS,,2013-A,2014-A,D,ORI
L00719,20523317815,HASBRO PERU S.R.L.,,OTRAS EMPRESAS,,2013-A,2014-A,D,ORI
L00720,20259066671,LA QUINTA FERIA S.A.C.,,OTRAS EMPRESAS,,2013-A,2014-A,D,ORI
L00721,20469820531,CECOSAMI S.A.,,OTRAS EMPRESAS,,2013-A,2014-A,D,ORI
L00722,20100058503,PURATOS PERU S.A.,,OTRAS EMPRESAS,,2013-A,2014-A,D,ORI
L00723,20479729141,INDUAMERICA SERVICIOS LOGISTICOS S.A.C.,,OTRAS EMPRESAS,,2013-A,2014-A,D,ORI
L00724,20344506842,OVOSUR S.A,,OTRAS EMPRESAS,,2013-A,2014-A,D,ORI
L00725,20268784625,PROCAMPO SA,,OTRAS EMPRESAS,,2013-A,2014-A,D,ORI
L00726,20133605291,EMPRESA DE TRANSPORTES AVE FENIX S.A.C.,,OTRAS EMPRESAS,,2013-A,2014-A,D,ORI
L00727,20524144582,INMOBILIARIA PORTO ROTONDO SOCIEDAD ANONIMA CERRADA,,OTRAS EMPRESAS,,2013-A,2014-A,D,ORI
L00728,20508596732,RMB SATECI SOCIEDAD ANONIMA CERRADA - RMB SATECI SAC,,OTRAS EMPRESAS,,2013-A,2014-A,D,ORI
L00729,20135631524,NEUF S.A.,,OTRAS EMPRESAS,,2013-A,2014-A,D,ORI
L00730,20417531026,TRIATHLON S.A.C.,,OTRAS EMPRESAS,,2013-A,2014-A,D,ORI
L00731,20517262863,PERU METAL TRADING S.A.C.,,OTRAS EMPRESAS,,2013-A,2014-A,D,ORI
L00732,20100165504,BEIERSDORF S.A.C.,,OTRAS EMPRESAS,,2013-A,2014-A,D,ORI
L00733,20348624866,INVERSIONES WARNER MIC S.R.L.,,OTRAS EMPRESAS,,2013-A,2014-A,D,ORI
L00734,20304289512,MANPOWER PERU S.A.,,OTRAS EMPRESAS,,2013-A,2013-A,D,ORI
L00735,20492836282,VENTCORP PERU S.A.C.,,OTRAS EMPRESAS,,2013-A,2014-A,D,ORI
L00736,20392487604,PPA PERU S.A.C.,,OTRAS EMPRESAS,,2013-A,2013-A,D,ORI
L00737,20550880041,STRIP CENTERS DEL PERU S.A.,,OTRAS EMPRESAS,,2013-A,2014-A,D,ORI
L00738,20117431615,PROMHIL S.A.C.,,OTRAS EMPRESAS,,2013-A,2014-A,D,ORI
L00739,20439331918,GRUPO TRANSPESA SAC,,OTRAS EMPRESAS,,2013-A,2013-A,D,ORI
L00740,20420039728,CORPORACION TDN S.A.C.,,OTRAS EMPRESAS,,2013-A,2014-A,D,ORI
L00741,20479874825,NORLLANTAS MANUEL OLANO SOCIEDAD ANONIMA CERRADA,,OTRAS EMPRESAS,,2013-A,2014-A,D,ORI
L00742,20100020441,DETROIT DIESEL - MTU PERU S.A.C.,,OTRAS EMPRESAS,,2013-A,2014-A,D,ORI
L00743,20511038317,INVERSIONES FAVEL E.I.R.L.,,OTRAS EMPRESAS,,2013-A,2014-A,D,ORI
L00744,20101915132,ALTESA CONTRATISTAS GENERALES SOCIEDAD ANONIMA,,OTRAS EMPRESAS,,2013-A,2014-A,D,ORI
L00745,20386825042,S.C. JOHNSON & SON DEL PERU S.A.,,OTRAS EMPRESAS,,2014-A,2014-A,D,ORI
L00746,20502629876,ORIUNDA S.A.C.,,OTRAS EMPRESAS,,2013-A,2014-A,D,ORI
L00747,20111740438,SONEPAR PERU S.A.C.,,OTRAS EMPRESAS,,2013-A,2014-A,D,ORI
L00748,20544804155,RENTING DEL PACIFICO S.A.C.,,OTRAS EMPRESAS,,2013-A,2013-A,D,ORI
L00749,20383773378,SONDA DEL PERU S.A.,,OTRAS EMPRESAS,,2013-A,2014-A,D,ORI
L00750,20507969811,LA SEMILLA DE ORO S.A.C.,,OTRAS EMPRESAS,,2013-A,2014-A,D,ORI
L00751,20182246078,SISTEMAS ORACLE DEL PERU S.A.,,OTRAS EMPRESAS,,2013-A,2014-A,D,ORI
L00752,20512025464,CALZADO CHOSICA SOCIEDAD ANONIMA CERRADA,,OTRAS EMPRESAS,,2013-A,2014-A,D,ORI
L00753,20466261255,GRUPO SYPSA S.A.C.,,OTRAS EMPRESAS,,2013-A,2014-A,D,ORI
L00754,20514699845,AVICOLA KOTORRO S.A.C.,,OTRAS EMPRESAS,,2013-A,2014-A,D,ORI
L00755,20517112543,SKC MAQUINARIAS S.A.C.,,OTRAS EMPRESAS,,2013-A,2014-A,D,ORI
L00756,20389358445,VIVAKI PERU S.A.,,OTRAS EMPRESAS,,2013-A,2014-A,D,ORI
L00757,20431080002,S.G NATCLAR S.A.C,,OTRAS EMPRESAS,,2013-A,2013-A,D,ORI
L00759,20550808791,EURO CAMIONES S.A.,,OTRAS EMPRESAS,,2013-A,2014-A,D,ORI
L00760,20104508023,AGROPECUARIA RIO BRAVO HNOS S.A.C.,,OTRAS EMPRESAS,,2013-A,2014-A,D,ORI
L00761,20502129806,EXXON MOBIL AVIACION PERU S.A.,,OTRAS EMPRESAS,,2013-A,2014-A,D,ORI
L00762,20536938657,ALTAMAR FOODS PERU S.R.L.,,OTRAS EMPRESAS,,2013-A,2013-A,D,ORI
L00763,20510220928,INVERSIONES PUNTA TUR SAC,,OTRAS EMPRESAS,,2013-A,2014-A,D,ORI
L00764,20132272418,INTERNACIONAL DE TRANSPORTE TURISTICO Y SERVICIOS SRL,,OTRAS EMPRESAS,,2013-A,2013-A,D,ORI
L00765,20120877055,LADRILLERA EL DIAMANTE S.A.C.,,OTRAS EMPRESAS,,2013-A,2014-A,D,ORI
L00766,20101312608,COMERCIAL MADERERA ANDINA S.R.LTDA,,OTRAS EMPRESAS,,2013-A,2013-A,D,ORI
L00767,20513272686,GAMING SOLUTIONS INTERNATIONAL S.A.C.,,OTRAS EMPRESAS,,2013-A,2013-A,D,ORI
L00768,20100067081,DISTRIBUIDORA CONTINENTAL 6 S A,,OTRAS EMPRESAS,,2013-A,2014-A,D,ORI
L00769,20451779711,SOCIEDAD AGRICOLA RAPEL S.A.C.,,OTRAS EMPRESAS,,2013-A,2014-A,D,ORI
L00770,20100261058,INMOBILIARIA ELENA S.A.C.,,OTRAS EMPRESAS,,2014-A,2014-A,D,ORI
L00771,20512002685,INTERSPORT S.A.C.,,OTRAS EMPRESAS,,2013-A,2014-A,D,ORI
L00772,20293331066,PRECISION PERU S.A.,,OTRAS EMPRESAS,,2013-A,2014-A,D,ORI
L00774,20432347142,FERROVIAS CENTRAL ANDINA S.A.,,OTRAS EMPRESAS,,2013-A,2014-A,D,ORI
L00775,20392664310,SQM VITAS PERU S.A.C.,,OTRAS EMPRESAS,,2013-A,2014-A,D,ORI
L00776,20381235051,NEWREST PERU S.A.C.,,OTRAS EMPRESAS,,2013-A,2013-A,D,ORI
L00777,20477867970,SVITZER PERU S.A.,,OTRAS EMPRESAS,,2013-A,2014-A,D,ORI
L00778,20191308868,ARCOR DE PERU S A,,OTRAS EMPRESAS,,2013-A,2014-A,D,ORI
L00779,20381721231,M.R. INVERSIONES PERU ALFA S.R.L,,OTRAS EMPRESAS,,2013-A,2014-A,D,ORI
L00780,20509828076,CORPORACION DE INVERSIONES ANTA S.A.,,OTRAS EMPRESAS,,2012-A,2014-A,D,ORI
L00781,20536358570,MULTINATIONAL GROUP OF GOLD SOCIEDAD ANONIMA CERRADA - MULTINATIONAL GROUP OF GOLD S.A.C.,,OTRAS EMPRESAS,,2013-A,2013-A,D,ORI
L00782,20549632204,EUROINMUEBLES S.A.C.,,OTRAS EMPRESAS,,2013-A,2014-A,D,ORI
L00783,20517501019,GLOBAL BUS E.I.R.L.,,OTRAS EMPRESAS,,2013-A,2014-A,D,ORI
L00784,20100617332,RINTI S A,,OTRAS EMPRESAS,,2014-A,2014-A,D,ORI
L00785,20550621291,CONSORCIO KISHUARA III,,OTRAS EMPRESAS,,2013-A,2014-A,D,ORI
L00786,20516872307,DISTRIBUIDORA JANDY SAC,,OTRAS EMPRESAS,,2013-A,2014-A,D,ORI
L00787,20143305857,DORMESON S A,,OTRAS EMPRESAS,,2013-A,2014-A,D,ORI
L00788,20492999742,WU BP PERU S.R.L.,,OTRAS EMPRESAS,,2013-A,2014-A,D,ORI
L00789,20510159242,ORGANIZACION TORRE AZUL S.A.C.,,OTRAS EMPRESAS,,2013-A,2013-A,D,ORI
L00790,20511985065,DESARROLLO DE PROYECTOS INMOBILIARIOS SOCIEDAD ANONIMA CERRADA,,OTRAS EMPRESAS,,2013-A,2014-A,D,ORI
L00791,20428901208,ANDINA TRADE S.A.C.,,OTRAS EMPRESAS,,2013-A,2014-A,D,ORI
L00792,20454186002,ALSUR PERU S.A.C.,,OTRAS EMPRESAS,,2013-A,2013-A,D,ORI
L00793,20297885538,HOTELERA COSTA DEL PACIFICO S.A.,,OTRAS EMPRESAS,,2013-A,2014-A,D,ORI
L00795,20536429183,TOYOTA TSUSHO AUTOMOVILES S.A.C.,,OTRAS EMPRESAS,,2013-A,2014-A,D,ORI
L00796,20432348114,FERROCARRIL CENTRAL ANDINO S.A.,,OTRAS EMPRESAS,,2012-A,2014-A,D,ORI
L00797,20494158427,CONSORCIO JUANJUI III,,OTRAS EMPRESAS,,2013-A,2014-A,D,ORI
L00798,20512019146,EXPORTADORA AGRICOLA ORGANICA SOCIEDAD ANONIMA CERRADA,,OTRAS EMPRESAS,,2013-A,2014-A,D,ORI
L00799,20518257723,ITALTEL PERU S.A.C.,,OTRAS EMPRESAS,,2013-A,2014-A,D,ORI
L00800,20101087566,BUREAU VERITAS DEL PERU S.A.,,OTRAS EMPRESAS,,2013-A,2014-A,D,ORI
L00801,20100898242,LABORATORIOS SMA.SAC,,OTRAS EMPRESAS,,2013-A,2014-A,D,ORI
L00802,20292132591,AMEC FOSTER WHEELER PERU S.A.,,OTRAS EMPRESAS,,2013-A,2014-A,D,ORI
L00803,20142920558,IMECON S.A.,,OTRAS EMPRESAS,,2014-A,2014-A,D,ORI
L00804,20123444656,GALLOS MARMOLERIA SA,,OTRAS EMPRESAS,,2013-A,2014-A,D,ORI
L00805,20516775280,TECHNOLOGY ENVISION PERU S.A.C.,,OTRAS EMPRESAS,,2013-A,2014-A,D,ORI
L00806,20507900021,F.F. TEXTIL S.A.C.,,OTRAS EMPRESAS,,2013-A,2014-A,D,ORI
L00807,20266596805,BLACK & DECKER DEL PERU S.A,,OTRAS EMPRESAS,,2013-A,2014-A,D,ORI
L00808,20503382742,LA LLAVE S.A.,,OTRAS EMPRESAS,,2013-A,2014-A,D,ORI
L00809,20100334381,COMINTER S.A.C.,,OTRAS EMPRESAS,,2013-A,2014-A,D,ORI
L00810,20100231817,FRANKY Y RICKY S.A.,,OTRAS EMPRESAS,,2013-A,2014-A,D,ORI
L00811,20527925682,ANDINO SOCIEDAD ANONIMA CERRADA,,OTRAS EMPRESAS,,2013-A,2014-A,D,ORI
L00812,20347764664,AUTOLAND S.A.,,OTRAS EMPRESAS,,2013-A,2014-A,D,ORI
L00813,20107916343,MOVIL TOURS S.A.,,OTRAS EMPRESAS,,2013-A,2014-A,D,ORI
L00814,20100084768,PEVISA AUTO PARTS S.A.,,OTRAS EMPRESAS,,2013-A,2014-A,D,ORI
L00815,20100038146,CONTINENTAL S.A.C.,,OTRAS EMPRESAS,,2013-A,2014-A,D,ORI
L00816,20383731705,LA VENTUROSA S.A.,,OTRAS EMPRESAS,,2013-A,2014-A,D,ORI
L00817,20520521811,AGROPECUARIA PLUMA BLANCA S.A.C.,,OTRAS EMPRESAS,,2013-A,2014-A,D,ORI
L00819,20348858182,TRANS AMERICAN AIR LINES S.A.,,OTRAS EMPRESAS,,2013-A,2014-A,D,ORI
L00820,20506626910,PICORP S.A.C.,,OTRAS EMPRESAS,,2013-A,2014-A,D,ORI
L00821,20100057523,ASCENSORES S A,,OTRAS EMPRESAS,,2013-A,2014-A,D,ORI
L00822,20100995108,CONSTRUCTORA M P M S A,,OTRAS EMPRESAS,,2013-A,2014-A,D,ORI
L00823,20502893387,INVERSIONES ARVUM SOCIEDAD ANONIMA CERRADA,,OTRAS EMPRESAS,,2013-A,2014-A,D,ORI
L00824,20100456495,POLIMETALES S.A.C.,,OTRAS EMPRESAS,,2013-A,2014-A,D,ORI
L00825,20297986130,TECNOLOGIA TEXTIL S.A.,,OTRAS EMPRESAS,,2013-A,2014-A,D,ORI
L00826,20218409041,INMOBILIARIA E INVERS. SAN FERNANDO S.A.,,OTRAS EMPRESAS,,2013-A,2013-A,D,ORI
L00827,20522783685,COMPAÑIA REFINADORA DEL PACIFICO S.A.C.,,OTRAS EMPRESAS,,2013-A,2013-A,D,ORI
L00828,20537284723,CGM RENTAL SOCIEDAD ANONIMA CERRADA,,OTRAS EMPRESAS,,2013-A,2014-A,D,ORI
L00829,20220964869,ALS PERU S.A.,,OTRAS EMPRESAS,,2013-A,2014-A,D,ORI
L00830,20509748986,CORPORACION DORE TRADING S.A.C.,,OTRAS EMPRESAS,,2013-A,2013-A,D,ORI
L00831,20101250572,CONSORCIO DE INGS EJECUTORES MINEROS S.A,,OTRAS EMPRESAS,,2013-A,2014-A,D,ORI
L00832,20258886420,ROSEN PERU S.A.,,OTRAS EMPRESAS,,2013-A,2013-A,D,ORI
L00833,20374343964,CORPORACION WAMA S.A.C.,,OTRAS EMPRESAS,,2013-A,2014-A,D,ORI
L00834,20132373524,ESPARQ CIESA CONTRATISTAS GENERALES S.A.C.,,OTRAS EMPRESAS,,2013-A,2014-A,D,ORI
L00835,20503889561,INDUSTRIAS PLASTICAS REUNIDAS S.A.C.,,OTRAS EMPRESAS,,2013-A,2014-A,D,ORI
L00836,20536088254,EMPRESA INVERSIONES MINERAS SANTA FE SAC,,OTRAS EMPRESAS,,2013-A,2013-A,D,ORI
L00837,20114022838,ARENERA JAEN S.A.C.,,OTRAS EMPRESAS,,2013-A,2014-A,D,ORI
L00838,20101260373,TECNOFARMA S A,,OTRAS EMPRESAS,,2013-A,2014-A,D,ORI
L00839,20505612753,PT MARKET S.R.L.,,OTRAS EMPRESAS,,2013-A,2014-A,D,ORI
L00840,20106758477,MANT.CONST.Y PROYECTOS GRALES S.A.C.,,OTRAS EMPRESAS,,2013-A,2013-A,D,ORI
L00841,20514607231,C&M DISTRIBUIDORES SOCIEDAD ANONIMA CERRADA,,OTRAS EMPRESAS,,2014-A,2014-A,D,ORI
L00842,20101717098,TEJIDOS JORGITO S R L,,OTRAS EMPRESAS,,2013-A,2014-A,D,ORI
L00843,20128836170,REPRESENTACIONES VARGAS S.A.,,OTRAS EMPRESAS,,2013-A,2014-A,D,ORI
L00844,20507850091,GESTION DE SERVICIOS AMBIENTALES S.A.C.,,OTRAS EMPRESAS,,2013-A,2013-A,D,ORI
L00845,20102562322,ELEODORO QUIROGA RAMOS SOCIEDAD ANONIMA CERRADA-ELEODORO QUIROGA RAMOS S.A.C.,,OTRAS EMPRESAS,,2013-A,2014-A,D,ORI
L00846,20509031500,RENTING S.A.C.,,OTRAS EMPRESAS,,2013-A,2014-A,D,ORI
L00847,20101849679,JOHE SA,,OTRAS EMPRESAS,,2013-A,2014-A,D,ORI
L00848,20483998270,INTERAMERICANA NORTE S.A.C.,,OTRAS EMPRESAS,,2013-A,2014-A,D,ORI
L00849,20476219761,EXPLORACIONES COLLASUYO S.A.C.,,OTRAS EMPRESAS,,2012-A,2013-A,D,ORI
L00851,20498107410,MOTORSUR S.A.C.,,OTRAS EMPRESAS,,2013-A,2014-A,D,ORI
L00852,20538195911,COLLANAC SOCIEDAD ANONIMA CERRADA,,OTRAS EMPRESAS,,2013-A,2013-A,D,ORI
L00854,20100084172,PROMOTORES ELECTRICOS S A,,OTRAS EMPRESAS,,2013-A,2014-A,D,ORI
L00855,20100034582,INDUSTRIAL ALPAMAYO S A,,OTRAS EMPRESAS,,2013-A,2014-A,D,ORI
L00856,20524386241,DESTILERIA LA CARAVEDO S.R.L,,OTRAS EMPRESAS,,2013-A,2014-A,D,ORI
L00857,20292391189,ENVASADORA SAN GABRIEL S.R.L. - ESG S.R.L.,,OTRAS EMPRESAS,,2013-A,2014-A,D,ORI
L00858,20101637221,HORTUS S A,,OTRAS EMPRESAS,,2013-A,2014-A,D,ORI
L00859,20544093895,ENTRETENIMIENTOS MASARIS SOCIEDAD ANONIMA CERRADA,,OTRAS EMPRESAS,,2013-A,2014-A,D,ORI
L00860,20549667504,INDUPARK S.A.C.,,OTRAS EMPRESAS,,2013-A,2014-A,D,ORI
L00861,20427799973,INVERSIONES RUBIN'S SRL,,OTRAS EMPRESAS,,2013-A,2014-A,D,ORI
L00862,20507251111,ALTOZANO DESARROLLO Y CONSTRUCCION S.A.C,,OTRAS EMPRESAS,,2013-A,2013-A,D,ORI
L00863,20178344952,CONSORCIO ELECTRICO DE VILLACURI SAC,,OTRAS EMPRESAS,,2013-A,2014-A,D,ORI
L00864,20106651087,CIA.DE EXP.Y NEGOCIOS GNRLES.S.A.(COEXA),,OTRAS EMPRESAS,,2013-A,2014-A,D,ORI
L00865,20102210728,NEGOCIACION COMERCIAL SANTA MARIA SAC,,OTRAS EMPRESAS,,2013-A,2014-A,D,ORI
L00866,20423925028,MODAS DIVERSAS DEL PERU SAC,,OTRAS EMPRESAS,,2013-A,2014-A,D,ORI
L00867,20506813868,J & B.V. DISTRIBUIDORA S.A.C.,,OTRAS EMPRESAS,,2013-A,2013-A,D,ORI
L00868,20377339461,B.BRAUN MEDICAL PERU S.A.,,OTRAS EMPRESAS,,2013-A,2014-A,D,ORI
L00869,20103365628,DISTRIBUCIONES OLANO S.A.C.,,OTRAS EMPRESAS,,2013-A,2014-A,D,ORI
L00870,20520102508,ACCENTURE PERU S.R.L.,,OTRAS EMPRESAS,,2013-A,2013-A,D,ORI
L00872,20175642341,ESTACION DE SERVICIOS SAN JOSE S.A.C.,,OTRAS EMPRESAS,,2013-A,2014-A,D,ORI
L00873,20518726146,SERVICIOS GENERALES SATURNO S.A.,,EMPRESAS EMISORAS,DIVERSOS,2013-A,2018-T4,D,"BG,ER,FE,ORI"
L00874,20513925230,SAEXPLORATION INC. SUCURSAL DEL PERU,,OTRAS EMPRESAS,,2013-A,2014-A,D,ORI
L00875,20513066431,ENVASES LOS PINOS S.A.C.,,OTRAS EMPRESAS,,2013-A,2014-A,D,ORI
L00876,20100108705,EL S A,,OTRAS EMPRESAS,,2013-A,2014-A,D,ORI
L00877,20160641810,LABORATORIOS BAGO DEL PERU S.A.,,OTRAS EMPRESAS,,2013-A,2014-A,D,ORI
L00878,20100123411,INDRA PERU S.A.,,OTRAS EMPRESAS,,2013-A,2014-A,D,ORI
L00879,20538075851,ALQUIFE LURIN S.A.C.,,OTRAS EMPRESAS,,2013-A,2014-A,D,ORI
L00880,20219719443,LA QUINTA DE LOS FABRICANTES SAC,,OTRAS EMPRESAS,,2013-A,2014-A,D,ORI
L00881,20492289532,PETROLEUM GAS COMPANY S.A.,,OTRAS EMPRESAS,,2013-A,2013-A,D,ORI
L00882,20508555629,LSA ENTERPRISES PERU S.A.C.,,OTRAS EMPRESAS,,2013-A,2014-A,D,ORI
L00883,20100712599,EPLI S.A.C.,,OTRAS EMPRESAS,,2013-A,2014-A,D,ORI
L00884,20503630827,OVERALL STRATEGY S.A.C.,,OTRAS EMPRESAS,,2013-A,2014-A,D,ORI
L00885,20136492277,INDUSTRIA GRAFICA CIMAGRAF S.A.C.,,OTRAS EMPRESAS,,2013-A,2014-A,D,ORI
L00886,20468862086,COMERCIAL ISABELITA S.A.C.,,OTRAS EMPRESAS,,2013-A,2014-A,D,ORI
L00887,20465976561,ALISUR S.A.C.,,OTRAS EMPRESAS,,2013-A,2014-A,D,ORI
L00888,20381034071,NOVOPAN PERU S.A.C.,,OTRAS EMPRESAS,,2013-A,2013-A,D,ORI
L00889,20100592160,EMSA S.A.,,OTRAS EMPRESAS,,2013-A,2013-A,D,ORI
L00890,20549521470,ODEBRECHT LATINVEST PERU S.A.C.,,OTRAS EMPRESAS,,2013-A,2014-A,D,ORI
L00891,20438563084,EDPYME ACCESO CREDITICIO SOCIEDAD ANONIMA,,OTRAS EMPRESAS,,2014-A,2014-A,F,ORI
L00892,20100904315,SEGUROC SOCIEDAD ANONIMA,,OTRAS EMPRESAS,,2013-A,2014-A,D,ORI
L00893,20522346030,EZENTIS PERU S.A.C.,,OTRAS EMPRESAS,,2013-A,2014-A,D,ORI
L00894,20296729206,AVIGAN S.A.,,OTRAS EMPRESAS,,2013-A,2014-A,D,ORI
L00895,20529464178,RUBI GAMING S.A.C,,OTRAS EMPRESAS,,2013-A,2014-A,D,ORI
L00896,20521262231,MULTIMARCAS VEGA S.A.C.,,OTRAS EMPRESAS,,2013-A,2013-A,D,ORI
L00897,20302012645,SERVICIOS DE MOLDES PLASTICOS S.A.C.,,OTRAS EMPRESAS,,2013-A,2014-A,D,ORI
L00898,20136508297,INVERSIONES CASTELO BRANCO S.A.,,OTRAS EMPRESAS,,2013-A,2014-A,D,ORI
L00899,20454276761,INGENIERIA MANTENIMIENTO CONSTRUCCION Y SERVICIOS S.A.C.-IMCO SERVICIOS S.A.C.,,OTRAS EMPRESAS,,2013-A,2014-A,D,ORI
L00900,20450497950,DON POLLO TROPICAL S.A.C.,,OTRAS EMPRESAS,,2013-A,2014-A,D,ORI
L00902,20275873480,SERVICENTRO RAMIREZ S.A.C.,,OTRAS EMPRESAS,,2013-A,2014-A,D,ORI
L00903,20102892381,DISTRIBUIDORA COMERCIAL ALVAREZ BOHL SRL,,OTRAS EMPRESAS,,2013-A,2014-A,D,ORI
L00904,20484094668,MEGAMARCAS SOCIEDAD ANONIMA CERRADA,,OTRAS EMPRESAS,,2013-A,2014-A,D,ORI
L00905,20105367407,PUNTO BLANCO S.A.C.,,OTRAS EMPRESAS,,2013-A,2014-A,D,ORI
L00906,20451060393,DON POLLO LORETO S.A.C.,,OTRAS EMPRESAS,,2013-A,2014-A,D,ORI
L00908,20517789012,GERPAL SOCIEDAD ANONIMA CERRADA - GERPAL S.A.C.,,OTRAS EMPRESAS,,2013-A,2014-A,D,ORI
L00909,20485180797,DISTRIBUIDORA EMBID S.A.C.,,OTRAS EMPRESAS,,2013-A,2014-A,D,ORI
L00910,20509629111,DISTRIMED S.A.C.,,OTRAS EMPRESAS,,2013-A,2014-A,D,ORI
L00911,20537811448,EDIFICACIONES Y CONSTRUCCIONES EL AGUSTINO S.A.C.,,OTRAS EMPRESAS,,2013-A,2014-A,D,ORI
L00912,20519098017,FORTUNA SILVER MINES PERU S.A.C.,,OTRAS EMPRESAS,,2013-A,2014-A,D,ORI
L00913,20100114187,INGENIEROS CIVILES Y CONTRATISTAS GENERALES S.A.,,EMPRESAS MERCADO INVERSIONISTA INSTITUCIONAL,DIVERSOS,2014-A,2014-A,D,ORI
L00914,20550226589,EMPRESA DE CREDITOS SANTANDER CONSUMO PERU S.A.,6599,EMPRESAS EMISORAS,FINANCIERAS,2013-A,2026-T2,"D,F","BG,ER,FE,ORI"
L00915,20515248880,SALFA PERU S.A.,,OTRAS EMPRESAS,,2013-A,2014-A,D,ORI
L00916,20100085578,REPUESTOS NUEVOS S A (RENU S A ),,OTRAS EMPRESAS,,2013-A,2014-A,D,ORI
L00917,20512201611,INDUSTRIAS ROLAND PRINT S.A.C. / INROPRIN S.A.C.,,OTRAS EMPRESAS,,2013-A,2014-A,D,ORI
L00918,20100096260,LA COLONIAL FABRICA DE HILOS S A,,OTRAS EMPRESAS,,2013-A,2014-A,D,ORI
L00919,20101029442,INCOT S.A.C. CONTRATISTAS GENERALES,,OTRAS EMPRESAS,,2013-A,2014-A,D,ORI
L00920,20387887289,CASA CHICA S.A.C.,,OTRAS EMPRESAS,,2013-A,2014-A,D,ORI
L00921,20507999051,SALFA MONTAJES S.A.,,OTRAS EMPRESAS,,2013-A,2014-A,D,ORI
L00925,20514217107,INVERSIONES TENERIFE SAC,,OTRAS EMPRESAS,,2013-A,2014-A,D,ORI
L00926,20109346722,CIFARMA S.A.,,OTRAS EMPRESAS,,2013-A,2014-A,D,ORI
L00927,20100131863,RENA WARE DEL PERU S A,,OTRAS EMPRESAS,,2012-A,2014-A,D,ORI
L00928,20516556561,NEOGAS PERU SOCIEDAD ANONIMA,,OTRAS EMPRESAS,,2013-A,2013-A,D,ORI
L00929,20173074108,SNC LAVALIN PERU S.A.,,OTRAS EMPRESAS,,2013-A,2014-A,D,ORI
L00930,20100151112,TUBOS Y PERFILES METALICOS SA,,OTRAS EMPRESAS,,2013-A,2013-A,D,ORI
L00931,20502436563,RODRIGO Y ASOCIADOS S.A.C.,,OTRAS EMPRESAS,,2013-A,2013-A,D,ORI
L00933,20520718100,ELECTROTIENDAS DEL PERU S.A.C.,,OTRAS EMPRESAS,,2013-A,2014-A,D,ORI
L00934,20517932346,TUBERIAS Y GEOSISTEMAS DEL PERU SA - TUBERIAS Y GEOS S.A,,OTRAS EMPRESAS,,2013-A,2014-A,D,ORI
L00935,20515701622,CONSTRUTEK S.A.,,OTRAS EMPRESAS,,2013-A,2013-A,D,ORI
L00936,20231843460,COSTA DEL SOL S A,,OTRAS EMPRESAS,,2013-A,2014-A,D,ORI
L00937,20513536845,PMP CONSULTORIA Y ESTRATEGIA SOCIEDAD ANONIMA CERRADA,,OTRAS EMPRESAS,,2013-A,2014-A,D,ORI
L00938,20425954114,SIGRAL S.A.,,OTRAS EMPRESAS,,2013-A,2013-A,D,ORI
L00939,20484251861,PRODUCTORA ANDINA DE CONGELADOS S.R.L.,,OTRAS EMPRESAS,,2013-A,2014-A,D,ORI
L00940,20537080133,TRANSMISORA ELECTRICA DEL SUR S.A.,,OTRAS EMPRESAS,,2013-A,2014-A,D,ORI
L00941,20140441083,TIRE SOL S.A.C.,,OTRAS EMPRESAS,,2013-A,2014-A,D,ORI
L00942,20479813877,PROMOTORA Y SERVICIOS LAMBAYEQUE SOCIEDAD ANONIMA CERRADA,,OTRAS EMPRESAS,,2013-A,2014-A,D,ORI
L00943,20550878659,ODEBRECHT LATINVEST OPERACIONES Y MANTENIMIENTO S.A.C.,,OTRAS EMPRESAS,,2013-A,2014-A,D,ORI
L00944,20537464543,DESARROLLO VIAL DE LOS ANDES S.A.C.,,OTRAS EMPRESAS,,2012-A,2014-A,D,ORI
L00945,20380632943,POLIMASTER S.A.C.,,OTRAS EMPRESAS,,2013-A,2014-A,D,ORI
L00946,20550372640,RUTAS DE LIMA S.A.C.,,OTRAS EMPRESAS,,2013-A,2014-A,D,ORI
L00947,20297566866,PETRAMAS S.A.C.,,OTRAS EMPRESAS,,2013-A,2014-A,D,ORI
L00948,20102297581,CONSTRUCTORA MALAGA HNOS S.A.,,OTRAS EMPRESAS,,2013-A,2014-A,D,ORI
L00949,20392923277,SCANIA SERVICES DEL PERU S.A,,OTRAS EMPRESAS,,2013-A,2014-A,D,ORI
L00950,20100372551,PMP HOLDING S.A.,,OTRAS EMPRESAS,,2013-A,2014-A,D,ORI
L00951,20510874537,INMOBILIARIA AMERICAN GROUP S.A.,,OTRAS EMPRESAS,,2013-A,2014-A,D,ORI
L00952,20110963875,NEUMA PERU CONTRATISTAS GENERALES S.A.C.,,OTRAS EMPRESAS,,2013-A,2014-A,D,ORI
L00953,20100202396,AUTRISA AUTOMOTRIZ ANDINA S.A.,,OTRAS EMPRESAS,,2013-A,2014-A,D,ORI
L00954,20522088073,DUPREE VENTA DIRECTA S.A.,,OTRAS EMPRESAS,,2013-A,2014-A,D,ORI
L00957,20544695861,INVERSIONES JRPR S.A.,2694,OTRAS EMPRESAS,,2012-A,2025-T3,D,"BG,ER,FE,ORI"
L00958,20517898733,MEGA GOLD EIRL,,OTRAS EMPRESAS,,2013-A,2013-A,D,ORI
L00959,20513023201,MINERA AQM COPPER PERU S.A.C.,,OTRAS EMPRESAS,,2012-A,2014-A,D,ORI
L00960,20543738302,BOZOVICH SOCIEDAD ANONIMA CERRADA - BOZOVICH S.A.C.,,OTRAS EMPRESAS,,2013-A,2014-A,D,ORI
L00962,20492392031,PERU MASIVO S.A.,,OTRAS EMPRESAS,,2013-A,2014-A,D,ORI
L00963,20517272583,PESQUERA CARAL S.A.,,OTRAS EMPRESAS,,2012-A,2014-A,D,ORI
L00964,20318171701,J.CH.COMERCIAL S.A.,,OTRAS EMPRESAS,,2013-A,2014-A,D,ORI
L00965,20502445805,WARI SERVICE SOCIEDAD ANONIMA CERRADA-WARI SERVICE S.A.C,,OTRAS EMPRESAS,,2013-A,2014-A,D,ORI
L00966,20451871286,NATUCULTURA S.A,,OTRAS EMPRESAS,,2014-A,2014-A,D,ORI
L00969,20538837611,COMPAÑIA MINERA ZAFRANAL S.A.C.,,OTRAS EMPRESAS,,2012-A,2014-A,D,ORI
L00970,20265733515,ACEROS Y TECHOS S.A.,,OTRAS EMPRESAS,,2013-A,2013-A,D,ORI
L00971,20106785288,PROMOTORA DE TURISMO NUEVO MUNDO S.A.C.,,OTRAS EMPRESAS,,2013-A,2014-A,D,ORI
L00972,20470393719,PORTALIA SOCIEDAD ANONIMA,,OTRAS EMPRESAS,,2013-A,2013-A,D,ORI
L00973,20502656334,MINERA PARAISO SOCIEDAD ANONIMA CERRADA,,OTRAS EMPRESAS,,2013-A,2014-A,D,ORI
L00974,20267178331,NEXUS TECHNOLOGY S.A.C.,,OTRAS EMPRESAS,,2013-A,2014-A,D,ORI
L00975,20511130124,INTERSUR CONCESIONES S.A.,,OTRAS EMPRESAS,,2013-A,2014-A,D,ORI
L00977,20136836545,ARDILES IMPORT S.A.C.,,OTRAS EMPRESAS,,2013-A,2014-A,D,ORI
L00978,20307235545,EDICIONES COREFO S.A.C.,,OTRAS EMPRESAS,,2013-A,2014-A,D,ORI
L00979,20508126698,"MUÑIZ,RAMIREZ,PEREZ -TAIMAN & OLAYA S.C.R. LTDA",,OTRAS EMPRESAS,,2013-A,2014-A,D,ORI
L00981,20516390060,CLASEM SAC,,OTRAS EMPRESAS,,2013-A,2014-A,D,ORI
L00982,20519227356,EOM GRUPO S.A.,,OTRAS EMPRESAS,,2013-A,2014-A,D,ORI
L00983,20478058137,INMOBILIARIA PUERTA DEL SOL S.A.,,OTRAS EMPRESAS,,2013-A,2014-A,D,ORI
L00984,20513188626,BREXIA GOLDPLATA PERU S.A.C.,,OTRAS EMPRESAS,,2013-A,2013-A,D,ORI
L00985,20437544248,EMPRESA DE CREDITO ALTERNATIVA,6419,EMPRESAS MERCADO ALTERNATIVO DE VALORES,FINANCIERAS,2014-A,2025-A,F,"BG,ER,FE,ORI"
L00986,20280300021,TRANSPORTES JUPITER SRL,,OTRAS EMPRESAS,,2013-A,2014-A,D,ORI
L00987,20424580237,INVERSIONES MARTINEZ & CHIHUANTITO S.R.L,,OTRAS EMPRESAS,,2013-A,2013-A,D,ORI
L00988,20100725658,CERRADURAS NACIONALES S.A.C.,,OTRAS EMPRESAS,,2013-A,2014-A,D,ORI
L00989,20517048438,CONSTRUCCIONES E INMUEBLES S.A.C.,,OTRAS EMPRESAS,,2013-A,2014-A,D,ORI
L00990,20545739284,CIBERTEC PERU S.A.C.,,OTRAS EMPRESAS,,2013-A,2014-A,D,ORI
L00991,20552714378,COSAPI MINERIA S.A.C.,,OTRAS EMPRESAS,,2013-A,2014-A,D,ORI
L00992,20432280056,CIUDARIS CONSULTORES INMOBILIARIOS S.A.,,EMPRESAS MERCADO ALTERNATIVO DE VALORES,DIVERSOS,2013-A,2017-A,D,"BG,ER,FE,ORI"
L00993,20100011884,CERTIFICACIONES DEL PERU S A CERPER,,OTRAS EMPRESAS,,2013-A,2014-A,D,ORI
L00994,20506285586,SCHICK & ENERGIZER PERU SA,,OTRAS EMPRESAS,,2013-A,2013-A,D,ORI
L00995,20100331285,ILENDER PERU S.A,,OTRAS EMPRESAS,,2013-A,2014-A,D,ORI
L00997,20519305098,INKAFERRO PERÚ S.A.C.,,OTRAS EMPRESAS,,2013-A,2013-A,D,ORI
L00998,20215276024,UNIVERSIDAD PRIVADA DEL NORTE SAC,,OTRAS EMPRESAS,,2013-A,2014-A,D,ORI
L00999,20255361695,LABORATORIOS AMERICANOS S.A.,,OTRAS EMPRESAS,,2013-A,2013-A,D,ORI
L01000,20553874867,NG PET INVESTMENT I S.A.C.,,OTRAS EMPRESAS,,2013-A,2013-A,D,ORI
L01001,20512415840,FONDO DE INVERSIONES DIVERSIFICADAS SOCIEDAD ANONIMA FODINSA,,OTRAS EMPRESAS,,2013-A,2014-A,D,ORI
L01002,20100097746,SANTIAGO QUEIROLO S.A.C.,,OTRAS EMPRESAS,,2013-A,2013-A,D,ORI
L01003,20512009345,CONSTRUCTORA PANORAMA S.A.,,OTRAS EMPRESAS,,2013-A,2014-A,D,ORI
L01004,20545341248,ODEBRECHT ENERGIA DEL PERU S.A.,,OTRAS EMPRESAS,,2013-A,2014-A,D,ORI
L01005,20101391397,COMERCIAL INDUSTRIAL DELTA S A CIDELSA,,OTRAS EMPRESAS,,2013-A,2014-A,D,ORI
L01006,20513632569,MARINAZUL S.A.,,OTRAS EMPRESAS,,2013-A,2013-A,D,ORI
L01007,20194627492,INDUSTRIA DE GRASAS Y ACEITES SA,,OTRAS EMPRESAS,,2013-A,2014-A,D,ORI
L01008,20339687952,AGUAS Y ENERGIA PERU S.A.,,OTRAS EMPRESAS,,2013-A,2014-A,D,ORI
L01009,20513857218,MINERA CONFIANZA S.A.C.,,OTRAS EMPRESAS,,2013-A,2014-A,D,ORI
L01011,20515774182,CORPORATION INTHERPHARMA SOCIEDAD ANONIMA CERRADA,,OTRAS EMPRESAS,,2013-A,2014-A,D,ORI
L01012,20258908849,CONFIPERU S.A.,,OTRAS EMPRESAS,,2013-A,2014-A,D,ORI
L01013,20100132592,TOYOTA DEL PERU S A,,OTRAS EMPRESAS,,2013-A,2014-A,D,ORI
L01014,20505880171,RED DE COMBUSTIBLES LIQUIDOS S.A.C.,,OTRAS EMPRESAS,,2013-A,2014-A,D,ORI
L01015,20100171229,PROCESADORA DE ALIMENTOS TI-CAY S.R.L.,,OTRAS EMPRESAS,,2013-A,2014-A,D,ORI
L01016,20256602343,BRAGAGNINI CONSTRUCTORES S.A.C.,,OTRAS EMPRESAS,,2013-A,2014-A,D,ORI
L01017,20532145415,KS DEPOR S.A.,,OTRAS EMPRESAS,,2013-A,2014-A,D,ORI
L01018,20136341066,SEDACHIMBOTE S.A.,,OTRAS EMPRESAS,,2013-A,2014-A,D,ORI
L01019,20513189606,PRODUCTOS EXCLUSIVOS PERU E.I.R.L.,,OTRAS EMPRESAS,,2013-A,2013-A,D,ORI
L01020,20100281245,QUIMICA ANDERS SAC,,OTRAS EMPRESAS,,2013-A,2014-A,D,ORI
L01021,20548527113,DERCOCENTER S.A.C.,,OTRAS EMPRESAS,,2013-A,2014-A,D,ORI
L01023,20509209767,FALUMSA SOCIEDAD COMERCIAL DE RESPONSABILIDAD LIMITADA - FALUMSA SRL,,OTRAS EMPRESAS,,2013-A,2013-A,D,ORI
L01024,20544229118,PLANTA DE RESERVA FRIA DE GENERACION DE ETEN S.A.,,OTRAS EMPRESAS,,2013-A,2014-A,D,ORI
L01025,20175140591,COLPEX INTERNATIONAL S.A.C.,,OTRAS EMPRESAS,,2013-A,2014-A,D,ORI
L01026,20347646891,LOGISTICA INTEGRAL CALLAO S.A. LICSA,,OTRAS EMPRESAS,,2013-A,2014-A,D,ORI
L01027,20254134318,PRORECOVE S.A.C.,,OTRAS EMPRESAS,,2013-A,2014-A,D,ORI
L01028,20502503180,NIISA CORPORATION S.A.,,OTRAS EMPRESAS,,2013-A,2014-A,D,ORI
L01029,20101461786,MOTOREX S A,,OTRAS EMPRESAS,,2013-A,2014-A,D,ORI
L01031,20523833589,CSI RENTING PERU S.A.C.,,OTRAS EMPRESAS,,2013-A,2014-A,D,ORI
L01032,20383929050,YAMAHA MOTOR DEL PERU S.A.,,OTRAS EMPRESAS,,2013-A,2014-A,D,ORI
L01033,20100065038,RESINPLAST S.A.,,OTRAS EMPRESAS,,2013-A,2013-A,D,ORI
L01034,20514689700,RESINPLAST HOLDING S.A.C.,,OTRAS EMPRESAS,,2013-A,2014-A,D,ORI
L01035,20294448544,CEMENTO Y ACERO SAC,,OTRAS EMPRESAS,,2013-A,2013-A,D,ORI
L01036,20546183107,CONSORCIO ALTA MODA S.R.L.,,OTRAS EMPRESAS,,2013-A,2013-A,D,ORI
L01037,20518938241,PESQUERA PORTOBELO S.A.C.,,OTRAS EMPRESAS,,2012-A,2014-A,D,ORI
L01038,20518938755,PESQUERA NYASSA SAC,,OTRAS EMPRESAS,,2013-A,2013-A,D,ORI
L01039,20519403693,INMOBILIARIA GENEVA S.A.C.,,OTRAS EMPRESAS,,2013-A,2014-A,D,ORI
L01040,20511313717,MEGAPACK GROUP SOCIEDAD ANONIMA CERRADA,,OTRAS EMPRESAS,,2013-A,2013-A,D,ORI
L01042,20504963927,CALSA PERU S.A.C.,,OTRAS EMPRESAS,,2013-A,2014-A,D,ORI
L01044,20536925245,SOUTH AMERICAN DRILLING S. A. C.,,OTRAS EMPRESAS,,2013-A,2014-A,D,ORI
L01045,20525757961,SDE PIURA SAC,,OTRAS EMPRESAS,,2013-A,2014-A,D,ORI
L01046,20495673911,EL QUINDE SHOPPING PLAZA SAC,,OTRAS EMPRESAS,,2013-A,2014-A,D,ORI
L01048,20504732950,PACK SOLUTIONS S.A.C.,,OTRAS EMPRESAS,,2013-A,2014-A,D,ORI
L01049,20502625706,PESQUERA NINFAS DEL MAR S.A.C,,OTRAS EMPRESAS,,2013-A,2014-A,D,ORI
L01050,20512817999,INMOBILIARIA EL QUINDE S.A.C.,,OTRAS EMPRESAS,,2013-A,2014-A,D,ORI
L01051,20284526911,PESQUERA ISA SRLTDA,,OTRAS EMPRESAS,,2013-A,2014-A,D,ORI
L01052,20502772831,EKIMED SOCIEDAD ANONIMA CERRADA - EKIMED S.A.C.,,OTRAS EMPRESAS,,2013-A,2014-A,D,ORI
L01053,20508873914,FIBRAFIL S.A.,,OTRAS EMPRESAS,,2013-A,2014-A,D,ORI
L01054,20101414940,INDUSTRIAS EL CISNE S.A.C.,,OTRAS EMPRESAS,,2013-A,2014-A,D,ORI
L01055,20101371523,STIGLICH TRANSPORTES S.A.,,OTRAS EMPRESAS,,2013-A,2014-A,D,ORI
L01056,20524238480,INVERSIONES RER S.A.,,OTRAS EMPRESAS,,2014-A,2014-A,D,ORI
L01057,20524321620,INVERSIONES LOGISTICAS DEL PERU S.A.,,OTRAS EMPRESAS,,2013-A,2014-A,D,ORI
L01058,20505598408,CELLMARK PERU S.A.C.,,OTRAS EMPRESAS,,2013-A,2014-A,D,ORI
L01059,20508108282,GARMENT INDUSTRIES S.A.C.,,OTRAS EMPRESAS,,2012-A,2012-A,D,ORI
L01060,20511706018,TELECOM INFRASTRUCTURE HARDWARE S.R.L.,,OTRAS EMPRESAS,,2013-A,2013-A,D,ORI
L01061,20517855929,INVERSIONES MAJE SOCIEDAD ANONIMA - INVERSIONES MAJE,,OTRAS EMPRESAS,,2013-A,2014-A,D,ORI
L01062,20101155405,PERU FASHIONS S.A.C.,,OTRAS EMPRESAS,,2013-A,2014-A,D,ORI
L01063,20330511401,JUNEFIELD GROUP S.A.,,OTRAS EMPRESAS,,2013-A,2013-A,D,ORI
L01064,20502435672,SILVATEAM PERU S.A.C.,,OTRAS EMPRESAS,,2013-A,2013-A,D,ORI
L01065,20522061035,EXPORTADORA ROMEX S.A.,,OTRAS EMPRESAS,,2013-A,2014-A,D,ORI
L01068,20492438635,MERCURIUS S.A.C.,,OTRAS EMPRESAS,,2013-A,2013-A,D,ORI
L01069,20100148162,CIA DE SEGURIDAD PROSEGUR S A,,OTRAS EMPRESAS,,2014-A,2014-A,D,ORI
L01070,20512041826,GIRALDO CONSULTORES S.A.C.,,OTRAS EMPRESAS,,2013-A,2014-A,D,ORI
L01071,20267086487,SAN JOSE CONSTRUCTORA PERU S.A.,,OTRAS EMPRESAS,,2013-A,2014-A,D,ORI
L01072,20416191809,MADERAS Y SINTETICOS DEL PERU S.A.C.,,OTRAS EMPRESAS,,2013-A,2014-A,D,ORI
L01073,20538667359,CONSORCIO AGROPECUARIO SEÑOR DE LUREN S.A.C.,,OTRAS EMPRESAS,,2013-A,2013-A,D,ORI
L01074,20492262685,SHEN PE RESOURCES INVESTMENT S.A.C.,,OTRAS EMPRESAS,,2013-A,2013-A,D,ORI
L01076,20545987008,INVERSIONES HUARAL S.A.C,,OTRAS EMPRESAS,,2013-A,2013-A,D,ORI
L01078,20389095339,D.L.F. MEDINA RIVERA S.A.,,OTRAS EMPRESAS,,2014-A,2014-A,D,ORI
L01079,20397320171,DISTRIBUIDORA NUGENT S.A,,OTRAS EMPRESAS,,2013-A,2014-A,D,ORI
L01080,20520694910,TOTAL GENIUS IRON MINING S.A.C.,,OTRAS EMPRESAS,,2013-A,2013-A,D,ORI
L01082,20506866473,DONGBU DAEWOO ELECTRONICS CORPORATION PERU S.A.C.,,OTRAS EMPRESAS,,2013-A,2013-A,D,ORI
L01083,20438933272,TRANSPORTES LINEA S.A.,,OTRAS EMPRESAS,,2013-A,2014-A,D,ORI
L01084,20467463684,HEAP LEACHING CONSULTING S.A.C,,OTRAS EMPRESAS,,2013-A,2014-A,D,ORI
L01085,20536924869,SOUTH AMERICAN ADMINISTRATION S. A. C.,,OTRAS EMPRESAS,,2014-A,2014-A,D,ORI
L01086,20512081372,'NEGOCIACION KIO' SOCIEDAD ANONIMA CERRADA,,OTRAS EMPRESAS,,2013-A,2013-A,D,ORI
L01087,20503141389,ELECTRO FERRO CENTRO S.A.C. - EFC SAC,,OTRAS EMPRESAS,,2013-A,2014-A,D,ORI
L01088,20481231559,LACTEA S.A,,OTRAS EMPRESAS,,2013-A,2014-A,D,ORI
L01090,20425252608,TEXTIL OCEANO S.A.C.,,OTRAS EMPRESAS,,2013-A,2014-A,D,ORI
L01091,20522601757,TEJILINDA SAC,,OTRAS EMPRESAS,,2013-A,2013-A,D,ORI
L01092,20550849551,LARI CONTRATISTAS S.A.C.,,EMPRESAS MERCADO ALTERNATIVO DE VALORES,DIVERSOS,2013-A,2022-A,D,"BG,ER,FE,ORI"
L01093,20101949461,INMOBILIARIA OSIRIS S.A.,,OTRAS EMPRESAS,,2013-A,2014-A,D,ORI
L01096,20137117712,COMPAÑIA MOLINERA DEL CENTRO S.A./CIA. MOLINERA DEL CENTRO S.A.,,OTRAS EMPRESAS,,2013-A,2014-A,D,ORI
L01097,20376641466,MONSANTO PERU S.A.,,OTRAS EMPRESAS,,2013-A,2014-A,D,ORI
L01099,20553617627,SERVICIO EDUCATIVO EMPRESARIAL S.A.C.,,OTRAS EMPRESAS,,2014-A,2014-A,D,ORI
L01101,20506883301,CMT DEL SUR SAC,,OTRAS EMPRESAS,,2013-A,2014-A,D,ORI
L01102,20376729126,SOUTHERN TEXTILE NETWORK S.A.C.,,OTRAS EMPRESAS,,2013-A,2014-A,D,ORI
L01103,20418354781,ANIXTER PERU S.A.C.,,OTRAS EMPRESAS,,2013-A,2013-A,D,ORI
L01104,20297182456,SNACKS AMERICA LATINA S.R.L.,,OTRAS EMPRESAS,,2013-A,2013-A,D,ORI
L01108,20100083877,CORPORACION MIYASATO S.A.C.,,OTRAS EMPRESAS,,2013-A,2014-A,D,ORI
L01109,20530897983,PERU PRODUCTOS AGRICOLAS SAC,,OTRAS EMPRESAS,,2014-A,2014-A,D,ORI
L01110,20550033519,CONCESIONARIA PERUANA DE VIAS-COVINCA S.A.,,OTRAS EMPRESAS,,2014-A,2014-A,D,ORI
L01112,20254300188,TECK PERU S.A.,,OTRAS EMPRESAS,,2013-A,2014-A,D,ORI
L01113,20100166730,VIPLASTIC PERU S A,,OTRAS EMPRESAS,,2014-A,2014-A,D,ORI
L01114,20109980855,GRIFO DENNIS S.A.C.,,OTRAS EMPRESAS,,2014-A,2014-A,D,ORI
L01115,20378813761,BRISTOL-MYERS SQUIBB PERU S.A.,,OTRAS EMPRESAS,,2014-A,2014-A,D,ORI
L01116,20511922578,NAVIERA PETRAL S.A.,,OTRAS EMPRESAS,,2014-A,2014-A,D,ORI
L01117,20107209825,CORPORACION DE CEREALES S.A.C.,,OTRAS EMPRESAS,,2014-A,2014-A,D,ORI
L01118,20100080932,YOHERSA YOSHIMOTO HERMANOS S.A.C.,,OTRAS EMPRESAS,,2014-A,2014-A,D,ORI
L01119,20100349061,OMNIA MEDICA SOCIEDAD ANONIMA CERRADA,,OTRAS EMPRESAS,,2014-A,2014-A,D,ORI
L01120,20505561318,INVERSIONES HOLDING PERU SOCIEDAD ANONIMA CERRADA,,OTRAS EMPRESAS,,2014-A,2014-A,D,ORI
L01121,20303972821,INVERSIONES BRADE S.A,,OTRAS EMPRESAS,,2014-A,2014-A,D,ORI
L01122,20279189133,ICA PACIFIC S.A.,,OTRAS EMPRESAS,,2014-A,2014-A,D,ORI
L01123,20104902864,EXPORTADORA FRUTICOLA DEL SUR SA,,OTRAS EMPRESAS,,2014-A,2014-A,D,ORI
L01124,20512293639,CORPORACION MG SOCIEDAD ANONIMA CERRADA,,OTRAS EMPRESAS,,2014-A,2014-A,D,ORI
L01125,20536935712,GMG COMERCIAL PERU S.A.,,OTRAS EMPRESAS,,2014-A,2014-A,D,ORI
L01126,20556295876,ABY CONCESSIONS PERU S.A.,,OTRAS EMPRESAS,,2014-A,2014-A,D,ORI
L01127,20492912302,SUPERMAQ SOCIEDAD ANONIMA CERRADA - SUPERMAQ S.A.C.,,OTRAS EMPRESAS,,2014-A,2014-A,D,ORI
L01129,20515019422,COMPAÑIA DE EXPLORACIONES ORION S.A.C.,,OTRAS EMPRESAS,,2014-A,2014-A,D,ORI
L01130,20517668657,RD RENTAL SOCIEDAD ANONIMA CERRADA,,OTRAS EMPRESAS,,2014-A,2014-A,D,ORI
L01131,20103795631,EMP REG DE SERV PUBLICO DE ELECTRICIDAD,,OTRAS EMPRESAS,,2013-A,2014-A,D,ORI
L01132,20563229226,DI PROPIEDADES S.A.,,OTRAS EMPRESAS,,2014-A,2014-A,D,ORI
L01133,20102154046,INDUSTRIAS ALIMENTARIAS S.A.C.,,OTRAS EMPRESAS,,2014-A,2014-A,D,ORI
L01134,20541770039,APROFERROL S.A.,,OTRAS EMPRESAS,,2014-A,2014-A,D,ORI
L01135,20552691734,SAPISCO COMERCIAL S.A.C.,,OTRAS EMPRESAS,,2014-A,2014-A,D,ORI
L01136,20101098681,PROMOTORA ASISTENCIAL S.A.C CLINICA LIMATAMBO - PROMOSA SAC CLINICA LIMATAMBO,,OTRAS EMPRESAS,,2014-A,2014-A,D,ORI
L01138,20334403166,SPECIAL BOOK SERVICES S.A.,,OTRAS EMPRESAS,,2014-A,2014-A,D,ORI
L01139,20101082840,ABUGATTAS & PERATA INTERNACIONAL S.A.C.,,OTRAS EMPRESAS,,2014-A,2014-A,D,ORI
L01140,20433469039,INDUMOTORA DEL PERU S.A.,,OTRAS EMPRESAS,,2014-A,2014-A,D,ORI
L01141,20431062870,COMEXA COMERCIALIZADORA EXTRANJERA S.A. SUCURSAL DEL PERU,,OTRAS EMPRESAS,,2014-A,2014-A,D,ORI
L01142,20509203050,INGENIERIA EN CARTONES Y PAPELES S.A.C,,OTRAS EMPRESAS,,2014-A,2014-A,D,ORI
L01146,20462262087,SAINT - GOBAIN PERU S.A.,,OTRAS EMPRESAS,,2014-A,2014-A,D,ORI
L01147,20102890508,EPPO SOCIEDAD ANONIMA,,OTRAS EMPRESAS,,2014-A,2014-A,D,ORI
L01148,20101009255,INVERSIONES REPUBLICA S.A.,,OTRAS EMPRESAS,,2014-A,2014-A,D,ORI
L01150,20503381771,NEGOCIACION AGRICOLA JAYANCA S.A.,,OTRAS EMPRESAS,,2014-A,2014-A,D,ORI
L01151,20253768119,UNIMED DEL PERU SOCIEDAD ANONIMA,,OTRAS EMPRESAS,,2014-A,2014-A,D,ORI
L01152,20521137682,AMAZONAS TRADING PERU S.A.C.,,OTRAS EMPRESAS,,2014-A,2014-A,D,ORI
L01153,20507659463,PESQUERA NIROCI SOCIEDAD ANONIMA CERRADA,,OTRAS EMPRESAS,,2014-A,2014-A,D,ORI
L01154,20518153278,PREFABRICADOS ANDINOS PERU S.A.C.,,OTRAS EMPRESAS,,2014-A,2014-A,D,ORI
L01155,20101636411,RADIADORES FORTALEZA S.A.,,OTRAS EMPRESAS,,2014-A,2014-A,D,ORI
L01156,20565868226,LTZ RESOURCES S.A.,,OTRAS EMPRESAS,,2014-A,2014-A,D,ORI
L01157,20554062785,GLENCORE PERU HOLDING S.A.,,OTRAS EMPRESAS,,2014-A,2014-A,D,ORI
L01159,20486229684,SUN INVERSIONES SOCIEDAD ANONIMA CERRADA,,OTRAS EMPRESAS,,2014-A,2014-A,D,ORI
L01160,20544884329,ALV TRADING S.A.,,OTRAS EMPRESAS,,2014-A,2014-A,D,ORI
L01161,20418650916,TUMI CONTRATISTAS MINEROS S.A.C,,OTRAS EMPRESAS,,2014-A,2014-A,D,ORI
L01162,20503180449,PEVOEX CONTRATISTAS S.A.C.,,OTRAS EMPRESAS,,2014-A,2014-A,D,ORI
L01163,20538492028,TOP COMERCIALIZADORA Y DISTRIBUIDORA S.A.C.,,OTRAS EMPRESAS,,2014-A,2014-A,D,ORI
L01164,20512110810,AMERICAN MOLDS S.A.C.,,OTRAS EMPRESAS,,2014-A,2014-A,D,ORI
L01165,20508956020,TRANSTOTAL AGENCIA MARITIMA S.A.,,OTRAS EMPRESAS,,2014-A,2014-A,D,ORI
L01166,20522228347,ISEG PERU S.A.C.,,OTRAS EMPRESAS,,2014-A,2014-A,D,ORI
L01167,20492204995,LA QUINTA MONTAÑA INVERSIONES S.A.C.,,OTRAS EMPRESAS,,2014-A,2014-A,D,ORI
L01168,20100052564,GULDA & CIA S.A.C.,,OTRAS EMPRESAS,,2014-A,2014-A,D,ORI
L01169,20470526379,ABERCROMBIE & KENT PERU S.A.C.,,OTRAS EMPRESAS,,2014-A,2014-A,D,ORI
L01170,20505370130,TERRACARGO SOCIEDAD ANONIMA CERRADA,,OTRAS EMPRESAS,,2014-A,2014-A,D,ORI
L01171,20454133146,G & T S.A.C.,,OTRAS EMPRESAS,,2014-A,2014-A,D,ORI
L01172,20101914080,SERVICIOS BANCARIOS COMPARTIDOS S A,,OTRAS EMPRESAS,,2014-A,2014-A,D,ORI
L01173,20106522783,INVERSIONES VETERINARIAS S.A.,,OTRAS EMPRESAS,,2014-A,2014-A,D,ORI
L01174,20100121043,FILTROS LYS S.A.,,OTRAS EMPRESAS,,2014-A,2014-A,D,ORI
L01175,20512222022,INVERSIONES LAS TRES PIRAMIDES S.A.C.,,OTRAS EMPRESAS,,2014-A,2014-A,D,ORI
L01176,20515657119,ADMINISTRADORA DE SERVICIOS Y ASOCIADOS S.A.C.,,OTRAS EMPRESAS,,2014-A,2014-A,D,ORI
L01177,20505364164,GEOBAR S.A.,,OTRAS EMPRESAS,,2014-A,2014-A,D,ORI
L01178,20520596233,STRATTON PERU S.A.,,OTRAS EMPRESAS,,2014-A,2014-A,D,ORI
L01179,20259661553,ANTALIS PERU SA,,OTRAS EMPRESAS,,2014-A,2014-A,D,ORI
L01180,20358000348,CORRALES INGENIEROS S.R.L.,,OTRAS EMPRESAS,,2014-A,2014-A,D,ORI
L01181,20172976434,MULTIMPEX S.A.,,OTRAS EMPRESAS,,2014-A,2014-A,D,ORI
L01182,20511763755,PANAMERICAN INTERNATIONAL GAMING SOCIEDAD ANONIMA,,OTRAS EMPRESAS,,2014-A,2014-A,D,ORI
L01183,20108018772,DECORLUX S.A.C.,,OTRAS EMPRESAS,,2014-A,2014-A,D,ORI
L01184,20502765206,'MINERA TAURO S.A.C.',,OTRAS EMPRESAS,,2014-A,2014-A,D,ORI
L01185,20106903230,WESTERN UNION PERU S.A.,,OTRAS EMPRESAS,,2014-A,2014-A,D,ORI
L01186,20551030971,GRANOS PERUANOS DEL NORTE S.A.,,OTRAS EMPRESAS,,2014-A,2014-A,D,ORI
L01187,20369955561,G & R CONTRATISTAS GENERALES DEL PERU S.A.C.,,OTRAS EMPRESAS,,2014-A,2014-A,D,ORI
L01188,20112352041,DOCSA SOCIEDAD ANONIMA CERRADA,,OTRAS EMPRESAS,,2014-A,2014-A,D,ORI
L01189,20509905917,ENERGROUP S.A.,,OTRAS EMPRESAS,,2014-A,2014-A,D,ORI
L01190,20114759733,INDUSTRIAS ALIMENTICIAS CUSCO S.A.,,OTRAS EMPRESAS,,2014-A,2014-A,D,ORI
L01191,20544206410,CLINICA LA MERCED S.A.C.,,OTRAS EMPRESAS,,2014-A,2014-A,D,ORI
L01192,20101078061,OPALO S A,,OTRAS EMPRESAS,,2014-A,2014-A,D,ORI
L01193,20164563066,SAN FELIPE EXPRES'S S.A.,,OTRAS EMPRESAS,,2014-A,2014-A,D,ORI
L01194,20498513086,CEMENTOS OTORONGO S.A.C.,,OTRAS EMPRESAS,,2014-A,2014-A,D,ORI
L01195,20100416949,METAL TECNICA S A,,OTRAS EMPRESAS,,2014-A,2014-A,D,ORI
L01196,20555286831,TRAFIGURA PERU SOCIEDAD ANONIMA CERRADA - TRAFIGURA PERU S.A.C.,,OTRAS EMPRESAS,,2014-A,2014-A,D,ORI
L01197,20536878573,GASES DEL PACIFICO S.A.C.,,OTRAS EMPRESAS,,2014-A,2014-A,D,ORI
L01198,20512217533,MASTERCOL S.A.,,OTRAS EMPRESAS,,2014-A,2014-A,D,ORI
L01199,20376006361,INVERSIONES LOS ROSALES S.A.,,OTRAS EMPRESAS,,2014-A,2014-A,D,ORI
L01200,20530553541,MOLINOS CALCAREOS S.A.C.,,OTRAS EMPRESAS,,2014-A,2014-A,D,ORI
L01201,20498150421,TEXAO LANAS S.A.C.,,OTRAS EMPRESAS,,2014-A,2014-A,D,ORI
L01202,20557410008,METRO DE LIMA LINEA 2 S.A.,,OTRAS EMPRESAS,,2014-A,2014-A,D,ORI
L01203,20515033841,CARESTREAM HEALTH PERU S.A.C.,,OTRAS EMPRESAS,,2014-A,2014-A,D,ORI
L01204,20132108294,FABRICACIONES METALICAS CARRANZA S.A.C.,,OTRAS EMPRESAS,,2014-A,2014-A,D,ORI
L01205,20502561384,TRANSCORP INDUSTRIAL S.A.C.,,OTRAS EMPRESAS,,2014-A,2014-A,D,ORI
L01206,20520673670,OLA Y MONTAÑA SOCIEDAD ANONIMA CERRADA,,OTRAS EMPRESAS,,2014-A,2014-A,D,ORI
L01207,20396637759,AGRICOLA ALPAMAYO S.A.,,OTRAS EMPRESAS,,2014-A,2014-A,D,ORI
L01208,20396900719,INMOBILIARIA MARIA ISABEL S.A.C.,,OTRAS EMPRESAS,,2014-A,2014-A,D,ORI
L01209,20300166611,METALES INGENIERIA Y CONSTRUCCION S.A.C.,,OTRAS EMPRESAS,,2014-A,2014-A,D,ORI
L01210,20104102744,COMERCIAL SELVA NOR PERUANA S.A.,,OTRAS EMPRESAS,,2014-A,2014-A,D,ORI
L01211,20563120135,FRUTAROM PERU S.A.,,OTRAS EMPRESAS,,2014-A,2014-A,D,ORI
L01212,20520869655,INSTITUCIONES TOULOUSE LAUTREC DE EDUCACION SUPERIOR S.A.C.,,OTRAS EMPRESAS,,2014-A,2014-A,D,ORI
L01213,20523824598,INVERSIONES PADOVA S.A.C.,,OTRAS EMPRESAS,,2014-A,2014-A,D,ORI
L01214,20511535612,COMERCIALIZADORA S & E PERÚ S.A.C.,,OTRAS EMPRESAS,,2014-A,2014-A,D,ORI
L01218,20508935294,TOP SERVICIOS E INVERSIONES SOCIEDAD ANONIMA CERRADA,,OTRAS EMPRESAS,,2014-A,2014-A,D,ORI
L01219,20330978326,CONSORCIO MECANICO COMERCIAL S.A.C.,,OTRAS EMPRESAS,,2014-A,2014-A,D,ORI
L01220,20254218252,ACS REFRIGERACION S.A.C.,,OTRAS EMPRESAS,,2014-A,2014-A,D,ORI
L01221,20506738718,INMOBILIARIA SAN ANTONIO DEL SUR SAC,,OTRAS EMPRESAS,,2014-A,2014-A,D,ORI
L01222,20407412592,CONSTRUCTORA NEPAL S.A.C. CONSULTORES Y CONTRATISTAS GENERALES,,OTRAS EMPRESAS,,2014-A,2014-A,D,ORI
L01223,20469962246,ROCK DRILL CONTRATISTAS CIVILES Y MINEROS S.A.C.,,OTRAS EMPRESAS,,2014-A,2014-A,D,ORI
L01224,20555104821,SYNTHESIA PERU S.A.C.,,OTRAS EMPRESAS,,2014-A,2014-A,D,ORI
L01225,20366131222,DISTRIBUCIONES QUISPE S.A.C.,,OTRAS EMPRESAS,,2014-A,2014-A,D,ORI
L01226,20505773170,PRO BAGS PERU S.A.C.,,OTRAS EMPRESAS,,2014-A,2014-A,D,ORI
L01227,20272963437,AGROSURPE S.R.LTDA.,,OTRAS EMPRESAS,,2014-A,2014-A,D,ORI
L01228,20529774797,CODAL & E SOCIEDAD ANONIMA CERRADA,,OTRAS EMPRESAS,,2014-A,2014-A,D,ORI
L01229,20477793674,QUICORNAC S.A.C.,,OTRAS EMPRESAS,,2014-A,2014-A,D,ORI
L01230,20474868312,SC INGENIERIA Y CONSTRUCCION S.A.C.,,OTRAS EMPRESAS,,2014-A,2014-A,D,ORI
L01231,20100316138,SERVICIOS Y FORMULACIONES INDUSTRIALES S .A (O) SERFI SA,,OTRAS EMPRESAS,,2014-A,2014-A,D,ORI
L01232,20110598646,INDUSTRIAS UNIDAS DEL PERU S.A.,,OTRAS EMPRESAS,,2014-A,2014-A,D,ORI
L01233,20543728170,ZRII DEL PERU S.A.C.,,OTRAS EMPRESAS,,2014-A,2014-A,D,ORI
L01235,20472936426,FASE DOS S.A.C.,,OTRAS EMPRESAS,,2014-A,2014-A,D,ORI
L01236,20122278337,BARLETTA S.A.,,OTRAS EMPRESAS,,2014-A,2014-A,D,ORI
L01237,20509897043,INVERSIONES MAMAY E.I.R.L.,,OTRAS EMPRESAS,,2014-A,2014-A,D,ORI
L01238,20552504641,OPTICAL TECHNOLOGIES SAC,,OTRAS EMPRESAS,,2014-A,2014-A,D,ORI
L01239,20552395507,CONSORCIO ALVAC - JOHESA,,OTRAS EMPRESAS,,2014-A,2014-A,D,ORI
L01240,20550808103,COMPLEJO INDUSTRIAL SKAVOS S.A.C.,,OTRAS EMPRESAS,,2014-A,2014-A,D,ORI
L01241,20338322063,CH2M HILL INGENIERIA DEL PERU S.A.C.,,OTRAS EMPRESAS,,2014-A,2014-A,D,ORI
L01242,20100669308,MIRO VIDAL Y COMPAñIA SOCIEDAD ANONIMA CERRADA MVC S.A.C.,,OTRAS EMPRESAS,,2014-A,2014-A,D,ORI
L01243,20100151546,INDUSTRIAS DEL PAPEL S A,,OTRAS EMPRESAS,,2014-A,2014-A,D,ORI
L01244,20101400990,MANUFACTURAS INDUSTRIALES MENDOZA S.A.,,OTRAS EMPRESAS,,2014-A,2014-A,D,ORI
L01245,20261239923,SEDISA S.A.C.,,OTRAS EMPRESAS,,2014-A,2014-A,D,ORI
L01246,20555356634,CONSORCIO VIAL LUNAHUANÁ,,OTRAS EMPRESAS,,2014-A,2014-A,D,ORI
L01247,20519219922,CONSTRUCTORA INARCO PERU S.A.C.,,OTRAS EMPRESAS,,2014-A,2014-A,D,ORI
L01248,20102305273,SUN CHEMICAL PERU S.A.,,OTRAS EMPRESAS,,2014-A,2014-A,D,ORI
L01249,20547836473,LINIO PERU S.A.C. - LINIO PERU,,OTRAS EMPRESAS,,2014-A,2014-A,D,ORI
L01250,20101200125,QUIMEX S A,,OTRAS EMPRESAS,,2014-A,2014-A,D,ORI
L01251,20513397543,MINERA AGUILA DE ORO SOCIEDAD ANONIMA CERRADA,,OTRAS EMPRESAS,,2014-A,2014-A,D,ORI
L01252,20524310857,TOTAL CALIDAD AMERICA S.A.C.,,OTRAS EMPRESAS,,2014-A,2014-A,D,ORI
L01253,20516463121,KOMAX PERU S.A.C.,,OTRAS EMPRESAS,,2014-A,2014-A,D,ORI
L01254,20441766964,CONSOLIDATED GROUP DEL PERU S.A.C,,OTRAS EMPRESAS,,2014-A,2014-A,D,ORI
L01255,20543329046,ANDINO CAPITAL HOLDING S.A.,,OTRAS EMPRESAS,,2014-A,2014-A,D,ORI
L01256,20100717124,PROTECCION Y RESGUARDO S A,,OTRAS EMPRESAS,,2014-A,2014-A,D,ORI
L01257,20100095379,PANALPINA TRANSPORTES MUNDIALES S A,,OTRAS EMPRESAS,,2014-A,2014-A,D,ORI
L01258,20512217452,AGUALIMA S.A.C.,,OTRAS EMPRESAS,,2014-A,2014-A,D,ORI
L01259,20304887762,MIDAS GAS S.A,,OTRAS EMPRESAS,,2014-A,2014-A,D,ORI
L01260,20510257767,FUNDO SANTA PATRICIA S.A.,,OTRAS EMPRESAS,,2014-A,2014-A,D,ORI
L01261,20507141791,DISAN PERU S.A,,OTRAS EMPRESAS,,2014-A,2014-A,D,ORI
L01262,20294560204,PROMOTORA GENESIS S.A.C.,,OTRAS EMPRESAS,,2014-A,2014-A,D,ORI
L01263,20100310288,PRODUCTOS INDUSTRIALES ARTI S A,,OTRAS EMPRESAS,,2014-A,2014-A,D,ORI
L01264,20545927790,HISPANO PERUANA DE CONSTRUCCION 2011 S.A.C.,,OTRAS EMPRESAS,,2014-A,2014-A,D,ORI
L01265,20510049226,MSL DEL PERU SAC,,OTRAS EMPRESAS,,2014-A,2014-A,D,ORI
L01266,20481464499,DANPER AREQUIPA S.A.C.,,OTRAS EMPRESAS,,2014-A,2014-A,D,ORI
L01267,20537321190,DIMERC PERU S.A.C.,,OTRAS EMPRESAS,,2014-A,2014-A,D,ORI
L01268,20450219801,OLEAGINOSAS DEL PERU S.A.,,OTRAS EMPRESAS,,2014-A,2014-A,D,ORI
L01269,20550726808,AGRO MOLINO S.A.C.,,OTRAS EMPRESAS,,2014-A,2014-A,D,ORI
L01270,20503125936,D' COMPRAS FASHION WEAR S.A.,,OTRAS EMPRESAS,,2014-A,2014-A,D,ORI
L01271,20539412907,ALMA DISTRIBUCIONES E.I.R.L.,,OTRAS EMPRESAS,,2014-A,2014-A,D,ORI
L01272,20373008533,SAEG PERU S.A.,,OTRAS EMPRESAS,,2014-A,2014-A,D,ORI
L01273,20503458234,XYLEM WATER SOLUTIONS PERU S.A.,,OTRAS EMPRESAS,,2014-A,2014-A,D,ORI
L01274,20522619371,METALYCK SOCIEDAD ANONIMA CERRADA,,OTRAS EMPRESAS,,2014-A,2014-A,D,ORI
L01275,20427481370,SHURTAPE PERU S.A.,,OTRAS EMPRESAS,,2014-A,2014-A,D,ORI
L01276,20266569824,E.G.A. EMPRESARIAL SOCIEDAD ANONIMA CERRADA,,OTRAS EMPRESAS,,2014-A,2014-A,D,ORI
L01277,20109550419,FERRETERIA COMERCIAL LA LIBERTAD SRLTDA,,OTRAS EMPRESAS,,2014-A,2014-A,D,ORI
L01278,20483957590,PROVEEDORA DE PRODUCTOS MARINOS SOCIEDAD ANONIMA CERRADA,,OTRAS EMPRESAS,,2014-A,2014-A,D,ORI
L01279,20562876473,SOCIEDAD AEROPORTUARIA KUNTUR WASI S.A.,,OTRAS EMPRESAS,,2014-A,2014-A,D,ORI
L01280,20100205492,REPRESENTACIONES INTERNACIONALES S.A.C.,,OTRAS EMPRESAS,,2014-A,2014-A,D,ORI
L01281,20101323634,AGROVET SOCIEDAD ANONIMA,,OTRAS EMPRESAS,,2014-A,2014-A,D,ORI
L01282,20352429709,RIO BRAVO SAC,,OTRAS EMPRESAS,,2014-A,2014-A,D,ORI
L01283,20100170681,PRODUCTOS QUIMICOS INDUSTRIALES S A,,OTRAS EMPRESAS,,2014-A,2014-A,D,ORI
L01284,20552423993,MERCANTIL COMMODITY S.A.C.,,OTRAS EMPRESAS,,2014-A,2014-A,D,ORI
L01285,20378600422,GOLOSINAS Y PERFUMERIA UNION S.A.C.,,OTRAS EMPRESAS,,2014-A,2014-A,D,ORI
L01286,20340617429,PIONERO NLD SRLTDA,,OTRAS EMPRESAS,,2014-A,2014-A,D,ORI
L01287,20418767279,NEGOCIACIONES HAROL S E.I.R.L.,,OTRAS EMPRESAS,,2014-A,2014-A,D,ORI
L01289,20100521734,LABOCER S.A.,,OTRAS EMPRESAS,,2014-A,2014-A,D,ORI
L01290,20136740351,ACUACULTURA Y PESCA S.A.C,,OTRAS EMPRESAS,,2014-A,2014-A,D,ORI
L01291,20279232322,SANTO DOMINGO CONTRATISTAS GENERALES S.A,,OTRAS EMPRESAS,,2014-A,2014-A,D,ORI
L01292,20101161634,DIAR INGENIEROS S A,,OTRAS EMPRESAS,,2014-A,2014-A,D,ORI
L01293,20484054879,PROCESADORA DE GAS PARIÑAS S.A.C,,OTRAS EMPRESAS,,2014-A,2014-A,D,ORI
L01294,20208101146,AUSA OPERACIONES LOGISTICAS S.A.,,OTRAS EMPRESAS,,2014-A,2014-A,D,ORI
L01295,20339982369,AUREN SA,,OTRAS EMPRESAS,,2014-A,2014-A,D,ORI
L01296,20451641281,POMACOCHA POWER S.A.C.,,OTRAS EMPRESAS,,2014-A,2014-A,D,ORI
L01297,20515339508,AUTOCAR DEL PERU SOCIEDAD ANONIMA,,OTRAS EMPRESAS,,2014-A,2014-A,D,ORI
L01298,20454063423,CYNKAT S.A.C.,,OTRAS EMPRESAS,,2014-A,2014-A,D,ORI
L01299,20513215887,SOCIEDAD DE DESARROLLO DE HOTELES PERUANOS S.A.,,OTRAS EMPRESAS,,2014-A,2014-A,D,ORI
L01300,20101553982,NEGOCIACION CARMEN S A,,OTRAS EMPRESAS,,2014-A,2014-A,D,ORI
L01301,20547835230,DISTRIBUIDORA BENAVENTE S.A.,,OTRAS EMPRESAS,,2014-A,2014-A,D,ORI
L01302,20518766873,SOCIEDAD INMOBILIARIA Y DE HOTELES GRAN LARCO SA - SIHLSA,,OTRAS EMPRESAS,,2014-A,2014-A,D,ORI
L01304,20100188466,DISTRIBUIDORA ALIMENTARIA S.A.C.,,OTRAS EMPRESAS,,2014-A,2014-A,D,ORI
L01305,20399050864,ESTACION DE SERVICIOS SAN MARTIN S.A.C.,,OTRAS EMPRESAS,,2014-A,2014-A,D,ORI
L01306,20451660749,ZUMA INMOBILIARIA S.A.C.,,OTRAS EMPRESAS,,2014-A,2014-A,D,ORI
L01307,20565945077,SOJITZ ARCUS INVESTMENT S.A.C.,,OTRAS EMPRESAS,,2014-A,2014-A,D,ORI
L01308,20100773628,COMPAÑIA BERFRANZ S.A.C.,,OTRAS EMPRESAS,,2014-A,2014-A,D,ORI
L01310,20454652925,RIO AUSTRAL S.A.C.,,OTRAS EMPRESAS,,2014-A,2014-A,D,ORI
L01311,20509512869,MINERA SHUNTUR S.A.C.,,OTRAS EMPRESAS,,2014-A,2014-A,D,ORI
L01312,20463958590,SCHARFF LOGISTICA INTEGRADA S.A.,,OTRAS EMPRESAS,,2014-A,2014-A,D,ORI
L01313,20456003860,HOSTEM S.A.C.,,OTRAS EMPRESAS,,2014-A,2014-A,D,ORI
L01314,20100211115,FAB DE CHOCOLATES LA IBERICA S A,,OTRAS EMPRESAS,,2014-A,2014-A,D,ORI
L01315,20553496064,ERA NOVA DEVELOPMENT S.A.,,OTRAS EMPRESAS,,2014-A,2014-A,D,ORI
L01316,20100387400,GRUAS ALQUILERES S.A.,,OTRAS EMPRESAS,,2014-A,2014-A,D,ORI
L01317,20102562241,COMERCIAL QUIROGA SOCIEDAD ANONIMA CERRADA,,OTRAS EMPRESAS,,2014-A,2014-A,D,ORI
L01318,20340530064,LABORATORIO HOFARM S.A.C.,,OTRAS EMPRESAS,,2014-A,2014-A,D,ORI
L01319,20100384052,GRUAS S.A.,,OTRAS EMPRESAS,,2014-A,2014-A,D,ORI
L01320,20470742748,ABASTECIMIENTOS INDUSTRIALES DEL SUR SAC,,OTRAS EMPRESAS,,2014-A,2014-A,D,ORI
L01321,20519161151,J.R. STEEL COMPANY SOCIEDAD ANONIMA CERRADA,,OTRAS EMPRESAS,,2014-A,2014-A,D,ORI
L01322,20170717261,RUMI IMPORT S.A.,,OTRAS EMPRESAS,,2014-A,2014-A,D,ORI
L01323,20110343907,UNIVERSAL SUPPLIERS INGENIERIA TECNICA MINERA COMERCIAL S.A.,,OTRAS EMPRESAS,,2014-A,2014-A,D,ORI
L01324,20430301595,EXANDAL S.A.,,OTRAS EMPRESAS,,2014-A,2014-A,D,ORI
L01325,20269085666,CERTIMIN S.A.,,OTRAS EMPRESAS,,2014-A,2014-A,D,ORI
L01326,20118237774,VELAX S.A,,OTRAS EMPRESAS,,2014-A,2014-A,D,ORI
L01327,20100383919,R. STIGLICH S.A.,,OTRAS EMPRESAS,,2014-A,2014-A,D,ORI
L01328,20501369579,PAPELERA DEL PERU S.A.C.,,OTRAS EMPRESAS,,2014-A,2014-A,D,ORI
L01329,20504524176,SELVA INDUSTRIAL S.A.,,OTRAS EMPRESAS,,2014-A,2014-A,D,ORI
L01330,20520992937,CORPORACION TACNA SOCIEDAD ANONIMA,,OTRAS EMPRESAS,,2014-A,2014-A,D,ORI
L01331,20100247225,CONSTRUCCIONES A MAGGIOLO S A,,OTRAS EMPRESAS,,2014-A,2014-A,D,ORI
L01332,20100051916,SULFATO DE COBRE S A,,OTRAS EMPRESAS,,2014-A,2014-A,D,ORI
L01333,20521998831,LONTON HOLDING PERU S.A.C.,,OTRAS EMPRESAS,,2014-A,2014-A,D,ORI
L01334,20122882048,HIPER S.A.,,OTRAS EMPRESAS,,2014-A,2014-A,D,ORI
L01335,20100091543,GRUNENTHAL PERUANA S A,,OTRAS EMPRESAS,,2014-A,2014-A,D,ORI
L01336,20175508610,CENTRO MEDICO CLINICA SAN JUDAS TADEO SA,,OTRAS EMPRESAS,,2014-A,2014-A,D,ORI
L01337,20260497414,IPSOS OPINION Y MERCADO S.A.,,OTRAS EMPRESAS,,2014-A,2014-A,D,ORI
L01338,20516927560,CENTRIA SERVICIOS ADMINISTRATIVOS S.A.C. - CENTRIA S.A.C.,,OTRAS EMPRESAS,,2014-A,2014-A,D,ORI
L01339,20428254687,INVERSIONES PICORP S.A.C.,,OTRAS EMPRESAS,,2014-A,2014-A,D,ORI
L01340,20481921491,GRUPO LIVES SA,,OTRAS EMPRESAS,,2014-A,2014-A,D,ORI
L01341,20255133986,ABL PHARMA PERU S.A.C.,,OTRAS EMPRESAS,,2014-A,2014-A,D,ORI
L01342,20523647017,PAE PERU INGENIERIA DE SERVICIOS S.A.C.,,OTRAS EMPRESAS,,2014-A,2014-A,D,ORI
L01343,20101065759,RAGEN S.A.,,OTRAS EMPRESAS,,2014-A,2014-A,D,ORI
L01344,20511048207,DISTRIBUIDORA VICKY EVA SOCIEDAD ANONIMA CERRADA,,OTRAS EMPRESAS,,2014-A,2014-A,D,ORI
L01345,20535645346,SUMAQAO SOCIEDAD ANONIMA CERRADA,,OTRAS EMPRESAS,,2014-A,2014-A,D,ORI
L01346,20278362915,CONSETTUR MACHUPICCHU S.A.C.,,OTRAS EMPRESAS,,2014-A,2014-A,D,ORI
L01347,20547583168,AUTOCLASS S.A.C.,,OTRAS EMPRESAS,,2014-A,2014-A,D,ORI
L01348,20293583626,MEBOL SAC,,OTRAS EMPRESAS,,2014-A,2014-A,D,ORI
L01349,20456334971,DISTRIBUIDORA MADEX SOCIEDAD ANONIMA CERRADA,,OTRAS EMPRESAS,,2014-A,2014-A,D,ORI
L01350,20501259552,BELMOND PERU MANAGEMENT S.A.,,OTRAS EMPRESAS,,2014-A,2014-A,D,ORI
L01351,20510865627,SANTA SOFIA DEL SUR S.A.C.,,OTRAS EMPRESAS,,2014-A,2014-A,D,ORI
L01352,20280062333,NEUMA CENTER PERU SOCIEDAD ANONIMA,,OTRAS EMPRESAS,,2014-A,2014-A,D,ORI
L01353,20100873681,VITA GAS S A,,OTRAS EMPRESAS,,2014-A,2014-A,D,ORI
L01354,20487819779,INVERSIONES OLANO SOCIEDAD ANONIMA CERRADA,,OTRAS EMPRESAS,,2014-A,2014-A,D,ORI
L01355,20452302951,AGROINDUSTRIA CASABLANCA S.A.C.,,OTRAS EMPRESAS,,2014-A,2014-A,D,ORI
L01356,20540029041,AGUACATES DEL PERU S.A.C.,,OTRAS EMPRESAS,,2014-A,2014-A,D,ORI
L01357,20120545303,CENTRAL PERU S.A,,OTRAS EMPRESAS,,2014-A,2014-A,D,ORI
L01358,20301734574,CONVERTIDORA DEL PACIFICO E.I.R.L.,,OTRAS EMPRESAS,,2014-A,2014-A,D,ORI
L01359,20502661923,EXPRESS JEAN'S C & O S.A.,,OTRAS EMPRESAS,,2014-A,2014-A,D,ORI
L01360,20514348546,LOMA DORADA S.R.L.,,OTRAS EMPRESAS,,2014-A,2014-A,D,ORI
L01361,20484294756,MIK CARPE S.A.C.,,OTRAS EMPRESAS,,2014-A,2014-A,D,ORI
L01362,20371642162,DISTRIBUIDORA CARTY S.A.,,OTRAS EMPRESAS,,2014-A,2014-A,D,ORI
L01363,20549592148,CORPORACION EL SOLAR DEL MARQUES SOCIEDAD COMERCIAL DE RESPONSABILIDAD LIMITADA,,OTRAS EMPRESAS,,2014-A,2014-A,D,ORI
L01364,20548366942,TRACUSA E.I.R.L.,,OTRAS EMPRESAS,,2014-A,2014-A,D,ORI
L01365,20268779036,CORPORACION DROKASA SA,,OTRAS EMPRESAS,,2014-A,2014-A,D,ORI
L01366,20454252749,CORPORACION VIDRIO GLASS S.A.C.,,OTRAS EMPRESAS,,2014-A,2014-A,D,ORI
L01367,20544462921,"SOCIEDAD ANONIMA DE OBRAS Y SERVICIOS, COPASA, SUCURSAL DEL PERU",,OTRAS EMPRESAS,,2014-A,2014-A,D,ORI
L01368,20397609082,REPALSA S.A.,,OTRAS EMPRESAS,,2014-A,2014-A,D,ORI
L01369,20514788945,MINERA RIO CAUDALOSO Y SERVICIOS COMPLEMENTARIOS S.R.L.,,OTRAS EMPRESAS,,2014-A,2014-A,D,ORI
L01370,20525512267,REFRIGERADOS FISHOLG & HIJOS SOCIEDAD ANONIMA CERRADA,,OTRAS EMPRESAS,,2014-A,2014-A,D,ORI
L01371,20512718150,PETROTHOR SOCIEDAD ANONIMA CERRADA,,OTRAS EMPRESAS,,2014-A,2014-A,D,ORI
L01372,20450384322,AUTONORT NOR ORIENTE S.A.C.,,OTRAS EMPRESAS,,2014-A,2014-A,D,ORI
L01373,20101256422,FIORELLA REPRESENTACIONES S.A.C.,,OTRAS EMPRESAS,,2014-A,2014-A,D,ORI
L01374,20267910813,INDUSTRIAL TEXTIL ACUARIO SA,,OTRAS EMPRESAS,,2014-A,2014-A,D,ORI
L01375,20544726685,EXPLORACIONES MACUSANI S.A.C.,,OTRAS EMPRESAS,,2014-A,2014-A,D,ORI
L01376,20514356051,TRES ROBLES SRL,,OTRAS EMPRESAS,,2014-A,2014-A,D,ORI
L01377,20531505787,CORPORACION MAYO S.A.C.,,OTRAS EMPRESAS,,2014-A,2014-A,D,ORI
L01378,20503790271,TEXCORP S.A.C.,,OTRAS EMPRESAS,,2014-A,2014-A,D,ORI
L01379,20513997222,PERNOD RICARD PERU S.A.,,OTRAS EMPRESAS,,2014-A,2014-A,D,ORI
L01380,20144298161,TERMINAL TERRESTRE ICA SA,,OTRAS EMPRESAS,,2014-A,2014-A,D,ORI
L01381,20492982777,GCZ CONSTRUCCION S.A.C.,,OTRAS EMPRESAS,,2014-A,2014-A,D,ORI
L01383,20537742373,DISASHOP PERU S.A.C.,,OTRAS EMPRESAS,,2014-A,2014-A,D,ORI
L01384,20100911958,INMOBILIARIA ANELJO S A,,OTRAS EMPRESAS,,2014-A,2014-A,D,ORI
L01385,20293658146,PUNTO DE DISTRIBUCION S.A.C.,,OTRAS EMPRESAS,,2014-A,2014-A,D,ORI
L01386,20138651917,SANICENTER S.A.C.,,OTRAS EMPRESAS,,2014-A,2014-A,D,ORI
L01387,20231266993,SHILCAYO GRIFO S R LTDA,,OTRAS EMPRESAS,,2014-A,2014-A,D,ORI
L01388,20547979827,INMOBILIARIA SAN VINCENZO S.A.C.,,OTRAS EMPRESAS,,2014-A,2014-A,D,ORI
L01389,20555325593,COMERCIALIZADORA FERRETERA CABAL S.A.,,OTRAS EMPRESAS,,2014-A,2014-A,D,ORI
L01390,20123041292,CONSORCIO PENTA SAC,,OTRAS EMPRESAS,,2014-A,2014-A,D,ORI
L01391,20484327948,INMOBILIARIA Y SERVICIOS MASARIS SOCIEDAD ANONIMA CERRADA,,OTRAS EMPRESAS,,2014-A,2014-A,D,ORI
L01392,20123387326,TEMPANO S.A.C.,,OTRAS EMPRESAS,,2014-A,2014-A,D,ORI
L01393,20101031773,PERFUMERIAS UNIDAS S.A.,,OTRAS EMPRESAS,,2014-A,2014-A,D,ORI
L01394,20145118493,GOLDEN GAMING S.A.,,OTRAS EMPRESAS,,2014-A,2014-A,D,ORI
L01395,20381210651,AGRICOLA ECOLOGICA S.A.C.,,OTRAS EMPRESAS,,2014-A,2014-A,D,ORI
L01396,20524414041,AIDISA PERU SAC,,OTRAS EMPRESAS,,2014-A,2014-A,D,ORI
L01397,20479945196,DISTRIBUCIONES Y REPRESENTACIONES 'CESAR' S.A.C,,OTRAS EMPRESAS,,2014-A,2014-A,D,ORI
L01398,20503675766,E.K.T COMERCIAL S.A.C,,OTRAS EMPRESAS,,2014-A,2014-A,D,ORI
L01399,20122620434,OVERALL BUSINESS S.A.,,OTRAS EMPRESAS,,2014-A,2014-A,D,ORI
L01400,20408065632,DALIMNORT S.A.C.,,OTRAS EMPRESAS,,2014-A,2014-A,D,ORI
L01401,20396466768,HUEMURA SOCIEDAD ANONIMA CERRADA,,OTRAS EMPRESAS,,2014-A,2014-A,D,ORI
L01402,20516396858,RODIAM INVESTMENTS SOCIEDAD ANONIMA CERRADA - RODIAM S.A.C.,,OTRAS EMPRESAS,,2014-A,2014-A,D,ORI
L01403,20120550137,EXPRESO MOLINA UNION S.A.C.,,OTRAS EMPRESAS,,2014-A,2014-A,D,ORI
L01404,20495005217,DM AVICOLA S.A.C,,OTRAS EMPRESAS,,2014-A,2014-A,D,ORI
L01405,20108572958,SOCIEDAD IMPORTADORA S.A.,,OTRAS EMPRESAS,,2014-A,2014-A,D,ORI
L01406,20545699550,EP DE RESTAURANTES S.A.C.,,OTRAS EMPRESAS,,2014-A,2014-A,D,ORI
L01407,20100277485,PROCESADORA SUDAMERICANA S R L,,OTRAS EMPRESAS,,2014-A,2014-A,D,ORI
L01408,20545697697,SERVICIOS COMPARTIDOS DE RESTAURANTES S.A.C.,,OTRAS EMPRESAS,,2014-A,2014-A,D,ORI
L01409,20101869947,ALERT DEL PERU SA,,OTRAS EMPRESAS,,2014-A,2014-A,D,ORI
L01410,20505897812,CORPORACION PERUANA DE RESTAURANTES S.A.,,OTRAS EMPRESAS,,2014-A,2014-A,D,ORI
L01411,20470700662,CORPORACION DE INVERSIONES Y SERVICIOS S.A.C.,,OTRAS EMPRESAS,,2014-A,2014-A,D,ORI
L01413,20445906205,DISTRIBUIDORA DF MARIN S.A.,,OTRAS EMPRESAS,,2014-A,2014-A,D,ORI
L01414,20131667818,EMPRESA DE TRANSPORTES GUZMAN S.A.,,OTRAS EMPRESAS,,2014-A,2014-A,D,ORI
L01415,20100151899,SURFAC S.R.L.,,OTRAS EMPRESAS,,2014-A,2014-A,D,ORI
L01416,20440376704,INTERAMERICANA TRUJILLO S.A.,,OTRAS EMPRESAS,,2014-A,2014-A,D,ORI
L01417,20262850545,MINERA PEÑOLES DE PERU S.A.,,OTRAS EMPRESAS,,2014-A,2014-A,D,ORI
L01418,20411053483,DISTRIBUIDORA RODRIGUEZ S.A.,,OTRAS EMPRESAS,,2014-A,2014-A,D,ORI
L01419,20135471659,GRUPO PROFITEX S.A.C,,OTRAS EMPRESAS,,2014-A,2014-A,D,ORI
L01420,20472567803,MULTIFOODS S.A.C.,,OTRAS EMPRESAS,,2014-A,2014-A,D,ORI
L01421,20101392369,JAHESA S.A.,,OTRAS EMPRESAS,,2014-A,2014-A,D,ORI
L01422,20482100741,AVICOLA SANTA FE S.A.C.,,OTRAS EMPRESAS,,2014-A,2014-A,D,ORI
L01423,20514075558,CBI PERUANA S.A.C.,,OTRAS EMPRESAS,,2014-A,2014-A,D,ORI
L01424,20329725431,SUNSHINE EXPORT S.A.C,,OTRAS EMPRESAS,,2014-A,2014-A,D,ORI
L01425,20517780732,DISTRIBUIDORA SOL DE ICA S.A.C.,,OTRAS EMPRESAS,,2014-A,2014-A,D,ORI
L01426,20505789092,DITRANSERVA SOCIEDAD ANONIMA CERRADA,,OTRAS EMPRESAS,,2014-A,2014-A,D,ORI
L01427,20271522950,DESPENSA PERUANA S.A,,OTRAS EMPRESAS,,2014-A,2014-A,D,ORI
L01428,20330822661,HENKEL PERUANA S.A.,,OTRAS EMPRESAS,,2014-A,2014-A,D,ORI
L01429,20351410061,OLEAGINOSAS AMAZONICAS S.A,,OTRAS EMPRESAS,,2014-A,2014-A,D,ORI
L01430,20100403294,INVERSIONES SAN GABRIEL S A,,OTRAS EMPRESAS,,2014-A,2014-A,D,ORI
L01431,20504065121,VINCULOS AGRICOLAS SOCIEDAD ANONIMA CERRADA - VINCULOS AGRICOLAS S.A.C.,,OTRAS EMPRESAS,,2014-A,2014-A,D,ORI
L01432,20510037562,ESTUDIO LUIS ECHECOPAR GARCIA S.R.L.,,OTRAS EMPRESAS,,2014-A,2014-A,D,ORI
L01433,20100238234,TRANSPORTES CROMOTEX S.A.C.,,OTRAS EMPRESAS,,2014-A,2014-A,D,ORI
L01434,20102256558,GELAFRUT S.R.L.,,OTRAS EMPRESAS,,2014-A,2014-A,D,ORI
L01435,20516276950,INVERSIONES SAN VICENTE S.A.C.,,OTRAS EMPRESAS,,2014-A,2014-A,D,ORI
L01436,20505006675,REPRESENTACIONES YAGO S.A.C.,,OTRAS EMPRESAS,,2014-A,2014-A,D,ORI
L01437,20513112727,DIGITEX PERU S.A.C.,,OTRAS EMPRESAS,,2014-A,2014-A,D,ORI
L01438,20100013151,REFRACTARIOS PERUANOS S A,,OTRAS EMPRESAS,,2014-A,2014-A,D,ORI
L01439,20107274724,TYCO ELECTRONICS DEL PERU S.A.C.,,OTRAS EMPRESAS,,2014-A,2014-A,D,ORI
L01440,20517792587,ANUBIA S.A.C,,OTRAS EMPRESAS,,2014-A,2014-A,D,ORI
L01442,20492498701,LOUIS DREYFUS COMMODITIES METALS PERU S.A.,,OTRAS EMPRESAS,,2014-A,2014-A,D,ORI
L01443,20128985841,EMPRESA MUNICIPAL DE AGUA POTABLE Y ALCANTARILLADO DE CORONEL PORTILLO SOCIEDAD ANONIMA,,OTRAS EMPRESAS,,2014-A,2014-A,D,ORI
L01444,20126339632,COSTAMAR TRAVEL CRUISE & TOURS S.A.C.,,OTRAS EMPRESAS,,2014-A,2014-A,D,ORI
L01445,20553339988,TRADING EXPRESS GOLD E.I.R.L.,,OTRAS EMPRESAS,,2014-A,2014-A,D,ORI
L01446,20265748466,TECNOCOM PERU S.A.C.,,OTRAS EMPRESAS,,2014-A,2014-A,D,ORI
L01448,20100182859,ENVASES Y ENVOLTURAS S.A.,,OTRAS EMPRESAS,,2014-A,2014-A,D,ORI
L01449,20100352525,RIVELSA S R L,,OTRAS EMPRESAS,,2014-A,2014-A,D,ORI
L01450,20511229252,BAN CAN S.A.C.,,OTRAS EMPRESAS,,2014-A,2014-A,D,ORI
L01451,20537263998,ARTECO INMOBILIARIA PROYECTO 5 S.A.,,OTRAS EMPRESAS,,2014-A,2014-A,D,ORI
L01452,20310422755,ICATOM S.A.,,OTRAS EMPRESAS,,2014-A,2014-A,D,ORI
L01453,20104505784,BODEGAS Y VIÑEDOS TABERNERO S.A.C.,,OTRAS EMPRESAS,,2014-A,2014-A,D,ORI
L01454,20457209003,PERUVIAN HERITAGE S.A.C,,OTRAS EMPRESAS,,2014-A,2014-A,D,ORI
L01455,20550964229,CONDEMAR INVERSIONISTA S.A. SUCURSAL DEL PERU,,OTRAS EMPRESAS,,2014-A,2014-A,D,ORI
L01456,20330286874,GEODIS WILSON PERU S.A,,OTRAS EMPRESAS,,2014-A,2014-A,D,ORI
L01457,20385739771,INSPECTORATE SERVICES PERU S.A.C.,,OTRAS EMPRESAS,,2014-A,2014-A,D,ORI
L01458,20554015604,AMERICAN REAL ESTATE SOCIEDAD ANONIMA CERRADA,,OTRAS EMPRESAS,,2014-A,2014-A,D,ORI
L01459,20514062731,P.J.F. OPERACIONES LOGISTICAS SAC,,OTRAS EMPRESAS,,2014-A,2014-A,D,ORI
L01460,20559902048,CONCESIONARIA CHAVIMOCHIC S.A.C.,,OTRAS EMPRESAS,,2014-A,2014-A,D,ORI
L01461,20100009472,CONSORCIO METALURGICO S A,,OTRAS EMPRESAS,,2014-A,2014-A,D,ORI
L01462,20450948986,INVERSIONES PERU COMBUSTIBLES S.A.,,OTRAS EMPRESAS,,2014-A,2014-A,D,ORI
L01463,20100235219,SOCOSANI S A,,OTRAS EMPRESAS,,2014-A,2014-A,D,ORI
L01464,20522591344,OPERADORA PERUANA DE CINES S.A.C,,OTRAS EMPRESAS,,2014-A,2014-A,D,ORI
L01466,20382355751,CORPORACION TEXTIL IMPERIO DEL SOL S.A.,,OTRAS EMPRESAS,,2014-A,2014-A,D,ORI
L01468,20509413291,IMK MADERAS S.A.C.,,OTRAS EMPRESAS,,2014-A,2014-A,D,ORI
L01470,20100304636,COMPANIA INMOBILIARIA AGREM S A,,OTRAS EMPRESAS,,2014-A,2014-A,D,ORI
L01471,20100066352,INDUSTRIAL HILANDERA S.A.C.,,OTRAS EMPRESAS,,2014-A,2014-A,D,ORI
L01472,20100160375,CORP DE INGENIERIA DE REFRIGERACION SRL,,OTRAS EMPRESAS,,2014-A,2014-A,D,ORI
L01473,20528215336,MOTOMAQ S.A.C.,,OTRAS EMPRESAS,,2014-A,2014-A,D,ORI
L01474,20517595919,INMOBILIARIA TOR S.A.C.,,OTRAS EMPRESAS,,2014-A,2014-A,D,ORI
L01475,20503727405,OREGON FOODS S.A.C.,,OTRAS EMPRESAS,,2014-A,2014-A,D,ORI
L01476,20530184596,ECOSAC AGRICOLA S.A.C.,,OTRAS EMPRESAS,,2014-A,2014-A,D,ORI
L01477,20507646051,TERMINALES PORTUARIOS PERUANOS SAC,,OTRAS EMPRESAS,,2014-A,2014-A,D,ORI
L01479,20567110401,AVENTURA PLAZA ORIENTE S.A.,,OTRAS EMPRESAS,,2014-A,2014-A,D,ORI
L01481,20511529566,COMERCIALIZADORA JACARANDA S.R.L.,,OTRAS EMPRESAS,,2014-A,2014-A,D,ORI
L01482,20338048905,JAS IMPORT & EXPORT SRL,,OTRAS EMPRESAS,,2014-A,2014-A,D,ORI
L01483,20208423003,SALES Y DERIVADOS DE COBRE SA,,OTRAS EMPRESAS,,2014-A,2014-A,D,ORI
L01484,20125772227,HOTEL RESTAURANT LA HACIENDA S.A.,,OTRAS EMPRESAS,,2014-A,2014-A,D,ORI
L01485,20503620350,CUñADO PERU S.A.,,OTRAS EMPRESAS,,2014-A,2014-A,D,ORI
L01486,20543323862,SALESLAND INTERNACIONAL S.A.,,OTRAS EMPRESAS,,2014-A,2014-A,D,ORI
L01487,20372525496,PETROCORP S.A.,,OTRAS EMPRESAS,,2014-A,2014-A,D,ORI
L01488,20555757469,AVOCADO PACKING COMPANY S.A.C.,,OTRAS EMPRESAS,,2014-A,2014-A,D,ORI
L01489,20555888725,GOREM S.A.C.,,OTRAS EMPRESAS,,2014-A,2014-A,D,ORI
L01490,20402173476,CARRION INVERSIONES S.A.,,OTRAS EMPRESAS,,2014-A,2014-A,D,ORI
L01491,20458077461,P.F.K. S.A.C.,,OTRAS EMPRESAS,,2014-A,2014-A,D,ORI
L01492,20427862331,SHERWIN-WILLIAMS PERU S.R.L.,,OTRAS EMPRESAS,,2014-A,2014-A,D,ORI
L01493,20140344801,CORPORACION APEC SOCIEDAD ANONIMA CERRADA,,OTRAS EMPRESAS,,2014-A,2014-A,D,ORI
L01494,20556281140,IBT HEALTH SOCIEDAD ANONIMA CERRADA - IBT HEALTH S.A.C.,,OTRAS EMPRESAS,,2014-A,2014-A,D,ORI
L01495,20518702719,CONSTRUCERT S.A.C.,,OTRAS EMPRESAS,,2014-A,2014-A,D,ORI
L01496,20101158927,TRANSBER S.A.C.,,OTRAS EMPRESAS,,2014-A,2014-A,D,ORI
L01497,20100973473,COLTUR PERUANA DE TURISMO S A,,OTRAS EMPRESAS,,2014-A,2014-A,D,ORI
L01498,20547839901,CORPORACION CAF SOCIEDAD ANONIMA CERRADA-CORCAF S.A.C.,,OTRAS EMPRESAS,,2014-A,2014-A,D,ORI
L01499,20553545961,COTINAVEC MONTAJE PERU S.A.C.,,OTRAS EMPRESAS,,2014-A,2014-A,D,ORI
L01500,20145549711,ONASA S.R.LTDA.,,OTRAS EMPRESAS,,2014-A,2014-A,D,ORI
L01501,20548148015,COBERDEX SOCIEDAD ANONIMA CERRADA,,OTRAS EMPRESAS,,2014-A,2014-A,D,ORI
L01502,20451460570,CONTRATISTAS MINEROS Y CIVILES DEL PERU S.A.C.,,OTRAS EMPRESAS,,2014-A,2014-A,D,ORI
L01504,20100023203,SOYUZ S A,,OTRAS EMPRESAS,,2014-A,2014-A,D,ORI
L01505,20106076635,EMPRESA DE TRANSPORTES PERU BUS S.A.,,OTRAS EMPRESAS,,2014-A,2014-A,D,ORI
L01506,20376113443,EUROTUBO S.A.C.,,OTRAS EMPRESAS,,2014-A,2014-A,D,ORI
L01507,20404723392,FULGAS PLANTA ENVASADORA DE G.L.P S.A.,,OTRAS EMPRESAS,,2014-A,2014-A,D,ORI
L01508,20555763868,INVERSIONES AGRICOLAS OLMOS S.A.C.,,OTRAS EMPRESAS,,2014-A,2014-A,D,ORI
L01509,20167795120,INVERSIONES ANCONA S.A.C.,,OTRAS EMPRESAS,,2014-A,2014-A,D,ORI
L01510,20159475191,INVERSIONES PECUARIAS LURIN S A,,OTRAS EMPRESAS,,2014-A,2014-A,D,ORI
L01511,20473938929,INDURA PERU S.A.,,OTRAS EMPRESAS,,2014-A,2014-A,D,ORI
L01512,20513209569,CSY INVESTMENTS S.A.C.,,OTRAS EMPRESAS,,2014-A,2014-A,D,ORI
L01513,20501620107,MINERA COLIBRI S.A.C.,,OTRAS EMPRESAS,,2014-A,2014-A,D,ORI
L01514,20119207640,ESTACION DE ENERGIAS EL CENTENARIO SOCIEDAD ANONIMA CERRADA - ENERGIAS EL CENTENARIO S.A.C.,,OTRAS EMPRESAS,,2014-A,2014-A,D,ORI
L01515,20548562377,INVERSIONES MG HUAROCHIRI S.A.C.,,OTRAS EMPRESAS,,2014-A,2014-A,D,ORI
L01516,20131529181,SEGURINDUSTRIA SA,,OTRAS EMPRESAS,,2014-A,2014-A,D,ORI
L01517,20558733994,INVERSIONES Y NEGOCIOS MI FUTURO S.A.C. - MI FUTURO S.A.C.,,OTRAS EMPRESAS,,2014-A,2014-A,D,ORI
L01518,20566556899,RBCF INVERSIONES INMOBILIARIAS S.A.,,OTRAS EMPRESAS,,2014-A,2014-A,D,ORI
L01519,20459980963,SOLIDEZ EMPRESARIAL S.A.,,OTRAS EMPRESAS,,2014-A,2014-A,D,ORI
L01520,20473773156,COMERCIAL A Y A S.A.C.,,OTRAS EMPRESAS,,2014-A,2014-A,D,ORI
L01521,20345446894,PIGA S.A. EN LIQUIDACION,,OTRAS EMPRESAS,,2014-A,2014-A,D,ORI
L01522,20397561454,MANNUCCI DIESEL SAC,,OTRAS EMPRESAS,,2014-A,2014-A,D,ORI
L01523,20109116051,CONSTRUCTORA CONCEPCION S.A.C.,,OTRAS EMPRESAS,,2014-A,2014-A,D,ORI
L01525,20502610695,GLOBAL GOLD SAC,,OTRAS EMPRESAS,,2014-A,2014-A,D,ORI
L01526,20523225376,FKI S.A.C.,,OTRAS EMPRESAS,,2014-A,2014-A,D,ORI
L01527,20559912353,HORTIFRUT-TAL S.A.C.,,OTRAS EMPRESAS,,2014-A,2014-A,D,ORI
L01528,20535638056,VILLA MARIA DEL TRIUNFO SALUD S.A.C.,,OTRAS EMPRESAS,,2014-A,2014-A,D,ORI
L01529,20510915748,INMOBILIARIA MASIAS S.A.C.,,OTRAS EMPRESAS,,2014-A,2014-A,D,ORI
L01530,20554589872,GRUPO SAINCA S.A.C.,,OTRAS EMPRESAS,,2014-A,2014-A,D,ORI
L01531,20535637599,CALLAO SALUD S.A.C.,,OTRAS EMPRESAS,,2014-A,2014-A,D,ORI
L01532,20553355088,QUIMICA SUIZA COMERCIAL S.A.,,OTRAS EMPRESAS,,2014-A,2014-A,D,ORI
L01534,20567129331,GENRENT DEL PERU S.A.C.,,OTRAS EMPRESAS,,2014-A,2014-A,D,ORI
L01535,20552549661,INVERSIONES ALTAMAR DEL PERU S.A.C.,,OTRAS EMPRESAS,,2014-A,2014-A,D,ORI
L01536,20100568617,TRANSPORTES ACOINSA S.A.C.,,OTRAS EMPRESAS,,2014-A,2014-A,D,ORI
L01537,20107498088,INDUSTRIA PERUANA DEL ACERO S.A.,,OTRAS EMPRESAS,,2014-A,2014-A,D,ORI
L01538,20553278318,INVERSIONES ALESTE S.A.C.,,OTRAS EMPRESAS,,2014-A,2014-A,D,ORI
L01539,20549968458,INMOBILIARIA MARATON DEL PERU S.A.C.,,OTRAS EMPRESAS,,2014-A,2014-A,D,ORI
L01541,20367336081,AGRICOLA COPACABANA DE CHINCHA S.A.,,OTRAS EMPRESAS,,2014-A,2014-A,D,ORI
L01542,20502976169,MANUFACTURAS CIMA PERU S.R.L.,,OTRAS EMPRESAS,,2014-A,2014-A,D,ORI
L01543,20112231413,PLASTICOS PERU ALFA SOC RESP LTDA,,OTRAS EMPRESAS,,2014-A,2014-A,D,ORI
L01544,20555725346,SOLARPACK PERU S.A.C.,,OTRAS EMPRESAS,,2014-A,2014-A,D,ORI
L01545,20553278156,INMOBILIARIA NOR HARAFE S.A.C.,,OTRAS EMPRESAS,,2014-A,2014-A,D,ORI
L01546,20547373350,DOKA PERU S.A.C.,,OTRAS EMPRESAS,,2014-A,2014-A,D,ORI
L01547,20474252800,M.R. INVERSIONES GENERALES S..R.L.,,OTRAS EMPRESAS,,2014-A,2014-A,D,ORI
L01548,20545084687,PARQUE EOLICO TRES HERMANAS S.A.C.,,OTRAS EMPRESAS,,2014-A,2014-A,D,ORI
L01549,20476099928,J.G.J. PROYECTISTAS S.A.C.,,OTRAS EMPRESAS,,2013-A,2014-A,D,ORI
L01550,20549486542,BRYSON HILLS PERU S.A.,,OTRAS EMPRESAS,,2014-A,2014-A,D,ORI
L01551,20502491581,CIA MINERA CENTRO ANDES S.A.C.,,OTRAS EMPRESAS,,2014-A,2014-A,D,ORI
L01552,20411051782,MANUELITA FYH S.A.C.,,OTRAS EMPRESAS,,2014-A,2014-A,D,ORI
L01553,20305882071,CASIMIRES NABILA S.A.C.,,OTRAS EMPRESAS,,2013-A,2014-A,D,ORI
L01554,20507884823,TRASTIENDAS INTEGRADAS S.A.C.,,OTRAS EMPRESAS,,2014-A,2014-A,D,ORI
L01555,20524316626,DALISUR S.A.C.,,OTRAS EMPRESAS,,2014-A,2014-A,D,ORI
L01556,20100412366,SAVAR AGENTES DE ADUANA S A,,OTRAS EMPRESAS,,2014-A,2014-A,D,ORI
L01557,20550733928,INGLEBY PERU HOLDING S.A.C.,,OTRAS EMPRESAS,,2014-A,2014-A,D,ORI
L01558,20554348913,TRAFIGURA METALES BASICOS SOCIEDAD ANONIMA CERRADA,,OTRAS EMPRESAS,,2014-A,2014-A,D,ORI
L01559,20544905181,MOQUEGUA FV S.A.C.,,OTRAS EMPRESAS,,2014-A,2014-A,D,ORI
L01560,20510625235,SERVICIOS AEREOS DE LOS ANDES S.A.C.,,OTRAS EMPRESAS,,2014-A,2014-A,D,ORI
L01561,20565892101,CHILLES & BENSON S.A.,,OTRAS EMPRESAS,,2014-A,2014-A,D,ORI
L01562,20544268873,OPERADORA SURPERU S.A.,,OTRAS EMPRESAS,,2014-A,2014-A,D,ORI
L01563,20103745293,EPS. SEDALORETO S.A.,,OTRAS EMPRESAS,,2014-A,2014-A,D,ORI
L01564,20557438786,CONSORCIO SACYR - MALAGA,,OTRAS EMPRESAS,,2014-A,2014-A,D,ORI
L01565,20553511802,METCO TRADING S.A.C.,,OTRAS EMPRESAS,,2014-A,2014-A,D,ORI
L01567,20250161221,JAPAN AUTOS S.A,,OTRAS EMPRESAS,,2013-A,2014-A,D,ORI
L01568,20600041453,INMOBILIARIA AUTO SUMMIT PERU S.A.C.,,OTRAS EMPRESAS,,2014-A,2014-A,D,ORI
L01569,20336895783,ZILICOM INVESTMENTS SA,,OTRAS EMPRESAS,,2014-A,2014-A,D,ORI
L01570,20553167672,NUMAY SOCIEDAD ANONIMA - NUMAY S.A.,,OTRAS EMPRESAS,,2014-A,2014-A,D,ORI
L01571,20555190132,MT INDUSTRIAL S.A.C.,,OTRAS EMPRESAS,,2014-A,2014-A,D,ORI
L01572,20566584086,PRIMANO INVERSIONES S.A.C.,,OTRAS EMPRESAS,,2014-A,2014-A,D,ORI
L01573,20508704560,NEW CONCEPT MINING PERU S.A.C.,,OTRAS EMPRESAS,,2014-A,2014-A,D,ORI
L01574,20451899881,PROCESADORA LARAN SAC,,OTRAS EMPRESAS,,2014-A,2014-A,D,ORI
L01576,20438664603,EMPRESA DE DESARROLLO DE LA PEQUEÑA Y MICROEMPRESA MARCIMEX S.A.,,OTRAS EMPRESAS,,2014-A,2014-A,D,ORI
L01577,20424721400,ESKE CORPORATION S.A.C.,,OTRAS EMPRESAS,,2014-A,2014-A,D,ORI
L01578,20516261090,SUPERMERCADO CANDY S.A.C.,,OTRAS EMPRESAS,,2014-A,2014-A,D,ORI
L01579,20556014702,BERTLING - TRANSGAS TANKERS S.A.C.,,OTRAS EMPRESAS,,2014-A,2014-A,D,ORI
L01580,20207121127,INVERSIONES MISTI S.A.,,OTRAS EMPRESAS,,2014-A,2014-A,D,ORI
L01582,20265835270,ACEROS Y CONCRETOS SAC,,OTRAS EMPRESAS,,2014-A,2014-A,D,ORI
L01584,20516822202,SERVOSA GAS S.A.C.,,OTRAS EMPRESAS,,2014-A,2014-A,D,ORI
L01586,20563236354,GASODUCTO SUR PERUANO S.A.,,OTRAS EMPRESAS,,2014-A,2014-A,D,ORI
L01587,20392776975,MINERA SHOUXIN PERU S.A.,,OTRAS EMPRESAS,,2014-A,2014-A,D,ORI
L01589,20103829802,DERTEANO & STUCKER (IQUITOS) S.A.C,,OTRAS EMPRESAS,,2014-A,2014-A,D,ORI
L01590,20429350264,SERVOSA CARGO S.A.C.,,OTRAS EMPRESAS,,2014-A,2014-A,D,ORI
L01591,20377674686,SERVICENTRO SMILE S.A.,,OTRAS EMPRESAS,,2014-A,2014-A,D,ORI
L01592,20100199158,ESTILOS S.R.L.,,OTRAS EMPRESAS,,2014-A,2014-A,D,ORI
L01593,20544263642,ODEBRECHT PERU OPERACIONES Y SERVICIOS S.A.C.,,OTRAS EMPRESAS,,2014-A,2014-A,D,ORI
L01594,20551451560,INMOBILIARIA MACYS S.A.C.,,OTRAS EMPRESAS,,2014-A,2014-A,D,ORI
L01595,20100337992,REPRESENTACIONES Y DISTRIBUCIONES IVER S.A. O IVER S.A.,,OTRAS EMPRESAS,,2014-A,2014-A,D,ORI
L01596,20422764136,CELEPSA RENOVABLES SOCIEDAD COMERCIAL DE RESPONSABILIDAD LIMITADA,,OTRAS EMPRESAS,,2014-A,2014-A,D,ORI
L01597,20100154219,DISTRIBUIDORA VEGA S A,,OTRAS EMPRESAS,,2014-A,2014-A,D,ORI
L01598,20296897338,MICHELLE BELAU S.A.C.,,OTRAS EMPRESAS,,2014-A,2014-A,D,ORI
L01599,20514039675,TAIXING S.A.C.,,OTRAS EMPRESAS,,2014-A,2014-A,D,ORI
L01600,20340155115,VENTURA HERMANOS S.R.L.,,OTRAS EMPRESAS,,2014-A,2014-A,D,ORI
L01601,20349304903,ARCLAD DEL PERU S.A.C.,,OTRAS EMPRESAS,,2014-A,2014-A,D,ORI
L01602,20454648901,OLAZABAL INTERNATIONAL INVESTMENT & SERVICES S.A.C.,,OTRAS EMPRESAS,,2014-A,2014-A,D,ORI
L01603,20395222172,CONSTRUCTORA FERRETERA SAN ANTONIO SRL,,OTRAS EMPRESAS,,2014-A,2014-A,D,ORI
L01604,20324810278,PESQUERA ROSARIO S.A.,,OTRAS EMPRESAS,,2014-A,2014-A,D,ORI
L01606,20101556906,INMOBILIARIA SIGLO XXI S A,,OTRAS EMPRESAS,,2014-A,2014-A,D,ORI
L01607,20513151978,TRANSLOGISTICS S.A.C.,,OTRAS EMPRESAS,,2014-A,2014-A,D,ORI
L01608,20100132916,CERAMICOS PERUANOS S A,,OTRAS EMPRESAS,,2014-A,2014-A,D,ORI
L01609,20101039910,ONCOSALUD S.A.C.,,OTRAS EMPRESAS,,2014-A,2014-A,D,ORI
L01610,20537227843,CATALOGOS DEPORTIVOS S.A.C.,,OTRAS EMPRESAS,,2013-A,2014-A,D,ORI
L01612,20512382909,SANTA ISABELLA SAC,,OTRAS EMPRESAS,,2014-A,2014-A,D,ORI
L01614,20509862843,AGP PERU S.A.C.,,OTRAS EMPRESAS,,2014-A,2014-A,D,ORI
L01615,20504126367,S.RODRIGUEZ BANDA S.A.C.,,OTRAS EMPRESAS,,2014-A,2014-A,D,ORI
L01616,20381499627,LLANTA SAN MARTIN S.R.LTDA.,,OTRAS EMPRESAS,,2014-A,2014-A,D,ORI
L01617,20547517459,INMOBILIARIA VALLE HERMOSO S.A.C.,,OTRAS EMPRESAS,,2014-A,2014-A,D,ORI
L01618,20547045425,BGH INMOBILIARIA SOCIEDAD ANONIMA CERRADA,,OTRAS EMPRESAS,,2014-A,2014-A,D,ORI
L01619,20418420830,CEMFINOR E.I.R.L.,,OTRAS EMPRESAS,,2014-A,2014-A,D,ORI
L01620,20526109822,DISTRIBUIDORA MARTINEZ GOMEZ S.A.C.,,OTRAS EMPRESAS,,2014-A,2014-A,D,ORI
L01621,20518759079,CORPORACION HELEO SOCIEDAD ANONIMA CERRADA,,OTRAS EMPRESAS,,2014-A,2014-A,D,ORI
L01622,20501424774,ANOVO PERU S.A.C.,,OTRAS EMPRESAS,,2014-A,2014-A,D,ORI
L01623,20501864405,ESCO PERU S.R.L.,,OTRAS EMPRESAS,,2014-A,2014-A,D,ORI
L01624,20447524415,SERVICIOS GENERALES ARAGON S.A.C.,,OTRAS EMPRESAS,,2014-A,2014-A,D,ORI
L01625,20494691524,FRIOPACKING S.A.C.,,OTRAS EMPRESAS,,2014-A,2014-A,D,ORI
L01626,20303115405,INVERSIONES DINAMICAS M & W S.A,,OTRAS EMPRESAS,,2014-A,2014-A,D,ORI
L01627,20556506168,RUSTHAL INVESTMENTS S.A.C.,,OTRAS EMPRESAS,,2014-A,2014-A,D,ORI
L01628,20556446670,HITCHAL INVESTMENTS S.A.C.,,OTRAS EMPRESAS,,2014-A,2014-A,D,ORI
L01629,20556426059,AXANA INVESTMENTS S.A.C.,,OTRAS EMPRESAS,,2014-A,2014-A,D,ORI
L01630,20536435582,GSP SERVICIOS GENERALES S.A.C.,,OTRAS EMPRESAS,,2014-A,2014-A,D,ORI
L01631,20501781291,MEDIC SER S.A.C.,,OTRAS EMPRESAS,,2014-A,2014-A,D,ORI
L01632,20521109808,GLUCOM S.A.C.,,OTRAS EMPRESAS,,2014-A,2014-A,D,ORI
L01636,20556119041,CAYETANO S.A.C,,OTRAS EMPRESAS,,2014-A,2014-A,D,ORI
L01637,20518044495,CONSTRUCCIONES MAVA & CO S.A,,OTRAS EMPRESAS,,2014-A,2014-A,D,ORI
L01638,20546899421,EDIFICACIONES Y CONSTRUCCIONES CHACARILLA S.A.C.,,OTRAS EMPRESAS,,2014-A,2014-A,D,ORI
L01639,20538208320,EDIFICACIONES Y CONSTRUCCIONES LOS CASTAÑOS S.A.C.,,OTRAS EMPRESAS,,2014-A,2014-A,D,ORI
L01640,20553274592,CONSTRUCCIONES INMOBILIARIAS SANTIAGO DE SURCO S.A.C.,,OTRAS EMPRESAS,,2014-A,2014-A,D,ORI
L01642,20491990075,VIACONSUMO S.A.C.,,EMPRESAS MERCADO ALTERNATIVO DE VALORES,DIVERSOS,2014-A,2017-A,D,"BG,ER,FE,ORI"
L01643,20381600441,LOYALTY PERU S.A.C.,,OTRAS EMPRESAS,,2014-A,2014-A,D,ORI
L01644,20512736484,MOUNTAIN LODGES OF PERU S.A.C.,,OTRAS EMPRESAS,,2014-A,2014-A,D,ORI
L01645,20516505819,INLAND SERVICES PERU S.A.C.,,OTRAS EMPRESAS,,2014-A,2014-A,D,ORI
L01647,20101155588,PROSEGURIDAD S A,,OTRAS EMPRESAS,,2014-A,2014-A,D,ORI
L01648,20512830154,FT CONSTRUCTORES SOCIEDAD ANONIMA CERRADA,,OTRAS EMPRESAS,,2014-A,2014-A,D,ORI
L01649,20100129028,NOVARTIS BIOSCIENCES PERU S.A.,,OTRAS EMPRESAS,,2014-A,2014-A,D,ORI
L01650,20524380472,MINERA SANTA LUCIA G S.A.C - MISALUSAC,,OTRAS EMPRESAS,,2014-A,2014-A,D,ORI
L01651,20100369509,ESTRUCTURAS INDUSTRIALES EGA S A,,OTRAS EMPRESAS,,2014-A,2014-A,D,ORI
L01652,20515139321,AGRICOLA CHALLAPAMPA SAC,,OTRAS EMPRESAS,,2014-A,2014-A,D,ORI
L01653,20538995879,DISTRIBUCIONES DEL NORTE ORIENTE SOCIEDAD ANONIMA CERRADA,,OTRAS EMPRESAS,,2014-A,2014-A,D,ORI
L01654,20100202124,REPARACIONES Y SERVICIOS DEL SUR S.A.C.,,OTRAS EMPRESAS,,2013-A,2014-A,D,ORI
L01655,20538540529,M & W CONSTRUCCIONES S.A.C.,,OTRAS EMPRESAS,,2014-A,2014-A,D,ORI
L01656,20551848010,ATIPANA DEX S.A.C.,,OTRAS EMPRESAS,,2014-A,2014-A,D,ORI
L01657,20507553711,WAN XIN GROUP E.I.R.L.,,OTRAS EMPRESAS,,2014-A,2014-A,D,ORI
L01658,20120046307,ROAYA S.A.C CONTRATISTAS GENERALES,,OTRAS EMPRESAS,,2014-A,2014-A,D,ORI
L01661,20510756682,NK MANAGEMENT SOCIEDAD ANONIMA,,OTRAS EMPRESAS,,2014-A,2014-A,D,ORI
L01662,20516980452,ECOPETROL DEL PERU S.A,,OTRAS EMPRESAS,,2013-A,2014-A,D,ORI
L01663,20207770796,ORIFLAME PERU SA,,OTRAS EMPRESAS,,2014-A,2014-A,D,ORI
L01664,20195937541,RECKITT BENCKISER PERU S.A.,,OTRAS EMPRESAS,,2014-A,2014-A,D,ORI
L01665,20537605465,AGGREKO PERU S.A.C.,,OTRAS EMPRESAS,,2014-A,2014-A,D,ORI
L01666,20509449644,AKIM SERVICE SRL,,OTRAS EMPRESAS,,2014-A,2014-A,D,ORI
L01668,20426525390,DISTRIBUIDORA DE AVES Y PROCESADOS SOCIEDAD ANONIMA CERRADA - DASPRO S.A.C.,,OTRAS EMPRESAS,,2014-A,2014-A,D,ORI
L01669,20550330050,TEXTILE SOURCING COMPANY S.A.C,,OTRAS EMPRESAS,,2014-A,2014-A,D,ORI
L01671,20101902740,ESPECIALIDADES TECNICAS SAC,,OTRAS EMPRESAS,,2014-A,2014-A,D,ORI
L01672,20185788599,CALZADO ATLAS S A,,OTRAS EMPRESAS,,2014-A,2014-A,D,ORI
L01673,20516861283,NAVAR INVERSIONES S.A.,,OTRAS EMPRESAS,,2012-A,2014-A,D,ORI
L01674,20516524015,CORPORACION GEO CHI S.A.C.,,OTRAS EMPRESAS,,2012-A,2014-A,D,ORI
L01675,20555572680,MONTEALEGRE HOLDING S.A.C.,,OTRAS EMPRESAS,,2013-A,2014-A,D,ORI
L01676,20524537631,CORPORACION NORGE S.A.C.,,OTRAS EMPRESAS,,2012-A,2014-A,D,ORI
L01677,20555903465,GRAN FENIX HOLDING SAC,,OTRAS EMPRESAS,,2013-A,2014-A,D,ORI
L01679,20518010248,C & B LOGISTICS S.A.C.,,OTRAS EMPRESAS,,2014-A,2014-A,D,ORI
L01681,20538129616,NUEVO MUNDO LIMA HOTEL S.A.C.,,OTRAS EMPRESAS,,2014-A,2014-A,D,ORI
L01682,20250505176,INMOBILIARIA BOCANEGRA S.A.C.,,OTRAS EMPRESAS,,2014-A,2014-A,D,ORI
L01683,20100989558,VARI S.A.C,,OTRAS EMPRESAS,,2014-A,2014-A,D,ORI
L01689,20392952455,PERUVIAN PACIFIC LINE S.A.C.,,OTRAS EMPRESAS,,2014-A,2014-A,D,ORI
L01695,20100134021,DOW PERU S.A.,,OTRAS EMPRESAS,,2014-A,2014-A,D,ORI
L01696,20563624362,GL EVENTS SERVICES S.A. SUCURSAL DEL PERU,,OTRAS EMPRESAS,,2014-A,2014-A,D,ORI
L01698,20419470041,T.J.C. PERU S.A,,OTRAS EMPRESAS,,2014-A,2014-A,D,ORI
L01699,20506123098,FASHION COMPANY S.A.C,,OTRAS EMPRESAS,,2014-A,2014-A,D,ORI
L01700,20508325038,NEGOCIACIONES LA CARTUJA S.A.C.,,OTRAS EMPRESAS,,2014-A,2014-A,D,ORI
L01703,20555774045,FUERZADEX S.A.C.,,OTRAS EMPRESAS,,2014-A,2014-A,D,ORI
L01766,20604087695,HMC ASSET MANAGEMENT S.A. SOCIEDAD ADMINISTRADORA DE FONDOS DE INVERSION,6630,SOCIEDADES ADMINISTRADORAS DE FONDOS DE INVERSION,,2019-T4,2026-T2,D,"BG,ER,FE,ORI"
L01775,20604306150,BANK OF CHINA (PERU) S.A.,6519,EMPRESAS EMISORAS,BANCOS,2020-T3,2026-T2,F,"BG,ER,FE,ORI"
L01785,20393341786,BOSQUES AMAZONICOS S.A.,3098,EMPRESAS EMISORAS,DIVERSOS,2020-A,2026-T2,D,"BG,ER,FE,ORI"
L01790,20605857656,SOCIEDAD TITULIZADORA SURA S.A.,,SOCIEDADES TITULIZADORAS,,2020-T4,2024-T1,D,"BG,ER,FE,ORI"
L01796,20604017263,INVERSIONES CORPORATIVAS A1 S.A. - INVERCORP A1 S.A.,6810,EMPRESAS EMISORAS,DIVERSOS,2020-T4,2026-T2,D,"BG,ER,FE,ORI"
L01835,20607399850,BD CAPITAL SOCIEDAD TITULIZADORA S.A.C,6599,SOCIEDADES TITULIZADORAS,,2021-T3,2026-T2,D,"BG,ER,FE,ORI"
L01894,20566550939,AFLUENTA PERU SOCIEDAD ADMINISTRADORA DE PLATAFORMA DE FINANCIAMIENTO PARTICIPATIVO FINANCIERO S.A.C.,,SOCIEDADES ADMINISTRADORAS DE PLATAFORMAS DE FINANCIAMIENTO PARTICIPATIVO FINANCIERO,FINANCIERAS,2022-T2,2024-T3,D,"BG,ER,FE,ORI"
L02078,20611235233,MIFONDO EMPRESA ADMINISTRADORA DE FONDOS COLECTIVOS SOCIEDAD ANONIMA CERRADA,6719,EMPRESAS ADMINISTRADORAS DE FONDOS COLECTIVOS,,2023-T4,2026-T2,D,"BG,ER,FE,ORI"
L02091,20610205501,PROYECTO CROWD PFPF S.A.C.,,SOCIEDADES ADMINISTRADORAS DE PLATAFORMAS DE FINANCIAMIENTO PARTICIPATIVO FINANCIERO,ARRENDAMIENTO FINANCIERO,2023-T3,2024-T3,D,"BG,ER,FE,ORI"
L02127,20611678500,INVERSIONES PORTUARIAS CHANCAY S.A.A.,6599,EMPRESAS EMISORAS,DIVERSOS,2023-A,2026-T2,D,"BG,ER,FE,ORI"
L02363,20613302612,INVERPERU INMOBILIARIA S.A.A.,6420,EMPRESAS EMISORAS,DIVERSOS,2025-T2,2026-T2,D,"BG,ER,FE,ORI"
M00001,20256192269,CREDICORP CAPITAL S.A. SOCIEDAD ADMINISTRADORA DE FONDOS,6711,SOCIEDADES ADMINISTRADORAS DE FONDOS MUTUOS Y FONDOS DE INVERSION,,2000-T1,2026-T2,D,"BG,ER,FE,ORI"
M00003,20264711763,WIESE S.A.F.M.IV.Y F.I.-WIESE FONDOS S.A,,SOCIEDADES ADMINISTRADORAS DE FONDOS MUTUOS Y FONDOS DE INVERSION,,2000-T2,2000-T2,D,"BG,ER,FE"
M00004,20268451146,INTERFONDOS S.A. SOCIEDAD ADMINISTRADORA DE FONDOS,6712,SOCIEDADES ADMINISTRADORAS DE FONDOS MUTUOS Y FONDOS DE INVERSION,,2000-T1,2026-T2,D,"BG,ER,FE,ORI"
M00008,,PROMOTORES E INVERSIONES INVESTA S.A. SOCIEDAD AGENTE DE BOLSA - ADMINISTRADORA DE FONDOS,,SOCIEDADES ADMINISTRADORAS DE FONDOS MUTUOS,,2001-T3,2001-T3,D,"BG,ER,FE"
M00010,20332606957,LA ADMINISTRADORA S.A. SOCIEDAD ADMINISTRADORA DE FONDOS (RET),,SOCIEDADES ADMINISTRADORAS DE FONDOS MUTUOS Y FONDOS DE INVERSION,,2000-T1,2003-T1,D,"BG,ER,FE"
M00011,20375862779,BBVA ASSET MANAGEMENT S.A. SAF,6599,SOCIEDADES ADMINISTRADORAS DE FONDOS MUTUOS Y FONDOS DE INVERSION,,2000-T1,2026-T2,D,"BG,ER,FE,ORI"
M00013,20379859888,GRUPO CORIL SOCIEDAD ADMINISTRADORA DE FONDOS S.A.,6711,SOCIEDADES ADMINISTRADORAS DE FONDOS MUTUOS Y FONDOS DE INVERSION,,2000-T1,2026-T2,D,"BG,ER,FE,ORI"
M00014,20382907206,FONDOS AVAL SOCIEDAD ADMINISTRADORA DE FONDOS S.A.,,SOCIEDADES ADMINISTRADORAS DE FONDOS MUTUOS Y FONDOS DE INVERSION,,2000-T1,2002-T4,D,"BG,ER,FE"
M00016,20384959416,SCOTIA FONDOS SOCIEDAD ADMINISTRADORA DE FONDOS MUTUOS S.A.,6711,SOCIEDADES ADMINISTRADORAS DE FONDOS MUTUOS Y FONDOS DE INVERSION,,2000-T1,2026-T2,D,"BG,ER,FE,ORI"
M00017,20383157570,PROMOINVEST SOCIEDAD ADMINISTRADORA DE FONDOS S.A.(RET),,SOCIEDADES ADMINISTRADORAS DE FONDOS MUTUOS Y FONDOS DE INVERSION,,2001-T1,2001-T1,D,"BG,ER,FE"
M00018,20139303092,PROMOINVEST SOCIEDAD ADMINISTRADORA DE FONDOS S.A.A.,6719,SOCIEDADES ADMINISTRADORAS DE FONDOS MUTUOS Y FONDOS DE INVERSION,,2000-T3,2026-T2,D,"BG,ER,FE,ORI"
M00019,20510000138,SURA INVESTMENTS SOCIEDAD ADMINISTRADORA DE FONDOS S.A.C.,6599,SOCIEDADES ADMINISTRADORAS DE FONDOS MUTUOS Y FONDOS DE INVERSION,,2005-T1,2026-T2,D,"BG,ER,FE,ORI"
NI1041,20166125961,SOC MINERA DE RESP LTDA CHAUPILOMA DOS D,,OTRAS EMPRESAS,,2012-A,2014-A,D,ORI
NI2449,20101025617,MACROCONSULT S.A.,,SOCIEDADES ESTRUCTURADORAS - SES,,2011-A,2011-A,D,"BG,ER,FE,ORI"
NI3380,20153288519,COMPANIA MINERA SAN VALENTIN S.A.,,EMPRESAS SUPERVISADAS - SUP,,2014-A,2014-A,D,ORI
NI3483,20268248936,ZETTA COMUNICADORES DEL PERU S.A. E.M.A.,,OTRAS EMPRESAS,,2012-A,2014-A,D,ORI
NI4508,20100539439,EMP.EXPLOTADORA DE VINCHOS LTDA S.A.C.,,OTRAS EMPRESAS,,2012-A,2014-A,D,ORI
NI5343,20106876321,ANDINA PLAST S R L,,EMPRESAS SUPERVISADAS - SUP,,2012-A,2014-A,D,ORI
NI6761,20197599899,CLINICA BELEN S.A.,,OTRAS EMPRESAS,,2012-A,2013-A,D,ORI
NI9787,20171036284,INDUSTRIAS FIBRAFORTE S A,,EMPRESAS SUPERVISADAS - SUP,,2014-A,2014-A,D,ORI
OE0032,20138149022,UNIVERSIDAD DE SAN MARTIN DE PORRES,,EMPRESAS EMISORAS,DIVERSOS,2005-T1,2012-A,D,"BG,ER,FE,ORI"
OE0063,20100356270,CUMBRA INGENIERIA S.A.,,OTRAS EMPRESAS,,2012-A,2014-A,D,ORI
OE0112,20339309761,PROMOCION INMOBILIARIA DEL SUR S.A.C.,,OTRAS EMPRESAS,,2012-A,2014-A,D,ORI
OE0204,20333629438,CORPORACION ANDINA DE NEGOCIOS S.A.,,OTRAS EMPRESAS,,2013-A,2014-A,D,ORI
OE0220,20100015014,ZINC INDUSTRIAS NACIONALES S A,,EMPRESAS EMISORAS,MINERAS,2007-T2,2014-A,D,"BG,ER,FE,ORI"
OE0230,20100654025,CORPORACION DE INDUSTRIAS PLASTICAS S A,,OTRAS EMPRESAS,,2012-A,2014-A,D,ORI
OE0342,20126341459,SERVICIOS E INVERSIONES FENPER S.A.,,OTRAS EMPRESAS,,2014-A,2014-A,D,ORI
OE0435,20387004301,INVERSIONES NUEVA METROPOLI S.A.C.,,OTRAS EMPRESAS,,2012-A,2014-A,D,ORI
OE0475,20137777305,GRUPO ACP INVERSIONES Y DESARROLLO - GRUPO ACP,,OTRAS EMPRESAS,,2002-T3,2015-T2,"B,F","BG,ER,FE,ORI"
OE0513,,DUKE ENERGY INTERNATIONAL PERU INVESTMENTS Nº1 S.A.C.,,OTRAS EMPRESAS,,2000-T4,2002-T3,D,"BG,ER,FE"
OE0515,,INVERSIONES Y ASESORIAS SURCO S.A.,,OTRAS EMPRESAS,,2002-A,2003-A,"E,S","BG,ER,FE"
OE0524,20129497077,CEMENTO ANDINO S.A.,,EMPRESAS EMISORAS,INDUSTRIALES,2007-T2,2012-T3,D,"BG,ER,FE,ORI"
OE0620,20266409461,OPEN PLAZA S.A.,,OTRAS EMPRESAS,,2012-A,2014-A,D,ORI
OE0640,20422102770,ETEX PERU S.A.C.,,OTRAS EMPRESAS,,2000-T4,2014-T4,D,"BG,ER,FE,ORI"
OE0654,20414989277,TELEATENTO DEL PERU S.A.C.,,OTRAS EMPRESAS,,2012-A,2014-A,D,ORI
OE0699,20390256044,AZUCAGRO S.A,,OTRAS EMPRESAS,,2000-T3,2007-T1,D,"BG,ER,FE"
OE0764,20421526258,MULTIMERCADOS ZONALES S.A.C.,,OTRAS EMPRESAS,,2013-A,2014-A,D,ORI
OE0770,20387570757,INVERSIONES INVERNADIC S.A.,7499,OTRAS EMPRESAS,,2000-T4,2025-T3,D,"BG,ER,FE,ORI"
OE0777,20423835622,SOCIEDAD DE CARTERA DEL PACIFICO S.R.L. SOCAP,,OTRAS EMPRESAS,,2000-T4,2004-T1,D,"BG,ER,FE"
OE0826,20347644502,EMPRESA MINERA PARAGSHA S.A.C.,,OTRAS EMPRESAS,,2012-A,2014-A,D,ORI
OE0839,20430493486,PERUVIAN OPPORTUNITY COMPANY S.A.C.,,OTRAS EMPRESAS,,2002-T2,2021-T2,D,"BG,ER,FE,ORI"
OE0843,20459940660,TELEFONICA SERVICIOS COMERCIALES S.A.C.,,OTRAS EMPRESAS,,2012-A,2013-A,D,ORI
OE0851,,TERKEL S.A.,,OTRAS EMPRESAS,,2000-T3,2000-T3,E,"BG,ER,FE"
OE0868,20456736000,INMOBILIARIA PARIACHI S.A.,,EMPRESAS EMISORAS,DIVERSOS,2000-T1,2006-T3,D,"BG,ER,FE"
OE0875,20129646099,ELECTROCENTRO S.A.,,OTRAS EMPRESAS,,2012-A,2014-A,D,ORI
OE0876,20102708394,ELECTRONOROESTE S.A,,OTRAS EMPRESAS,,2012-A,2014-A,D,ORI
OE0877,20429836752,CORPORACION PERHUSA S.A.,,OTRAS EMPRESAS,,2000-T4,2010-A,D,"BG,ER,FE,ORI"
OE0879,20394862704,VERDUM PERU S.A.C.,,OTRAS EMPRESAS,,2014-A,2014-A,D,ORI
OE0911,20458605662,FONDO NACIONAL DE FINANCIAMIENTO DE LA A CTIVIDAD EMPRESARIAL DEL ESTADO - FONAFE O FONAFE,,OTRAS EMPRESAS,,2012-A,2013-A,D,ORI
OE0935,20377167580,PERU HOTEL Y SERVICIOS S.A.,,OTRAS EMPRESAS,,2014-A,2014-A,D,ORI
OE0957,20411808972,AGRICOLA PAMPA BAJA S.A.C.,,OTRAS EMPRESAS,,2014-A,2014-A,D,ORI
OE0961,20431115825,PACIFICO S.A. ENTIDAD PRESTADORA DE SALUD,,EMPRESAS MERCADO INVERSIONISTA INSTITUCIONAL,SERVICIOS PUBLICOS,2013-A,2020-A,D,"BG,ER,FE,ORI"
OE0967,20262020941,PERU HOTEL S.A.,,OTRAS EMPRESAS,,2012-A,2014-A,D,ORI
OE0968,20293739146,MARSANO PALACE SA,,OTRAS EMPRESAS,,2012-A,2014-A,D,ORI
OE1033,20103959251,CONSORCIO DISTRIBUIDOR IQUITOS S.A.,,OTRAS EMPRESAS,,2012-A,2014-A,D,ORI
OE1034,20100039037,CORPORACION DE SERVICIOS GR S.A.,,OTRAS EMPRESAS,,2013-A,2014-A,D,ORI
OE1059,20497199221,ACTIVAR S.A.C.,,OTRAS EMPRESAS,,2001-T1,2001-A,D,"BG,ER,FE"
OE1060,20304707454,AGUILA CORP.SOCIEDAD ANONIMA CERRADA EN LIQUIDACION,,OTRAS EMPRESAS,,2001-T1,2005-T2,D,"BG,ER,FE"
OE1064,20428500475,TERMINAL INTERNACIONAL DEL SUR S.A.,,OTRAS EMPRESAS,,2012-A,2014-A,D,ORI
OE1065,20489174023,CEMENTOS SELVA S.A.C.,,OTRAS EMPRESAS,,2012-A,2014-A,D,ORI
OE1075,20100027021,UNIMAQ S.A.,,OTRAS EMPRESAS,,2012-A,2014-A,D,ORI
OE1076,20471786811,VIAJES FALABELLA SAC,,OTRAS EMPRESAS,,2012-A,2014-A,D,ORI
OE1181,20500805103,TELEFONICA MOVILES PERU HOLDING S.A.A.,,EMPRESAS EMISORAS,DIVERSOS,2000-T4,2008-T3,D,"BG,ER,FE"
OE1185,20498957715,CORPORACION AGRO INDUSTRIAL PROGRESO S.A,,OTRAS EMPRESAS,,2012-A,2014-A,D,ORI
OE1195,20501322343,EMPRESA DE TRANSMISION GUADALUPE S.A.C.,,OTRAS EMPRESAS,,2012-A,2014-A,D,ORI
OE1214,20501827623,GESTION DE SERVICIOS COMPARTIDOS S.A.C.,,OTRAS EMPRESAS,,2012-A,2014-A,D,ORI
OE1221,20502012445,SERVICIOS GLOBALES DE TELECOMUNICACIONES S.A.C.,,OTRAS EMPRESAS,,2012-A,2014-A,D,ORI
OE1237,20501971406,INVERSIONES EN PUERTOS S.A.,,OTRAS EMPRESAS,,2014-A,2014-A,D,ORI
OE1244,20432747833,FERROCARRIL TRANSANDINO S.A.,,OTRAS EMPRESAS,,2012-A,2013-A,D,ORI
OE1248,20414812423,INVERSIONES EN SERVICIOS ELECTRICOS S.R.L.,,OTRAS EMPRESAS,,2013-A,2014-A,D,ORI
OE1258,20470648997,CINCO ROBLES S.A.C.,,OTRAS EMPRESAS,,2012-A,2012-A,D,ORI
OE1259,20208388500,TRES PALMERAS S A,,OTRAS EMPRESAS,,2012-A,2012-A,D,ORI
OE1262,20303569422,RIO PATIVILCA S.A,,OTRAS EMPRESAS,,2000-A,2014-A,D,"BG,ER,FE,ORI"
OE1274,20423264617,INMUEBLES PANAMERICANA S.A.,,EMPRESAS EMISORAS,DIVERSOS,2005-T3,2018-T2,D,"BG,ER,FE,ORI"
OE1291,,INVERSIONES ALTAS CUMBRES S.A.,,OTRAS EMPRESAS,,2001-A,2007-A,"B,F","BG,ER,FE"
OE1292,20154755528,PENSIONES SURA PERU S.A,,OTRAS EMPRESAS,,2012-A,2013-A,D,ORI
OE1293,20413703604,INDUSTRIAL CHUCARAPI PAMPA BLANCA S.A.,,OTRAS EMPRESAS,,2014-A,2014-A,D,ORI
OE1305,20513036010,PERUVIAN SERVICES COMPANY S.R.L.,,OTRAS EMPRESAS,,2013-A,2014-A,D,ORI
OE1407,20501426041,HIBU PERU S.A.C.,,OTRAS EMPRESAS,,2012-A,2014-A,D,ORI
OE1448,20468802342,ORAZUL ENERGY PERU HOLDINGS S.R.L.,,OTRAS EMPRESAS,,2002-T4,2014-A,D,"BG,ER,FE,ORI"
OE1459,20110200201,QUIMTIA S.A.,,OTRAS EMPRESAS,,2012-A,2014-A,D,ORI
OE1469,20414955020,RIMAC S.A. ENTIDAD PRESTADORA DE SALUD,,OTRAS EMPRESAS,,2012-A,2014-A,D,ORI
OE1470,20506540284,CUMBRES ANDINAS SA,,OTRAS EMPRESAS,,2012-A,2014-A,D,ORI
OE1488,20506840326,INMOBILIARIA KAINOS S.A.C.,,OTRAS EMPRESAS,,2012-A,2014-A,D,ORI
OE1501,20291334335,GRUPO SANTANDER PERU S.A.,,OTRAS EMPRESAS,,2003-T2,2006-T2,D,"BG,ER,FE"
OE1504,20501844986,INTERCONEXION ELECTRICA ISA PERU S.A.,4110,EMPRESAS MERCADO INVERSIONISTA INSTITUCIONAL,DIVERSOS,2012-A,2025-A,D,"BG,ER,FE,ORI"
OE1511,20601767458,QUIMPAC CORP.S.A.C.,,OTRAS EMPRESAS,,2012-A,2014-A,D,ORI
OE1512,20424044203,PERU BELMOND HOTELS S.A.,,OTRAS EMPRESAS,,2014-A,2014-A,D,ORI
OE1516,20504285830,LOGISTICA DEL PACIFICO S.A.C,,OTRAS EMPRESAS,,2013-A,2014-A,D,ORI
OE1566,20501663256,CORPORACION FUNERARIA S.A.,,EMPRESAS EMISORAS,DIVERSOS,2005-T4,2018-T1,D,"BG,ER,FE,ORI"
OE1586,20464993879,ORBIS VENTURES S.A.C.,,OTRAS EMPRESAS,,2012-A,2014-A,D,ORI
OE1590,20506000921,GRUPO TV PERU S.A.C,,OTRAS EMPRESAS,,2012-A,2014-A,D,ORI
OE1593,20101462081,GRUPO LA REPUBLICA S.A.,,OTRAS EMPRESAS,,2012-A,2013-A,D,ORI
OE1595,20100049008,COMPAÑIA PERUANA DE RADIODIFUSION S.A.,,OTRAS EMPRESAS,,2012-A,2014-A,D,ORI
OE1614,20343443961,UNNA TRANSPORTE S.A.C.,,OTRAS EMPRESAS,,2012-A,2014-A,D,ORI
OE1619,20100153832,UNNA ENERGIA S.A.,,OTRAS EMPRESAS,,2012-A,2014-A,D,ORI
OE1652,20472446097,CORPORACION INMOBILIARIA DE LA UNION 600 S.A.,,OTRAS EMPRESAS,,2012-A,2012-A,D,ORI
OE1653,20432405525,PROCESOS DE MEDIOS DE PAGO S.A.,,OTRAS EMPRESAS,,2012-A,2014-A,D,ORI
OE1657,20508433515,INVERSIONES ORO DE CAJAMARCA S.A.,,EMPRESAS EMISORAS,DIVERSOS,2004-T3,2004-T3,D,"BG,ER,FE"
OE1679,20508565934,HIPERMERCADOS TOTTUS S.A,,EMPRESAS EMISORAS,DIVERSOS,2011-T3,2015-T2,D,"BG,ER,FE,ORI"
OE1702,20508061201,IBEROAMERICANA DE PLASTICOS SAC,,OTRAS EMPRESAS,,2013-A,2014-A,D,ORI
OE1722,20505238371,LOGISTICA Y DISTRIBUCION S.A.C.,,OTRAS EMPRESAS,,2012-A,2014-A,D,ORI
OE1743,20294845896,PAN AMERICAN SILVER PERU S.A.C.,,OTRAS EMPRESAS,,2004-T3,2012-A,D,"BG,ER,FE,ORI"
OE1747,20106910872,DELOITTE & TOUCHE S.R.L.,,EMPRESAS VALORIZADORAS,,2014-A,2014-A,D,ORI
OE1766,20419020606,MIRANDA & AMADO ABOGADOS S. CIVIL DE R.L,,OTRAS EMPRESAS,,2013-A,2014-A,D,ORI
OE1780,20507072373,ENERGY BUSINESS INTERNATIONAL S.R.L.,,OTRAS EMPRESAS,,2013-A,2014-A,D,ORI
OE1785,20507072535,ONTARIO - QUINTA S.R.L.,,OTRAS EMPRESAS,,2012-A,2014-A,D,ORI
OE1804,20137291313,MINERA YANACOCHA S.R.L.,,EMPRESAS EMISORAS,MINERAS,2006-T2,2014-A,D,"BG,ER,FE,ORI"
OE1852,20389230724,SODIMAC PERU S.A.,,OTRAS EMPRESAS,,2012-A,2014-A,D,ORI
OE1853,20509608467,CORREDORES DE SEGUROS FALABELLA S.A.C.,,OTRAS EMPRESAS,,2012-A,2013-A,D,ORI
OE1878,20297939131,COMPLEJO AGROINDUSTRIAL BETA S.A.,,EMPRESAS MERCADO INVERSIONISTA INSTITUCIONAL,AGRICOLAS,2012-A,2022-A,D,"BG,ER,FE,ORI"
OE1882,20503615518,INVERSIONES PADEBEST PERU S.A.,,OTRAS EMPRESAS,,2014-A,2014-A,D,ORI
OE1893,20507065326,INVERSIONES INMOBILIARIAS DEL PERU S.A.,,OTRAS EMPRESAS,,2013-A,2013-A,D,ORI
OE1902,20513155965,LARRAIN VIAL S.A. SOCIEDAD ADMINISTRADORA DE FONDOS DE INVERSION,6599,SOCIEDADES ADMINISTRADORAS DE FONDOS DE INVERSION,,2006-T3,2026-T2,D,"BG,ER,FE,ORI"
OE1907,20510014279,CLUB SPORTING CRISTAL S.A.,,OTRAS EMPRESAS,,2012-A,2014-A,D,ORI
OE1908,20462527137,"SERVICIOS, COBRANZAS E INVERSIONES S.A.C. EN LIQUIDACION",,OTRAS EMPRESAS,,2012-A,2014-A,D,ORI
OE1928,20510398158,PRIMA AFP S.A.,6602,EMPRESAS EMISORAS,A.F.P.,2005-T3,2026-T2,"A,D","BG,ER,FE,ORI"
OE1947,20373697720,GRUPO REPSOL DEL PERU S.A.C.,,OTRAS EMPRESAS,,2013-A,2014-A,D,ORI
OE1948,20503840121,REPSOL COMERCIAL SAC,,OTRAS EMPRESAS,,2012-A,2014-A,D,ORI
OE1949,20100176450,REPSOL GAS DEL PERU S.A.,,OTRAS EMPRESAS,,2012-A,2014-A,D,ORI
OE1968,20304177552,PLUSPETROL PERU CORPORATION S.A.,,OTRAS EMPRESAS,,2012-A,2014-A,D,ORI
OE1978,20508294566,PLUSPETROL E&P S.A,,OTRAS EMPRESAS,,2013-A,2014-A,D,ORI
OE1989,20507447369,INDUSTRIAS CACHIMAYO S.A.,,OTRAS EMPRESAS,,2012-A,2014-A,D,ORI
OE2005,20507975977,MINERA LA ZANJA S.R.L.,,OTRAS EMPRESAS,,2012-A,2014-A,D,ORI
OE2006,20110345519,NEWMONT PERU S.R.L.,,OTRAS EMPRESAS,,2013-A,2014-A,D,ORI
OE2008,20510889135,PLUSPETROL CAMISEA S.A.,,EMPRESAS EMISORAS,DIVERSOS,2005-T4,2017-T4,D,"BG,ER,FE,ORI"
OE2009,20510888911,PLUSPETROL LOTE 56 S.A.,,EMPRESAS EMISORAS,DIVERSOS,2010-T2,2016-T4,D,"BG,ER,FE,ORI"
OE2010,20100126193,MARSH PERU S.A.C. CORREDORES DE SEGUROS,,OTRAS EMPRESAS,,2013-A,2014-A,D,ORI
OE2021,20507453687,AGROEMPAQUES S.A.,,OTRAS EMPRESAS,,2012-A,2014-A,D,ORI
OE2027,20279889208,EMPRESA DE GENERACION ELECTRICA DEL SUR S.A.,4010,EMPRESAS EMISORAS,SERVICIOS PUBLICOS,2011-T4,2026-T2,D,"BG,ER,FE,ORI"
OE2030,20100003199,EMP NACIONAL DE PUERTOS S A,,OTRAS EMPRESAS,,2013-A,2014-A,D,ORI
OE2031,20114883230,EMPRESA NACIONAL DE LA COCA S.A.,,OTRAS EMPRESAS,,2014-A,2014-A,D,ORI
OE2033,20196785044,PERUPETRO S.A.,,OTRAS EMPRESAS,,2012-A,2014-A,D,ORI
OE2034,20256136865,"SERVICIOS POSTALES DEL PERU SOCIEDAD ANONIMA ""SERPOST S.A.""",,OTRAS EMPRESAS,,2012-A,2014-A,D,ORI
OE2054,20100082714,PRIMAX S.A,,OTRAS EMPRESAS,,2012-A,2014-A,D,ORI
OE2069,20454073143,LA POSITIVA VIDA SEGUROS Y REASEGUROS S.A.,6601,EMPRESAS EMISORAS,SEGUROS,2005-T4,2026-T2,"E,S","BG,ER,FE,ORI"
OE2144,20507493476,STATKRAFT PERU HOLDING S.R.L.,,OTRAS EMPRESAS,,2005-A,2014-A,D,"BG,ER,FE,ORI"
OE2150,20503758114,GAS NATURAL DE LIMA Y CALLAO S.A.,4020,EMPRESAS MERCADO INVERSIONISTA INSTITUCIONAL,SERVICIOS PUBLICOS,2007-T1,2025-A,D,"BG,ER,FE,ORI"
OE2163,20493437365,DINOSELVA IQUITOS S.A.C.,,OTRAS EMPRESAS,,2012-A,2014-A,D,ORI
OE2228,20511866210,CORPORACION AZUCARERA DEL PERU SOCIEDAD ANONIMA - COAZUCAR DEL PERU S.A.,7740,EMPRESAS MERCADO INVERSIONISTA INSTITUCIONAL,DIVERSOS,2007-T2,2025-A,D,"BG,ER,FE,ORI"
OE2243,20511812713,COMPAÑIA MINERA BARBASTRO SOCIEDAD ANONIMA CERRADA,,OTRAS EMPRESAS,,2012-A,2014-A,D,ORI
OE2250,20512481125,COMPAÑIA ELECTRICA EL PLATANAL S.A.,,OTRAS EMPRESAS,,2012-A,2014-A,D,ORI
OE2254,20441805960,BANCO EFECTIVA S.A. (ANTES FINANCIERA EFECTIVA S.A.),6499,EMPRESAS EMISORAS,BANCOS,2010-T3,2026-T2,F,"BG,ER,FE,ORI"
OE2258,20509845167,DIVISO GRUPO FINANCIERO S.A.,7499,EMPRESAS EMISORAS,DIVERSOS,2007-T3,2025-T4,"D,F","BG,ER,FE,ORI"
OE2269,20511742677,HOLDING PLAZA S.A.,,OTRAS EMPRESAS,,2012-A,2013-A,D,ORI
OE2271,20513074370,BANCO GNB PERU S.A.,6519,EMPRESAS EMISORAS,BANCOS,2006-T3,2026-T2,F,"BG,ER,FE,ORI"
OE2305,,INTERCORP FINANCIAL SERVICES INC.,6599,EMPRESAS EMISORAS,DIVERSOS,2007-T1,2026-T2,"D,F","BG,ER,FE,ORI"
OE2315,20511914125,SOLTRAK S.A.,,OTRAS EMPRESAS,,2012-A,2014-A,D,ORI
OE2343,20100821371,AUTOESPAR S A,,OTRAS EMPRESAS,,2012-A,2014-A,D,ORI
OE2344,20211377748,NOR AUTOS CHICLAYO S.A.C.,,OTRAS EMPRESAS,,2013-A,2013-A,D,ORI
OE2345,20413666130,CONCESIONARIOS AUTORIZADOS S.A.C.,,OTRAS EMPRESAS,,2012-A,2014-A,D,ORI
OE2346,20495635822,AUTONORT CAJAMARCA S.A.C.,,OTRAS EMPRESAS,,2012-A,2014-A,D,ORI
OE2347,20132834351,AUTOMOVILES S.A.,,OTRAS EMPRESAS,,2013-A,2014-A,D,ORI
OE2348,20443108131,CORPORACION AUTOMOTRIZ DEL SUR S.A.,,OTRAS EMPRESAS,,2013-A,2014-A,D,ORI
OE2350,20396419093,AUTONORT TRUJILLO S.A.,,OTRAS EMPRESAS,,2012-A,2014-A,D,ORI
OE2353,20261677955,NEXA RESOURCES CAJAMARQUILLA S.A.,,OTRAS EMPRESAS,,2012-A,2014-A,D,ORI
OE2374,20509295400,FONDO DE INVERSION EN INFRAESTRUCTURA SERVICIOS PUBLICOS Y RECURSOS NATURALES,,OTRAS EMPRESAS,,2012-A,2012-A,D,ORI
OE2455,20383893781,FILE SERVICE S.A.,,OTRAS EMPRESAS,,2012-A,2012-A,D,ORI
OE2457,20471505073,SIKA MBCC PERU S.A.,,OTRAS EMPRESAS,,2013-A,2014-A,D,ORI
OE2474,20136975669,INTERNATIONAL MACHINERY CO S.A.,,OTRAS EMPRESAS,,2014-A,2014-A,D,ORI
OE2487,20100087198,TRADI S.A.,5143,EMPRESAS EMISORAS,DIVERSOS,2012-T4,2026-T2,D,"BG,ER,FE,ORI"
OE2505,20171049262,INVERSIONES VARESLI SA,,OTRAS EMPRESAS,,2013-A,2014-A,D,ORI
OE2507,20512515840,FONDO DE INVERSIONES DIVERSIFICADAS S.A. - FODINSA,,OTRAS EMPRESAS,,2010-T2,2010-T4,D,"BG,ER,FE"
OE2513,20418453177,TRUPAL S.A.,,EMPRESAS EMISORAS,INDUSTRIALES,2010-T2,2014-A,D,"BG,ER,FE,ORI"
OE2517,20165544995,TABLEROS PERUANOS S.A.,,OTRAS EMPRESAS,,2012-A,2014-A,D,ORI
OE2518,20513320753,REPSOL MARKETING S.A.C.,,OTRAS EMPRESAS,,2012-A,2014-A,D,ORI
OE2550,20514785334,ETENORTE S.R.L.,,OTRAS EMPRESAS,,2012-A,2014-A,D,ORI
OE2569,20100108292,CIA MINERA CASAPALCA SA,,OTRAS EMPRESAS,,2012-A,2014-A,D,ORI
OE2627,20514608041,COMPAÑIA MINERA CHUNGAR S.A.C.,,OTRAS EMPRESAS,,2012-A,2014-A,D,ORI
OE2633,20510318227,MINERA AURIFERA TORUNA SAC,,OTRAS EMPRESAS,,2012-A,2014-A,D,ORI
OE2669,20504059236,NEW COMPANY DEL PERU S.A.,,OTRAS EMPRESAS,,2014-A,2014-A,D,ORI
OE2694,20514804495,PUNTO Y COMA EDITORES S.A.C,,OTRAS EMPRESAS,,2012-A,2014-A,D,ORI
OE2699,20514678503,PRODUCCIONES CANTABRIA S.A.C.,,OTRAS EMPRESAS,,2012-A,2014-A,D,ORI
OE2701,20331429601,TOTAL ARTEFACTOS S.A.,,EMPRESAS EMISORAS,DIVERSOS,2008-T3,2013-T1,D,"BG,ER,FE,ORI"
OE2703,20414851241,TOTAL INMUEBLES S.R.L.,,OTRAS EMPRESAS,,2013-A,2013-A,D,ORI
OE2723,20512962735,MINERA SILLUSTANI S.A.C.,,OTRAS EMPRESAS,,2012-A,2014-A,D,ORI
OE2740,20513669560,MALL PLAZA PERU S.A.,,OTRAS EMPRESAS,,2012-A,2014-A,D,ORI
OE2745,20100325633,CIA MINERA SAYAPULLO S A,,OTRAS EMPRESAS,,2013-A,2014-A,D,ORI
OE2748,20514390828,MINERA SAYAATOC S.A,,OTRAS EMPRESAS,,2013-A,2014-A,D,ORI
OE2751,20515885090,CENTRO EMPRESARIAL EL DERBY S.A.,,OTRAS EMPRESAS,,2012-A,2014-A,D,ORI
OE2805,20111060135,LBF TRADING S.A.,,OTRAS EMPRESAS,,2014-A,2014-A,D,ORI
OE2806,20122720650,SURPACK S.A.,2520,EMPRESAS MERCADO ALTERNATIVO DE VALORES,INDUSTRIALES,2013-A,2025-A,D,"BG,ER,FE,ORI"
OE2818,20513549823,PARQUE EL GOLF S.A.C.,,OTRAS EMPRESAS,,2012-A,2014-A,D,ORI
OE2821,20516358760,BOLSER SOCIEDAD ANONIMA CERRADA,,SOCIEDADES ESTRUCTURADORAS - SES,,2007-A,2009-A,D,"BG,ER,FE"
OE2829,20269180731,EMPRESA DE GENERACION ELECTRICA CHEVES S.A,,OTRAS EMPRESAS,,2012-A,2014-A,D,ORI
OE2900,20514162523,NCF VALORES S.A. - VALORES NCF S.A.,,OTRAS EMPRESAS,,2012-A,2013-A,D,ORI
OE2905,20100079331,A R P L TECNOLOGIA INDUSTRIAL S A,,OTRAS EMPRESAS,,2014-A,2014-A,D,ORI
OE2907,20514797855,NCF CONSULTORES S.A,,OTRAS EMPRESAS,,2012-A,2014-A,D,ORI
OE2925,20525413447,AGRICOLA DEL CHIRA S.A.,,OTRAS EMPRESAS,,2012-A,2014-A,D,ORI
OE2940,20261180937,BRITISH AMERICAN TOBACCO DEL PERU S.A.C.,,OTRAS EMPRESAS,,2012-A,2014-A,D,ORI
OE2962,20505590849,ADMINISTRADORA PANAMERICANA S.A.C.,,OTRAS EMPRESAS,,2012-A,2014-A,D,ORI
OE2988,20512638393,FERRENERGY S.A.C.,,OTRAS EMPRESAS,,2012-A,2014-A,D,ORI
OE3000,20515954164,CRESKO SOCIEDAD ANONIMA - CRESKO S.A.,,OTRAS EMPRESAS,,2012-A,2014-A,D,ORI
OE3028,20113604248,CMAC PIURA S.A.C.,,OTRAS EMPRESAS,,2014-A,2014-A,F,ORI
OE3039,20516939495,CONSTRUCTORA AESA S.A.C.,,OTRAS EMPRESAS,,2012-A,2014-A,D,ORI
OE3048,20518497104,RACETRACK PERU S.R.L.,,OTRAS EMPRESAS,,2012-A,2014-A,D,ORI
OE3054,20506098476,PLURAL TV S.A.C.,,OTRAS EMPRESAS,,2012-A,2014-A,D,ORI
OE3055,20513546301,PRODUCTORA PERUANA DE INFORMACION S.A.C.,,OTRAS EMPRESAS,,2012-A,2014-A,D,ORI
OE3056,20516711559,BANCO SANTANDER PERU S.A.,6419,EMPRESAS EMISORAS,BANCOS,2007-T4,2026-T2,F,"BG,ER,FE,ORI"
OE3060,20506377600,IMPALA TERMINALS PERU S.A.C.,,OTRAS EMPRESAS,,2013-A,2014-A,D,ORI
OE3069,20516670429,TITULIZADORA PERUANA SOCIEDAD TITULIZADORA S.A.,,SOCIEDADES TITULIZADORAS,,2007-T4,2010-T3,D,"BG,ER,FE"
OE3075,20512076379,FASHION CENTER S.A.,,OTRAS EMPRESAS,,2012-A,2014-A,D,ORI
OE3076,20515121201,CARRETERA SIERRA PIURA S.A.C.,,OTRAS EMPRESAS,,2012-A,2014-A,D,ORI
OE3103,20506114340,INVERSIONES NUEVA ETAPA SAC,,OTRAS EMPRESAS,,2013-A,2013-A,D,ORI
OE3108,20375312868,EDYFICAR PERU S.A.,,EMPRESAS EMISORAS,DIVERSOS,2007-T4,2017-T2,"D,F","BG,ER,FE,ORI"
OE3109,20450125904,PALMAS DEL SHANUSI S.A.,,OTRAS EMPRESAS,,2012-A,2014-A,D,ORI
OE3125,20506475288,AGROINDUSTRIAL DEL PERU SOCIEDAD ANONIMA CERRADA,,OTRAS EMPRESAS,,2012-A,2014-A,D,ORI
OE3148,20525538738,SUCROALCOLERA DEL CHIRA S.A.,,OTRAS EMPRESAS,,2012-A,2014-A,D,ORI
OE3161,,MINERA IRL LIMITED,5142,EMPRESAS EMISORAS,MINERAS,2016-T4,2026-T2,D,"BG,ER,FE,ORI"
OE3165,20517273393,SERVICIOS AERONAUTICOS UNIDOS S.A.C.,,OTRAS EMPRESAS,,2013-A,2013-A,D,ORI
OE3174,20517719405,AVENIDA BENAVIDES S.A.C. EN LIQUIDACION,,SOCIEDADES ADMINISTRADORAS DE FONDOS DE INVERSION,,2008-T1,2020-T4,D,"BG,ER,FE,ORI"
OE3185,20262996329,FARMINDUSTRIA S.A.,,EMPRESAS EMISORAS,INDUSTRIALES,2007-T4,2014-A,D,"BG,ER,FE,ORI"
OE3191,20517207331,PROTECTA S.A. COMPAÑIA DE SEGUROS Y REASEGUROS,6601,EMPRESAS EMISORAS,SEGUROS,2007-T4,2026-T2,E,"BG,ER,FE,ORI"
OE3192,20516865190,FINANTY S.A.,6630,EMPRESAS MERCADO INVERSIONISTA INSTITUCIONAL,DIVERSOS,2013-A,2025-A,D,"BG,ER,FE,ORI"
OE3196,20262786511,DROKASA PERU S.A.,,OTRAS EMPRESAS,,2013-A,2014-A,D,ORI
OE3197,20325117835,SOCIEDAD AGRICOLA DROKASA S.A.,,OTRAS EMPRESAS,,2012-A,2014-A,D,ORI
OE3200,20419323170,PUIG PERU S.A.,,OTRAS EMPRESAS,,2014-A,2014-A,D,ORI
OE3202,20514987395,ARRENDAMIENTO OPERATIVO CIB S.A.C.,,OTRAS EMPRESAS,,2012-A,2012-A,D,ORI
OE3203,20517476405,ALFIN BANCO S.A.,6419,EMPRESAS EMISORAS,BANCOS,2008-T1,2026-T2,F,"BG,ER,FE,ORI"
OE3205,20228319768,FINANCIERA CONFIANZA S.A.A.,6599,EMPRESAS EMISORAS,FINANCIERAS,2008-T2,2026-T2,F,"BG,ER,FE,ORI"
OE3207,20517216241,CARRETERA ANDINA DEL SUR S.A.C.,,OTRAS EMPRESAS,,2012-A,2014-A,D,ORI
OE3212,20509093521,CONCESIONARIA TRASVASE OLMOS S.A.,5190,EMPRESAS EMISORAS,DIVERSOS,2007-T4,2025-T2,D,"BG,ER,FE,ORI"
OE3221,20193022023,CORPORACION DEL MAR S.A.,,EMPRESAS EMISORAS,INDUSTRIALES,2007-T4,2010-T2,D,"BG,ER,FE"
OE3531,20493645804,PROORIENTE S.A.,,OTRAS EMPRESAS,,2012-A,2014-A,D,ORI
OE3532,20125909621,COMPAÑIA MINERA EL PILAR S.A.C.,,OTRAS EMPRESAS,,2012-A,2014-A,D,ORI
OE3544,20516124777,NCF INMOBILIARIA S.A.,,OTRAS EMPRESAS,,2012-A,2013-A,D,ORI
OE3556,20393358832,DISTRIBUIDORA FERIA PUCALLPA S.A.C.,,OTRAS EMPRESAS,,2014-A,2014-A,D,ORI
OE3557,20518410858,CONSORCIO CEMENTERO DEL SUR S.A.,2694,EMPRESAS EMISORAS,DIVERSOS,2008-T2,2026-T2,D,"BG,ER,FE,ORI"
OE3612,20514419826,ESQUEMA INVESTMENT S.A.,,OTRAS EMPRESAS,,2014-A,2014-A,D,ORI
OE3620,20100269466,CAJA MUNICIPAL DE CREDITO POPULAR DE LIM A,,OTRAS EMPRESAS,,2014-A,2014-A,F,ORI
OE3625,20221733160,CAJA RURAL DE AHORRO Y CRÉDITO CREDINKA S.A. - CREDINKA S.A.,,OTRAS EMPRESAS,,2014-A,2014-A,F,ORI
OE3628,20518044738,INVERSIONES CERAMICA S.A.C.,,OTRAS EMPRESAS,,2008-T2,2020-T1,D,"BG,ER,FE,ORI"
OE3635,20510400233,FALABELLA SERVICIOS GENERALES S.A.C.,,OTRAS EMPRESAS,,2012-A,2014-A,D,ORI
OE3641,20467539842,DISTRIBUIDORA EXCLUSIVA DE PRODUCTOS DE CALIDAD SOCIEDAD ANONIMA CERRADA,,OTRAS EMPRESAS,,2012-A,2014-A,D,ORI
OE3665,20454531036,SERVICIOS DE ASESORIA S.A.-SAS S.A.,,OTRAS EMPRESAS,,2012-A,2014-A,D,ORI
OE3692,20518404459,CORPORACION AMHARA S.A.C.,,OTRAS EMPRESAS,,2012-A,2014-A,D,ORI
OE3693,20516556138,CORPORACION PESQUERA GIULIANA S.A.,,OTRAS EMPRESAS,,2012-A,2014-A,D,ORI
OE3694,20517406610,DEUTSCHE BANK (PERU) S.A. EN LIQUIDACION,,EMPRESAS EMISORAS,BANCOS,2008-T3,2016-T2,F,"BG,ER,FE,ORI"
OE3696,20508615460,MANU PERU HOLDING S.A.,,OTRAS EMPRESAS,,2012-A,2012-A,D,ORI
OE3713,20106910791,"VELASQUEZ, LOLI Y ASOCIADOS SOCIEDAD CIVIL DE RESPONSABILIDAD LIMITADA - VELASQUEZ, LOLI Y ASOCIADOS",,OTRAS EMPRESAS,,2014-A,2014-A,D,ORI
OE3721,20101292658,TEKNOQUIMICA S.A.,,EMPRESAS EMISORAS,INDUSTRIALES,2008-T2,2009-T2,D,"BG,ER,FE"
OE3734,20491854481,CONSERVERA DE LAS AMERICAS S.A.,,EMPRESAS EMISORAS,INDUSTRIALES,2008-T3,2014-A,D,"BG,ER,FE,ORI"
OE3737,20518023579,PAZ CENTENARIO S.A.,,OTRAS EMPRESAS,,2012-A,2014-A,D,ORI
OE3741,20493040643,VIVA NEGOCIO INMOBILIARIO S.A.C.,,OTRAS EMPRESAS,,2013-A,2014-A,D,ORI
OE3749,20519005531,COMPASS GROUP SOCIEDAD AGENTE DE BOLSA S.A.,,SOCIEDADES AGENTES DE BOLSA,,2008-T3,2016-T1,I,"BG,ER,FE"
OE3790,20518899598,CSC INNOVACCION GRUPO ACP CENTRO DE SERVICIOS COMPARTIDOS S.A. EN LIQUIDACION,,OTRAS EMPRESAS,,2013-A,2013-A,D,ORI
OE3793,20492942121,KALLPA SECURITIES SOCIEDAD AGENTE DE BOLSA S.A.,,SOCIEDADES AGENTES DE BOLSA,,2008-T3,2026-T2,I,"BG,ER,FE"
OE3801,20517749142,PROYECTOS DE INFRAESTRUCTURA DEL PERU S.A.C.,,OTRAS EMPRESAS,,2012-A,2014-A,D,ORI
OE3808,20516534754,DUNAS ENERGIA S.A.A.,7490,EMPRESAS EMISORAS,DIVERSOS,2012-T2,2026-T2,D,"BG,ER,FE,ORI"
OE3810,20136270614,STAR GLOBAL COM S.A.C.,,OTRAS EMPRESAS,,2012-A,2014-A,D,ORI
OE3813,20492390098,VILLA CLUB S.A.,,OTRAS EMPRESAS,,2012-A,2014-A,D,ORI
OE3820,20380449405,ENACORP SOCIEDAD ANONIMA - ENACORP S.A,,OTRAS EMPRESAS,,2012-A,2014-A,D,ORI
OE3821,20492333701,MINERA LATINOAMERICANA S.A.C. - MINLAT S.A.C.,,OTRAS EMPRESAS,,2012-A,2014-A,D,ORI
OE3827,20493049608,ENERGY CAPITAL SOCIEDAD ADMINISTRADORA DE FONDOS DE INVERSION S.A.,,SOCIEDADES ADMINISTRADORAS DE FONDOS DE INVERSION,,2008-T3,2011-T4,D,"BG,ER,FE,ORI"
OE3844,20492196950,BTG PACTUAL PERU S.A. SOCIEDAD ADMINISTRADORA DE FONDOS,7499,SOCIEDADES ADMINISTRADORAS DE FONDOS MUTUOS Y FONDOS DE INVERSION,,2008-T4,2026-T2,D,"BG,ER,FE,ORI"
OE3845,20492912132,BTG PACTUAL PERU SA SOCIEDAD AGENTE DE BOLSA ( ANTES CELFIN CAPITAL SAB),,SOCIEDADES AGENTES DE BOLSA,,2008-T4,2026-T2,I,"BG,ER,FE"
OE3854,20503595819,BTG PACTUAL PERU S.A.C.,7499,EMPRESAS VALORIZADORAS,,2011-A,2025-A,D,"BG,ER,FE,ORI"
OE3855,20517856658,KRESE SOCIEDAD ADMINISTRADORA DE FONDOS S.A.,,SOCIEDADES ADMINISTRADORAS DE FONDOS DE INVERSION,,2008-T4,2015-T3,D,"BG,ER,FE,ORI"
OE3879,20492744833,NEXA RESOURCES EL PORVENIR S.A.C.,,OTRAS EMPRESAS,,2012-A,2014-A,D,ORI
OE3895,20112273922,TIENDAS DEL MEJORAMIENTO DEL HOGAR S.A.,,EMPRESAS EMISORAS,DIVERSOS,2008-T3,2016-T2,D,"BG,ER,FE,ORI"
OE3901,20513362162,INMOBILIARIA DOMEL S.A.C.,,OTRAS EMPRESAS,,2014-A,2014-A,D,ORI
OE3902,20100376467,INDUSTRIAS DELTA S A,,OTRAS EMPRESAS,,2014-A,2014-A,D,ORI
OE3927,20505377142,RED VIAL 5 S.A.,9309,EMPRESAS EMISORAS,DIVERSOS,2008-T4,2026-T2,D,"BG,ER,FE,ORI"
OE3928,20100163471,JJC CONTRATISTAS GENERALES S.A.,,OTRAS EMPRESAS,,2012-A,2014-A,D,ORI
OE3929,20416162299,BESCO S.A.C.,,OTRAS EMPRESAS,,2013-A,2014-A,D,ORI
OE3947,20429683581,CINEPLEX S.A.,5610,EMPRESAS MERCADO INVERSIONISTA INSTITUCIONAL,DIVERSOS,2012-A,2024-A,D,"BG,ER,FE,ORI"
OE3979,20479079006,HOLDING ALIMENTARIO DEL PERU SOCIEDAD ANONIMA,0000,OTRAS EMPRESAS,,2009-T3,2025-T3,D,"BG,ER,FE,ORI"
OE3980,20478963719,HOLDING CEMENTERO DEL PERU SOCIEDAD ANONIMA,6599,OTRAS EMPRESAS,,2009-T3,2025-T3,D,"BG,ER,FE,ORI"
OE3986,20518201426,HIPOTECARIA SURA EMPRESA ADMINISTRADORA HIPOTECARIA S.A. - EN LIQUIDACION,,EMPRESAS EMISORAS,DIVERSOS,2009-T4,2018-T4,F,"BG,ER,FE,ORI"
OE3995,20132373958,CHIMU AGROPECUARIA S.A.,,OTRAS EMPRESAS,,2012-A,2014-A,D,ORI
OE4001,20515306243,CORPORACION E W S.A.C.,,OTRAS EMPRESAS,,2014-A,2014-A,D,ORI
OE4002,20514020907,CENTRO COMERCIAL PLAZA NORTE S.A.C.,,OTRAS EMPRESAS,,2012-A,2014-A,D,ORI
OE4003,20371843575,PRODUCTOS Y MERCADOS AGRICOLAS DE HUARAL CAJA RURAL DE AHORRO Y CREDITO - CAJA RURAL PRYMERA,,OTRAS EMPRESAS,,2014-A,2014-A,F,ORI
OE4006,20461642706,AGRICOLA CERRO PRIETO S.A.,,EMPRESAS EMISORAS,AGRICOLAS,2013-A,2016-T1,D,"BG,ER,FE,ORI"
OE4009,20513670223,INVERSIONES CORPORATIVAS BETA S.A.C.,,OTRAS EMPRESAS,,2012-A,2014-A,D,ORI
OE4010,20513670657,INVERSIONES CORPORATIVAS GAMMA S.A.C.,,OTRAS EMPRESAS,,2014-A,2014-A,D,ORI
OE4060,20518723040,CHINANGO S.A.C.,,EMPRESAS EMISORAS,SERVICIOS PUBLICOS,2011-T2,2014-A,D,"BG,ER,FE,ORI"
OE4077,20418140551,ALBIS S.A.,,OTRAS EMPRESAS,,2012-A,2014-A,D,ORI
OE4115,20104420282,AGROINDUSTRIAS AIB S.A.,1030,EMPRESAS EMISORAS,INDUSTRIALES,2009-T3,2026-T2,D,"BG,ER,FE,ORI"
OE4132,20551464971,AFP HABITAT S.A.,6602,EMPRESAS EMISORAS,A.F.P.,2013-T2,2026-T2,A,"BG,ER,FE,ORI"
OE4139,20506342563,PERU LNG S.R.L.,,EMPRESAS EMISORAS,DIVERSOS,2009-T3,2018-T1,D,"BG,ER,FE,ORI"
OE4148,20129231808,CAJA RURAL DE AHORRO Y CREDITO LOS LIBERTADORES DE AYACUCHO S.A.,,OTRAS EMPRESAS,,2014-A,2014-A,F,ORI
OE4150,20492497721,INSUR S.A. COMPAÑIA DE SEGUROS,6512,EMPRESAS EMISORAS,SEGUROS,2009-T3,2026-T2,E,"BG,ER,FE,ORI"
OE4159,20523108574,FOSFATOS DEL PACIFICO S.A.,0891,EMPRESAS EMISORAS,MINERAS,2009-T4,2026-T2,D,"BG,ER,FE,ORI"
OE4172,20517985971,INMOBILIARIA NAZHAO SAC,,OTRAS EMPRESAS,,2013-A,2014-A,D,ORI
OE4189,20510992904,KALLPA GENERACION S.A.,,EMPRESAS EMISORAS,SERVICIOS PUBLICOS,2009-T4,2016-T1,D,"BG,ER,FE,ORI"
OE4196,20517182673,MAPFRE PERU S.A. ENTIDAD PRESTADORA DE SALUD,,OTRAS EMPRESAS,,2013-A,2014-A,D,ORI
OE4206,20517905454,CENCOSUD PERU S.A.,,EMPRESAS EMISORAS,DIVERSOS,2009-T4,2013-T3,D,"BG,ER,FE,ORI"
OE4212,20524236860,RBCF INVERSIONES SA,,OTRAS EMPRESAS,,2012-A,2013-A,D,ORI
OE4220,20524231396,ALGECIRAS INVERSIONES S.A.C.,,OTRAS EMPRESAS,,2012-A,2012-A,D,ORI
OE4234,20455454582,HOLDING EL SOL S.A.C.,,OTRAS EMPRESAS,,2013-A,2014-A,D,ORI
OE4236,20525538576,BIOENERGIA DEL CHIRA S.A.,,OTRAS EMPRESAS,,2013-A,2014-A,D,ORI
OE4241,20521308321,FINANCIERA QAPAQ S.A.,6599,EMPRESAS EMISORAS,FINANCIERAS,2009-T4,2026-T2,F,"BG,ER,FE,ORI"
OE4256,20522291201,INFINANCE XP S.A. (ANTES FINANCIERA OH! S.A.),6599,EMPRESAS EMISORAS,FINANCIERAS,2009-T4,2026-T2,F,"BG,ER,FE,ORI"
OE4262,20118475284,AMERAL S.A. (ANTES AMERAL S.A.A.),,EMPRESAS EMISORAS,INDUSTRIALES,2009-T4,2015-T1,D,"BG,ER,FE,ORI"
OE4263,20520974289,DIVISO BOLSA SOCIEDAD AGENTE DE BOLSA S.A.(S),6630,SOCIEDADES AGENTES DE BOLSA,,2010-T1,2026-T2,I,"BG,ER,FE"
OE4269,20140688640,CIA MINERA COIMOLACHE SA,,OTRAS EMPRESAS,,2012-A,2014-A,D,ORI
OE4273,20514291927,ADMINISTRACION MOBILIARIA E INMOBILIARIA S.A.,,OTRAS EMPRESAS,,2013-A,2014-A,D,ORI
OE4309,20514292494,NEGOCIOS FINANCIEROS S.A,,OTRAS EMPRESAS,,2012-A,2012-A,D,ORI
OE4314,20516469596,COMPAÑIA MINERA HUASCARAN S.A.C.,,OTRAS EMPRESAS,,2012-A,2014-A,D,ORI
OE4318,20514448338,INTERNEXA PERU S.A.,,OTRAS EMPRESAS,,2012-A,2014-A,D,ORI
OE4325,20524688418,INVERSIONES VILNA S.A.C.,,OTRAS EMPRESAS,,2013-A,2014-A,D,ORI
OE4327,20505885644,AGROHOLDING S.A.C.,,OTRAS EMPRESAS,,2012-A,2014-A,D,ORI
OE4410,20513561106,SOCIEDAD DE INVERSIONES Y GESTION S.A.C.,,OTRAS EMPRESAS,,2012-A,2012-A,D,ORI
OE4411,20492911918,INVERSIONES ALAMEDA SUR S.A.C.,,OTRAS EMPRESAS,,2012-A,2014-A,D,ORI
OE4413,20492155501,INVERSIONES VILLA EL SALVADOR S.A.C.,,OTRAS EMPRESAS,,2012-A,2014-A,D,ORI
OE4414,20524082374,INVERSIONES BAIRIKI S.A.C.,,OTRAS EMPRESAS,,2012-A,2012-A,D,ORI
OE4441,20345681460,ALTEK TRADING SOCIEDAD ANONIMA CERRADA-ALTEK TRADING S.A.C.,,OTRAS EMPRESAS,,2012-A,2014-A,D,ORI
OE4447,20524981981,LEASING PERU S.A. (EN LIQUIDACION),,EMPRESAS EMISORAS,DIVERSOS,2010-T3,2017-T4,F,"BG,ER,FE,ORI"
OE4461,20537043106,MACROCAPITALES SOCIEDAD ADMINISTRADORA DE FONDOS DE INVERSIÓN S.A.,6599,SOCIEDADES ADMINISTRADORAS DE FONDOS DE INVERSION,,2010-T4,2026-T2,D,"BG,ER,FE,ORI"
OE4467,20536117963,INMOBILIARIA CDR S.A.C.,,OTRAS EMPRESAS,,2012-A,2014-A,D,ORI
OE4468,20537761670,EMPRESA DE GENERACION ELECTRICA RIO BAÑOS SAC,,OTRAS EMPRESAS,,2013-A,2014-A,D,ORI
OE4484,20523173716,PARQUE LAMBRAMANI SAC,,OTRAS EMPRESAS,,2012-A,2014-A,D,ORI
OE4492,20508946733,ACUICOLA LOS PAICHES S.A.C.,,OTRAS EMPRESAS,,2012-A,2012-A,D,ORI
OE4501,20369155360,COMPARTAMOS BANCO S.A.,6599,EMPRESAS EMISORAS,BANCOS,2010-T4,2026-T2,F,"BG,ER,FE,ORI"
OE4512,20492165213,PROVEEDOR INTEGRAL DE PRECIOS DEL PERU S.A.,6619,EMPRESAS PROVEEDORAS DE PRECIOS,,2011-T1,2026-T2,D,"BG,ER,FE,ORI"
OE4528,20372081831,AGRICOLA CHAPI S.A.,,OTRAS EMPRESAS,,2012-A,2014-A,D,ORI
OE4531,20537999731,INVERSIONES PIURANAS S.A.,,OTRAS EMPRESAS,,2012-A,2014-A,D,ORI
OE4532,20538664414,GRUPO PIURANO DE INVERSIONES S.A.,,OTRAS EMPRESAS,,2012-A,2014-A,D,ORI
OE4537,20492376931,AGRICOLA E INVERSIONES JOSE JUAN S.A.C.,,OTRAS EMPRESAS,,2014-A,2014-A,D,ORI
OE4538,20117471161,INVERSIONES SAN JOSE S.A.C.,,OTRAS EMPRESAS,,2014-A,2014-A,D,ORI
OE4539,20493050100,COMPAÑIA ENERGETICA DEL CENTRO S.A.C.,,OTRAS EMPRESAS,,2012-A,2013-A,D,ORI
OE4540,20538848060,EMPRESA ADMINISTRADORA CERRO S.A.C.,,OTRAS EMPRESAS,,2012-A,2014-A,D,ORI
OE4559,20207686817,FUTURO INMOBILIARIO CAMACHO S A,,OTRAS EMPRESAS,,2012-A,2014-A,D,ORI
OE4564,20519485487,CONTUGAS S.A.C.,,OTRAS EMPRESAS,,2012-A,2014-A,D,ORI
OE4610,20543011976,TREN URBANO DE LIMA S.A.,,OTRAS EMPRESAS,,2012-A,2014-A,D,ORI
OE4611,20450137821,INDUSTRIAS DEL SHANUSI S.A.,,OTRAS EMPRESAS,,2012-A,2014-A,D,ORI
OE4631,20451550561,CONCESIONARIA LA CHIRA SOCIEDAD ANONIMA,,OTRAS EMPRESAS,,2012-A,2014-A,D,ORI
OE4643,20392965191,CONCRETOS SUPERMIX SOCIEDAD ANONIMA - CONCRETOS SUPERMIX S.A.,,OTRAS EMPRESAS,,2012-A,2014-A,D,ORI
OE4645,20450122395,PALMAS DEL ORIENTE S.A,,OTRAS EMPRESAS,,2012-A,2014-A,D,ORI
OE4658,20543584313,SALMUERAS SUDAMERICANAS S.A.,,OTRAS EMPRESAS,,2012-A,2014-A,D,ORI
OE4660,20543135942,INMOBILIARIA IDE S.A.,7010,EMPRESAS EMISORAS,DIVERSOS,2011-T3,2026-T2,D,"BG,ER,FE,ORI"
OE4661,20543932451,CA PERU SOCIEDAD AGENTE DE BOLSA SAC,,SOCIEDADES AGENTES DE BOLSA,,2011-T2,2019-T2,I,"BG,ER,FE"
OE4680,20251995967,PERUANA DE MOLDEADOS S.A. - PAMOLSA,,EMPRESAS EMISORAS,INDUSTRIALES,2011-T2,2019-T1,D,"BG,ER,FE,ORI"
OE4704,20537738775,NEXO LUBRICANTES S.A.,,OTRAS EMPRESAS,,2012-A,2014-A,D,ORI
OE4705,20127765279,COESTI S.A.,,OTRAS EMPRESAS,,2012-A,2014-A,D,ORI
OE4706,20543508218,LARRAIN VIAL SOCIEDAD AGENTE DE BOLSA S.A.,6612,SOCIEDADES AGENTES DE BOLSA,,2011-T2,2026-T2,I,"BG,ER,FE"
OE4707,20451487851,FARO CAPITAL SOCIEDAD ADMINISTRADORA DE FONDOS S.A.,7499,SOCIEDADES ADMINISTRADORAS DE FONDOS MUTUOS Y FONDOS DE INVERSION,,2011-T3,2026-T2,D,"BG,ER,FE,ORI"
OE4715,20251011461,DOCTOR + S.A.C.,,OTRAS EMPRESAS,,2012-A,2014-A,D,ORI
OE4717,20168488085,INVERSIONES BENAVIDES 777 S.A.C.,,OTRAS EMPRESAS,,2013-A,2014-A,D,ORI
OE4725,20392456555,PUENTE SOCIEDAD AGENTE DE BOLSA S.A.,,SOCIEDADES AGENTES DE BOLSA,,2011-T3,2015-A,I,"BG,ER,FE"
OE4727,20543860361,ALICORP INVERSIONES S.A.,,OTRAS EMPRESAS,,2012-A,2014-A,D,ORI
OE4731,20543142302,PACIFICO SERVICIOS GENERALES DE SALUD S.A.C.,,OTRAS EMPRESAS,,2014-A,2014-A,D,ORI
OE4733,20388895757,DESCARTABLES PROVEEDORES S.R.L.,,OTRAS EMPRESAS,,2014-A,2014-A,D,ORI
OE4735,20543854043,ACRES SOCIEDAD TITULIZADORA S.A.,6619,SOCIEDADES TITULIZADORAS,,2011-T3,2026-T2,D,"BG,ER,FE,ORI"
OE4746,20538185010,FACTORING TOTAL S.A. (SOCIEDAD ABSORBIDA),,EMPRESAS EMISORAS,DIVERSOS,2013-T2,2021-A,F,"BG,ER,FE,ORI"
OE4757,20544488059,FORBIS LOGISTICS SOCIEDAD ANONIMA - FORBIS LOGISTICS SA,,OTRAS EMPRESAS,,2013-A,2014-A,D,ORI
OE4762,20392733222,CREDICORP PERU S.A.C.,,OTRAS EMPRESAS,,2013-A,2013-A,D,ORI
OE4777,20454851618,GALENO I.E.M. S.A.C.,,OTRAS EMPRESAS,,2013-A,2013-A,D,ORI
OE4778,20101333354,ANALISIS CLINICOS ML S.A.C.,,OTRAS EMPRESAS,,2014-A,2014-A,D,ORI
OE4779,20100176964,LA ESPERANZA DEL PERU S A,,OTRAS EMPRESAS,,2012-A,2014-A,D,ORI
OE4796,20544994779,BRECA BANCA S.A.C.,,OTRAS EMPRESAS,,2011-A,2016-A,D,"BG,ER,FE,ORI"
OE4799,20263674929,CONCREMAX S.A.,,OTRAS EMPRESAS,,2012-A,2014-A,D,ORI
OE4800,20543265056,MOTORED SOCIEDAD ANONIMA - MOTORED S.A.,,OTRAS EMPRESAS,,2012-A,2014-A,D,ORI
OE4811,20513396571,ODEBRECHT LATINVEST PERU DUCTOS S.A.,,OTRAS EMPRESAS,,2012-A,2014-A,D,ORI
OE4812,20516373301,KUNTUR TRANSPORTADORA DE GAS S.A.,,EMPRESAS EMISORAS,SERVICIOS PUBLICOS,2012-T2,2014-A,D,"BG,ER,FE,ORI"
OE4821,20545848571,W CAPITAL S.A.,6599,SOCIEDADES ADMINISTRADORAS DE FONDOS DE INVERSION,,2012-T1,2025-T4,D,"BG,ER,FE,ORI"
OE4822,20545235138,CONTACT CENTER FALABELLA SAC,,OTRAS EMPRESAS,,2012-A,2014-A,D,ORI
OE4824,20507775889,ONCOCARE S.A.C.,,OTRAS EMPRESAS,,2012-A,2014-A,D,ORI
OE4826,20543856411,HOLDING RETAIL PERU S.A.C.,,OTRAS EMPRESAS,,2012-A,2014-A,D,ORI
OE4830,20543166660,CAJA RURAL DE AHORRO Y CREDITO CENCOSUD SCOTIA PERU S.A.,6492,EMPRESAS MERCADO INVERSIONISTA INSTITUCIONAL,FINANCIERAS,2012-T2,2025-A,F,"BG,ER,FE,ORI"
OE4834,20507264108,SISTEMAS DE ADMINISTRACION HOSPITALARIA S.A.C.,,OTRAS EMPRESAS,,2012-A,2014-A,D,ORI
OE4837,20513328819,BNP PARIBAS CARDIF S.A. COMPAÑIA DE SEGUROS Y REASEGUROS,6512,EMPRESAS EMISORAS,SEGUROS,2011-T4,2026-T1,E,"BG,ER,FE,ORI"
OE4841,20546236073,HIDROELECTRICA HUANCHOR S.A.C.,,OTRAS EMPRESAS,,2012-A,2014-A,D,ORI
OE4844,20512830316,BNP PARIBAS CARDIF SERVICIOS S.A.C.,,OTRAS EMPRESAS,,2014-A,2014-A,D,ORI
OE4845,20100010136,COSMOS AGENCIA MARITIMA SAC,,OTRAS EMPRESAS,,2012-A,2014-A,D,ORI
OE4846,20100010217,NEPTUNIA S.A.,,OTRAS EMPRESAS,,2012-A,2014-A,D,ORI
OE4847,20138322000,TRITON TRANSPORTS S.A.,,OTRAS EMPRESAS,,2012-A,2014-A,D,ORI
OE4848,20519392632,MULTILOG S.A.,,OTRAS EMPRESAS,,2012-A,2014-A,D,ORI
OE4849,20513066865,OPERADORA PORTUARIA S.A.,,OTRAS EMPRESAS,,2012-A,2014-A,D,ORI
OE4850,20521476037,ALMACENES FINANCIEROS SOCIEDAD ANONIMA - ALMAFIN S.A.,,OTRAS EMPRESAS,,2012-A,2014-A,D,ORI
OE4853,20477825207,INMOBILIARIA TERRANO S.A.,,OTRAS EMPRESAS,,2012-A,2014-A,D,ORI
OE4854,20522581624,SVITZER ANDINO S.A.,,OTRAS EMPRESAS,,2012-A,2013-A,D,ORI
OE4855,20522473571,TERMINALES PORTUARIOS EUROANDINOS PAITA S.A. - TPE PAITA S.A.,,OTRAS EMPRESAS,,2012-A,2014-A,D,ORI
OE4859,20535759864,PENTA TANKS TERMINALS S.A. - PENTA TANKS S.A.,,OTRAS EMPRESAS,,2012-A,2014-A,D,ORI
OE4860,20543420477,ENERGIA DEL PACIFICO S.A.,6499,EMPRESAS EMISORAS,DIVERSOS,2011-T4,2026-T2,D,"BG,ER,FE,ORI"
OE4861,20538593053,AEROPUERTOS ANDINOS DEL PERU S.A.,,OTRAS EMPRESAS,,2012-A,2014-A,D,ORI
OE4908,20100020361,COMERCIAL DEL ACERO S.A.C.,,EMPRESAS EMISORAS,DIVERSOS,2011-T4,2018-T3,D,"BG,ER,FE,ORI"
OE4909,20136096592,CLINICA SANCHEZ FERRER S A,,OTRAS EMPRESAS,,2012-A,2014-A,D,ORI
OE4910,20136096321,INVERSIONES MASFE SRL,,OTRAS EMPRESAS,,2012-A,2012-A,D,ORI
OE4963,20131300353,L.C. BUSRE S.A.C.,,OTRAS EMPRESAS,,2013-A,2014-A,D,ORI
OE4977,20546844791,AGROKASA HOLDINGS S.A.,,EMPRESAS EMISORAS,DIVERSOS,2012-T1,2023-T3,D,"BG,ER,FE,ORI"
OE4984,20513494824,GERENCIA DE CENTROS COMERCIALES S.A.C.,,OTRAS EMPRESAS,,2013-A,2013-A,D,ORI
OE4986,20538494233,INMOBILIARIA BOTAFOGO S.A.C.,,OTRAS EMPRESAS,,2012-A,2014-A,D,ORI
OE4987,20538494748,INMOBILIARIA COSTA NUEVA S.A.C.,,OTRAS EMPRESAS,,2013-A,2014-A,D,ORI
OE4989,20543099881,INMOBILIARIA PISAC S.A.C.,,OTRAS EMPRESAS,,2012-A,2014-A,D,ORI
OE4991,20216528141,PROSEMEDIC SOCIEDAD ANONIMA CERRADA,,OTRAS EMPRESAS,,2012-A,2014-A,D,ORI
OE4992,20112280201,CENTRO MÉDICO ODONTOLÓGICO AMERICANO SOCIEDAD ANONIMA CERRADA,,OTRAS EMPRESAS,,2012-A,2014-A,D,ORI
OE5006,20538810682,CERRO DEL AGUILA SOCIEDAD ANONIMA,,OTRAS EMPRESAS,,2012-A,2014-A,D,ORI
OE5007,20468366186,COMPUPALACE PERU S.A.,,OTRAS EMPRESAS,,2014-A,2014-A,D,ORI
OE5008,20547203608,NISA MALLS S.A.,,EMPRESAS EMISORAS,DIVERSOS,2012-T2,2018-T2,D,"BG,ER,FE,ORI"
OE5012,20543080943,PACIFICO ASISTE S.A.C.,,OTRAS EMPRESAS,,2013-A,2014-A,D,ORI
OE5018,20468364728,MARSANO PALACE HOTEL S.A.,,OTRAS EMPRESAS,,2014-A,2014-A,D,ORI
OE5019,20508972734,MARCOBRE S.A.C.,,OTRAS EMPRESAS,,2012-A,2014-A,D,ORI
OE5021,20523611250,H2OLMOS S.A.,5190,EMPRESAS EMISORAS,DIVERSOS,2012-T3,2026-T2,D,"BG,ER,FE,ORI"
OE5065,20548312184,MOLPACK DEL PERU S.A.,,EMPRESAS EMISORAS,INDUSTRIALES,2012-T3,2013-T2,D,"BG,ER,FE,ORI"
OE5084,20481406961,INVERSIONES RIO NUEVO SAC,,OTRAS EMPRESAS,,2012-A,2012-A,D,ORI
OE5085,20517571220,SAN MIGUEL GLOBAL OPPORTUNITIES S.A.C.,,OTRAS EMPRESAS,,2012-A,2014-A,D,ORI
OE5087,,INRETAIL PERU CORP.,6719,EMPRESAS EMISORAS,DIVERSOS,2012-T3,2026-T2,D,"BG,ER,FE,ORI"
OE5100,20549302671,GRUPO ACP CORP. S.A.,,EMPRESAS EMISORAS,DIVERSOS,2012-T4,2014-A,"D,F","BG,ER,FE,ORI"
OE5111,20475819820,INVERSIONES PORTUARIAS S.A.,,OTRAS EMPRESAS,,2012-A,2014-A,D,ORI
OE5116,20100045517,MOTA-ENGIL PERU S.A.,,OTRAS EMPRESAS,,2012-A,2014-A,D,ORI
OE5121,20447348421,MINERA SAN SEBASTIAN AMC S.R.LTDA.,,OTRAS EMPRESAS,,2012-A,2014-A,D,ORI
OE5126,20548637130,INVERSIONES EN INFRAESTRUCTURA DE TRANSPORTE POR DUCTOS S.A.C.,,OTRAS EMPRESAS,,2012-A,2014-A,D,ORI
OE5132,20548185051,CREDICORP CAPITAL PERU S.A.A.,6599,EMPRESAS EMISORAS,DIVERSOS,2012-T3,2026-T2,D,"BG,ER,FE,ORI"
OE5134,20548637644,KUNTUR PROYECTOS DE HIDROCARBUROS EN EL SUR S.A.C.,,OTRAS EMPRESAS,,2012-A,2014-A,D,ORI
OE5176,20536294661,BRAJA CONSTRUCTORA INMOBILIARIA SOCIEDAD ANONIMA,,EMPRESAS EMISORAS,DIVERSOS,2012-T3,2014-T2,D,"BG,ER,FE,ORI"
OE5183,20550229766,CREDICORP CAPITAL SERVICIOS FINANCIEROS S.A.,6599,SOCIEDADES ESTRUCTURADORAS - SES,,2012-A,2025-A,D,"BG,ER,FE,ORI"
OE5191,20543206718,PROYECTA & CONSTRUYE S.A.,,OTRAS EMPRESAS,,2012-A,2014-A,D,ORI
OE5239,20100319820,CORP MINERA CASTROVIRREYNA S A,,OTRAS EMPRESAS,,2012-A,2014-A,D,ORI
OE5251,20348067053,FINANCIERA PROEMPRESA S.A.,67,EMPRESAS EMISORAS,FINANCIERAS,2012-T4,2026-T2,F,"BG,ER,FE,ORI"
OE5256,20541246275,SAGA FALABELLA IQUITOS S.A.C.,,OTRAS EMPRESAS,,2014-A,2014-A,D,ORI
OE5259,20100046831,INDUSTRIAS TEAL S A,,OTRAS EMPRESAS,,2012-A,2014-A,D,ORI
OE5260,20100817188,INDUSTRIA NAC CONSERV ALIMENTICIAS SA,,OTRAS EMPRESAS,,2012-A,2013-A,D,ORI
OE5273,20544705335,FORUM COMERCIALIZADORA DEL PERU S.A. EN LIQUIDACION,,OTRAS EMPRESAS,,2012-A,2014-A,D,ORI
OE5274,20544637313,FORUM DISTRIBUIDORA DEL PERU S.A.,,OTRAS EMPRESAS,,2012-A,2014-A,D,ORI
OE5276,20547416776,AMAUTA IMPRESIONES COMERCIALES SOCIEDAD ANONIMA CERRADA - AMAUTA IMPRESIONES COMERCIALES S.A.C.,,OTRAS EMPRESAS,,2014-A,2014-A,D,ORI
OE5278,20550581567,EFE HOLDING S.A.,5235,OTRAS EMPRESAS,,2012-A,2024-A,D,"BG,ER,FE,ORI"
OE5282,20393864967,SAGA FALABELLA ORIENTE S.A.C.,,OTRAS EMPRESAS,,2014-A,2014-A,D,ORI
OE5283,20393864886,HIPERMERCADOS TOTTUS ORIENTE S.A.C.,,OTRAS EMPRESAS,,2014-A,2014-A,D,ORI
OE5285,20393854651,SODIMAC PERU ORIENTE S.A.C.,,OTRAS EMPRESAS,,2014-A,2014-A,D,ORI
OE5298,20331066703,INRETAIL PHARMA S.A.,,OTRAS EMPRESAS,,2012-A,2014-A,D,ORI
OE5304,20306713923,ATRACCIONES CONEY ISLAND S.A.C.,,OTRAS EMPRESAS,,2013-A,2014-A,D,ORI
OE5312,20333895588,MOLDING PERU S.A.,,OTRAS EMPRESAS,,2012-A,2012-A,D,ORI
OE5332,20551560342,PROYECTOS EDUCATIVOS INTEGRALES DEL PERU S.A.C.,,OTRAS EMPRESAS,,2013-A,2014-A,D,ORI
OE5333,20349287111,INSTITUTO DE EDUCACION SUPERIOR TECNOLOGICO PRIVADO RED AVANSYS SOCIEDAD ANONIMA CERRADA,,OTRAS EMPRESAS,,2013-A,2014-A,D,ORI
OE5334,20101481973,EDIFICIO LEONARD S A,,OTRAS EMPRESAS,,2013-A,2014-A,D,ORI
OE5376,20554477721,VIVIR SEGUROS COMPAÑIA DE SEGUROS DE VIDA S.A.,6601,EMPRESAS EMISORAS,SEGUROS,2014-T2,2026-T2,E,"BG,ER,FE,ORI"
OE5385,20393882191,MAESTRO PERU AMAZONIA S.A.C.,,OTRAS EMPRESAS,,2014-A,2014-A,D,ORI
OE5393,20132243230,CAJA MUNICIPAL DE AHORRO Y CREDITO DE TRUJILLO SA - CAJA TRUJILLO,,OTRAS EMPRESAS,,2014-A,2014-A,F,ORI
OE5411,10405820957,MALCA CAPCHA MILTON DAVID,,OTRAS EMPRESAS,,2012-A,2012-A,D,ORI
OE5412,20428698569,AMERICATEL PERU S.A.,,OTRAS EMPRESAS,,2012-A,2014-A,D,ORI
OE5413,20543083454,ARATO PERU S.A.,,OTRAS EMPRESAS,,2012-A,2014-A,D,ORI
OE5414,20516702649,SUR COLOR STAR S.A.,,OTRAS EMPRESAS,,2012-A,2014-A,D,ORI
OE5415,20100003351,SERVICIOS INDUSTRIALES DE LA MARINA S.A.,,OTRAS EMPRESAS,,2012-A,2014-A,D,ORI
OE5418,20148103233,IBM BUSINESS SERVICES DEL PERU S.A.C.,,OTRAS EMPRESAS,,2012-A,2014-A,D,ORI
OE5419,20511584079,HUNT LNG OPERATING COMPANY S.A.C.,,OTRAS EMPRESAS,,2012-A,2014-A,D,ORI
OE5420,20107290177,MINERA COLQUISIRI S.A.,,OTRAS EMPRESAS,,2012-A,2014-A,D,ORI
OE5421,20499709944,GRUPO VEGA DISTRIBUCION S.A.C.,,OTRAS EMPRESAS,,2012-A,2014-A,D,ORI
OE5422,20100334624,BRENNTAG PERU S.A.C,,OTRAS EMPRESAS,,2012-A,2014-A,D,ORI
OE5423,20470407442,MUR - WY S.A.C.,,OTRAS EMPRESAS,,2012-A,2014-A,D,ORI
OE5424,20473806186,NOKIA SOLUTIONS AND NETWORKS PERU S.A.,,OTRAS EMPRESAS,,2012-A,2014-A,D,ORI
OE5426,20100227461,TRANSPORTES CRUZ DEL SUR S.A.C.,,OTRAS EMPRESAS,,2012-A,2014-A,D,ORI
OE5427,20301409151,LEO ANDES S.A.,,OTRAS EMPRESAS,,2012-A,2014-A,D,ORI
OE5428,20100002621,MOLINO EL TRIUNFO S A,,OTRAS EMPRESAS,,2012-A,2014-A,D,ORI
OE5429,20109714039,INTERLOOM S.A.C.,,OTRAS EMPRESAS,,2012-A,2014-A,D,ORI
OE5430,20493060750,LR & J GIANFRAN S.R.L.,,OTRAS EMPRESAS,,2012-A,2012-A,D,ORI
OE5431,20517849104,HOCHSCHILD MINING (PERU) S.A.,,OTRAS EMPRESAS,,2012-A,2014-A,D,ORI
OE5433,20100134455,INSTITUTO SUPERIOR SAN IGNACIO DE LOYOLA S.A.,,OTRAS EMPRESAS,,2012-A,2014-A,D,ORI
OE5434,20510579454,ELECTROANDINA INDUSTRIAL S.A.C.,,OTRAS EMPRESAS,,2012-A,2014-A,D,ORI
OE5435,20506766762,SONATRACH PERU CORPORATION S.A.C.,,OTRAS EMPRESAS,,2012-A,2014-A,D,ORI
OE5436,20504565794,BANCO AGROPECUARIO,,OTRAS EMPRESAS,,2012-A,2012-A,D,ORI
OE5437,20422626175,MICHELIN DEL PERU S.A.,,OTRAS EMPRESAS,,2012-A,2014-A,D,ORI
OE5438,20509551767,CATALINA HUANCA SOCIEDAD MINERA S.A.C.,,OTRAS EMPRESAS,,2012-A,2014-A,D,ORI
OE5439,20536727524,COSTEÑO ALIMENTOS S.A.C.,,OTRAS EMPRESAS,,2012-A,2014-A,D,ORI
OE5440,20522671615,LONTON INVESTMENTS PERU S.A.C.,,OTRAS EMPRESAS,,2012-A,2014-A,D,ORI
OE5441,20262520243,PERUQUIMICOS S.A.C.,,OTRAS EMPRESAS,,2012-A,2014-A,D,ORI
OE5442,20104888934,CAJA MUNICIPAL DE AHORRO Y CREDITO DE ICA SA,,OTRAS EMPRESAS,,2012-A,2014-A,"D,F",ORI
OE5443,20330862450,COMPANIA PESQUERA DEL PACIFICO CENTRO SA,,OTRAS EMPRESAS,,2012-A,2014-A,D,ORI
OE5444,20516488973,TREVALI PERU S.A.C.,,OTRAS EMPRESAS,,2012-A,2014-A,D,ORI
OE5445,20463271101,SAN MIGUEL INMOBILIARIA S.A.C.,,OTRAS EMPRESAS,,2012-A,2014-A,D,ORI
OE5446,20506035121,LA TINKA S.A. (ANTES INTRALOT DE PERU S.A.),,EMPRESAS EMISORAS,DIVERSOS,2012-A,2021-T2,D,"BG,ER,FE,ORI"
OE5447,20389420345,INVERSIONES ASPEN S.R.L.,,OTRAS EMPRESAS,,2012-A,2014-A,D,ORI
OE5448,20100220700,DIMEXA S.A.,,OTRAS EMPRESAS,,2013-A,2014-A,D,ORI
OE5449,20123531389,TECNOLOGIA DE MATERIALES S.A.,,OTRAS EMPRESAS,,2012-A,2014-A,D,ORI
OE5450,20100118760,DINERS CLUB PERU S A,,OTRAS EMPRESAS,,2012-A,2014-A,D,ORI
OE5451,20511465061,CONCESIONARIA VIAL DEL PERU S.A.,,OTRAS EMPRESAS,,2012-A,2014-A,D,ORI
OE5452,20520541927,JJC HOLDING S.A.,,OTRAS EMPRESAS,,2012-A,2014-A,D,ORI
OE5453,20462604735,TRANSMERQUIM DEL PERU S.A.,,OTRAS EMPRESAS,,2012-A,2012-A,D,ORI
OE5454,20267163228,TECH DATA PERU S.A.C.,,OTRAS EMPRESAS,,2012-A,2014-A,D,ORI
OE5455,20391166855,EPSON PERU S.A,,OTRAS EMPRESAS,,2012-A,2014-A,D,ORI
OE5456,20522163890,NAVIERA TRANSOCEANICA S.A.,,OTRAS EMPRESAS,,2012-A,2014-A,D,ORI
OE5457,20523621212,LINEA AMARILLA S.A.C.,,OTRAS EMPRESAS,,2012-A,2013-A,D,ORI
OE5458,20513320915,SAN MIGUEL INDUSTRIAS PET S.A.,,OTRAS EMPRESAS,,2012-A,2014-A,D,ORI
OE5459,20308430457,FABRICA DE ENVASES S.A,,OTRAS EMPRESAS,,2012-A,2014-A,D,ORI
OE5460,20232236273,EMP CONCESIONARIA DE ELECT DE UCAYALI SA,,OTRAS EMPRESAS,,2012-A,2014-A,D,ORI
OE5461,20100060150,HERSIL S.A. LABORATORIOS INDUSTRIALES FARMACEUTICOS,,OTRAS EMPRESAS,,2012-A,2012-A,D,ORI
OE5462,20470145901,NEXSYS DEL PERU S.A.C.,,OTRAS EMPRESAS,,2012-A,2014-A,D,ORI
OE5463,20255135253,FIBRAS MARINAS SA,,OTRAS EMPRESAS,,2012-A,2014-A,D,ORI
OE5464,20467737300,COMPAÑIA DE SERVICIOS CONEXOS EXPRESSNET S.A.C.,,OTRAS EMPRESAS,,2012-A,2014-A,D,ORI
OE5465,20103030791,ACTIVOS MINEROS S.A.C.,,OTRAS EMPRESAS,,2012-A,2014-A,D,ORI
OE5466,20335955065,MEDIA NETWORKS LATIN AMERICA S.A.C.,,OTRAS EMPRESAS,,2012-A,2014-A,D,ORI
OE5467,20327397258,INKABOR S.A.C.,,OTRAS EMPRESAS,,2012-A,2014-A,D,ORI
OE5468,20259171891,INVERS.MARITIMAS UNIVERSALES PERU S.A,,OTRAS EMPRESAS,,2012-A,2013-A,D,ORI
OE5469,20458362077,TELXIUS CABLE PERU S.A.C.,,OTRAS EMPRESAS,,2012-A,2014-A,D,ORI
OE5470,20536557858,HOMECENTERS PERUANOS S.A.,,OTRAS EMPRESAS,,2012-A,2014-A,D,ORI
OE5472,20104860762,AUTOSERVICIO SAN ISIDRO S.A,,OTRAS EMPRESAS,,2012-A,2014-A,D,ORI
OE5473,20100204330,LABORATORIOS PORTUGAL S R L,,OTRAS EMPRESAS,,2012-A,2014-A,D,ORI
OE5474,20504004415,GANDULES INC SAC,,OTRAS EMPRESAS,,2012-A,2014-A,D,ORI
OE5475,20100140692,CONDOR TRAVEL S.A.C.,,OTRAS EMPRESAS,,2012-A,2013-A,D,ORI
OE5476,20378313105,GMVBS S.A.,,OTRAS EMPRESAS,,2013-A,2014-A,D,ORI
OE5477,20100362598,SERVICIOS INTEGRADOS DE LIMPIEZA SA (SIL SA),,OTRAS EMPRESAS,,2012-A,2014-A,D,ORI
OE5478,20265815830,CORPORACION TURISTICA PERUANA S.A.C,,OTRAS EMPRESAS,,2012-A,2014-A,D,ORI
OE5479,20514584789,COMPAÑIA NACIONAL DE CHOCOLATES DE PERU S.A.,,OTRAS EMPRESAS,,2012-A,2014-A,D,ORI
OE5480,20502011040,STRACON S.A.C.,,OTRAS EMPRESAS,,2012-A,2013-A,D,ORI
OE5481,20125508716,XIMESA S.A.C.,,OTRAS EMPRESAS,,2012-A,2014-A,D,ORI
OE5482,20100123763,CETCO S.A.,,OTRAS EMPRESAS,,2012-A,2014-A,D,ORI
OE5483,20204844381,EL ROCIO S.A.,,OTRAS EMPRESAS,,2012-A,2014-A,D,ORI
OE5484,20514965669,HIDROELECTRICA SANTA CRUZ SAC,,OTRAS EMPRESAS,,2012-A,2014-A,D,ORI
OE5485,20397680038,GREEN PERU S.A,,OTRAS EMPRESAS,,2012-A,2014-A,D,ORI
OE5486,20452675804,PEAK QUALITY DEL PERU S.A.,,OTRAS EMPRESAS,,2012-A,2012-A,D,ORI
OE5487,20480943687,AVO PERU SAC,,OTRAS EMPRESAS,,2012-A,2014-A,D,ORI
OE5488,20505878605,GENERAL DE INVERSIONES Y COMERCIO SOCIEDAD ANONIMA CERRADA,,OTRAS EMPRESAS,,2012-A,2012-A,D,ORI
OE5489,20128967606,SOCOPUR S.A.C.,,OTRAS EMPRESAS,,2012-A,2014-A,D,ORI
OE5490,20511520186,INMOBILIARIA KORICANCHA SOCIEDAD ANONIMA,,OTRAS EMPRESAS,,2012-A,2014-A,D,ORI
OE5491,20514513172,AEROPUERTOS DEL PERU S.A.,,OTRAS EMPRESAS,,2012-A,2014-A,D,ORI
OE5492,20100064490,DISPERCOL S A,,OTRAS EMPRESAS,,2012-A,2014-A,D,ORI
OE5493,20536895231,CONSORCIO CAJAMARCA,,OTRAS EMPRESAS,,2012-A,2012-A,D,ORI
OE5494,20410312396,EL OASIS DE ICA S.A.C.,,OTRAS EMPRESAS,,2012-A,2012-A,D,ORI
OE5495,20386636070,ALGECIRAS SOCIEDAD ANONIMA - ALGECIRAS S.A.,,OTRAS EMPRESAS,,2012-A,2014-A,D,ORI
OE5496,20517252558,CONCESIONARIA VIAL DEL SUR S.A.- COVISUR S.A.,,OTRAS EMPRESAS,,2012-A,2014-A,D,ORI
OE5497,20427801625,SCHNEIDER ELECTRIC PERU S.A.,,OTRAS EMPRESAS,,2012-A,2014-A,D,ORI
OE5498,20101639275,IPESA S.A.C.,,OTRAS EMPRESAS,,2012-A,2014-A,D,ORI
OE5499,20470234599,A K DRILLING INTERNATIONAL S.A.,,OTRAS EMPRESAS,,2012-A,2012-A,D,ORI
OE5500,20100919002,COLGATE-PALMOLIVE PERU S A,,OTRAS EMPRESAS,,2012-A,2014-A,D,ORI
OE5501,20512780114,CICSA PERU S.A.C.,,OTRAS EMPRESAS,,2012-A,2014-A,D,ORI
OE5502,20520588486,DIVECENTER S.A.C.,,OTRAS EMPRESAS,,2012-A,2012-A,D,ORI
OE5503,20301821388,TUBISA S.A.C.,,OTRAS EMPRESAS,,2012-A,2012-A,D,ORI
OE5504,20522547957,CONCESIONARIA VIAL DEL SOL S.A. - COVISOL S.A.,,OTRAS EMPRESAS,,2012-A,2014-A,D,ORI
OE5505,20482557369,NEO MOTORS S.A.C.,,OTRAS EMPRESAS,,2012-A,2014-A,D,ORI
OE5506,20510713363,COLEGIOS PERUANOS S.A.,,EMPRESAS EMISORAS,DIVERSOS,2012-A,2024-T2,D,"BG,ER,FE,ORI"
OE5507,20521886448,IASACORP INTERNATIONAL S.A.,,OTRAS EMPRESAS,,2012-A,2013-A,D,ORI
OE5508,20414548491,AMCOR RIGID PLASTICS DEL PERU S.A.,,OTRAS EMPRESAS,,2012-A,2014-A,D,ORI
OE5509,20119546851,CORPORACION ADC SOCIEDAD ANONIMA CERRADA,,OTRAS EMPRESAS,,2012-A,2014-A,D,ORI
OE5510,20176770474,CORPORACION AGROLATINA S.A.C.,,OTRAS EMPRESAS,,2012-A,2014-A,D,ORI
OE5511,20516504685,CEMENTOS PORTLAND S.A.,,OTRAS EMPRESAS,,2012-A,2014-A,D,ORI
OE5512,20290314799,OMNILIFE PERU S.A.C.,,OTRAS EMPRESAS,,2012-A,2014-A,D,ORI
OE5513,20522247643,CANTERAS DEL HALLAZGO S.A.C.,,OTRAS EMPRESAS,,2012-A,2012-A,D,ORI
OE5514,20511125040,CONCESIONARIA INTEROCEANICA SUR - TRAMO 2 S.A.,,OTRAS EMPRESAS,,2012-A,2014-A,D,ORI
OE5515,20100067324,ARTESCO S.A.,,OTRAS EMPRESAS,,2012-A,2014-A,D,ORI
OE5516,20511129975,CONCESIONARIA INTEROCEANICA SUR - TRAMO 3 S.A.,,OTRAS EMPRESAS,,2012-A,2014-A,D,ORI
OE5517,20107314378,CULTURAL EDUCACIONAL WINDSOR DEL PERU S.A.C.,,OTRAS EMPRESAS,,2012-A,2014-A,D,ORI
OE5518,20516062305,AUTOFONDO S.A.C.,,OTRAS EMPRESAS,,2012-A,2014-A,D,ORI
OE5519,20518650573,BPZ MARINE PERU SRL,,OTRAS EMPRESAS,,2012-A,2014-A,D,ORI
OE5520,20252575457,CENTURYLINK PERU S.A.,,OTRAS EMPRESAS,,2012-A,2014-A,D,ORI
OE5522,20547896379,CHAMMAR TRADING S.A.C.,,OTRAS EMPRESAS,,2012-A,2012-A,D,ORI
OE5523,20155670666,CONTRATISTAS GRALES EN MINERIA JH S.A.C,,OTRAS EMPRESAS,,2013-A,2014-A,D,ORI
OE5524,20543588734,EL MOLLE VERDE S.A.C.,,OTRAS EMPRESAS,,2012-A,2014-A,D,ORI
OE5525,20524436796,MZ INMOBILIARIA & DESARROLLADORA S.A.C. EN LIQUIDACION,,OTRAS EMPRESAS,,2013-A,2014-A,D,ORI
OE5527,20517570339,HORIZONTE GLOBAL OPPORTUNITIES PERU S.A.C.,,OTRAS EMPRESAS,,2012-A,2014-A,D,ORI
OE5528,20517056708,BRIDGESTONE OFF THE ROAD TIRE PERU S.A.C.,,OTRAS EMPRESAS,,2012-A,2014-A,D,ORI
OE5529,20100088321,INMOBILIARIA SUR SOCIEDAD COMERCIAL DE RESPONSABILIDAD LIMITADA,,OTRAS EMPRESAS,,2012-A,2014-A,D,ORI
OE5530,20512277358,JJC-SCHRADER CAMARGO S.A.C.,,OTRAS EMPRESAS,,2012-A,2014-A,D,ORI
OE5531,20512759778,HERBALIFE PERU S.R.L.,,OTRAS EMPRESAS,,2012-A,2014-A,D,ORI
OE5532,20458746720,ARAMARK PERU S.A.C.,,OTRAS EMPRESAS,,2012-A,2014-A,D,ORI
OE5533,20510030983,JIPE S.A,,OTRAS EMPRESAS,,2012-A,2014-A,D,ORI
OE5534,20255172884,PRODUCTOS SANCELA DEL PERU S.A.,,OTRAS EMPRESAS,,2012-A,2014-A,D,ORI
OE5583,20553346178,LOS PORTALES DEPARTAMENTOS S.A.C.,,OTRAS EMPRESAS,,2013-A,2014-A,D,ORI
OE5591,20545376114,EDIFICA CORP S.R.L.,,OTRAS EMPRESAS,,2013-T3,2013-T3,D,"BG,ER,FE,ORI"
OE5595,20522164781,PDK PERU S.R.L.,,OTRAS EMPRESAS,,2013-A,2014-A,D,ORI
OE5597,20522167020,CONSTRUCTORA EDIFICA SOCIEDAD ANONIMA CERRADA,,OTRAS EMPRESAS,,2013-A,2013-A,D,ORI
OE5614,20553585245,SURA ASSET MANAGEMENT PERU S.A.,,OTRAS EMPRESAS,,2014-A,2014-A,D,ORI
OE5637,20297687655,COBRECON S.A.,,OTRAS EMPRESAS,,2014-A,2014-A,D,ORI
OE5641,20552785712,FIT CAPITAL SOCIEDAD ADMINISTRADORA DE FONDOS DE INVERSION S.A.,6430,SOCIEDADES ADMINISTRADORAS DE FONDOS DE INVERSION,,2013-T3,2026-T2,D,"BG,ER,FE,ORI"
OE5656,20554422587,LP USA S.A.,,OTRAS EMPRESAS,,2014-A,2014-A,D,ORI
OE5661,20551094198,ACRES SOCIEDAD AGENTE DE BOLSA S.A.,,SOCIEDADES AGENTES DE BOLSA,,2013-T3,2026-T2,I,"BG,ER,FE"
OE5664,20551816754,CONCESIONARIA VIA EXPRESA SUR S.A.,,OTRAS EMPRESAS,,2014-A,2014-A,D,ORI
OE5665,20546121250,STRACON HOLDINGS S.A.,7010,EMPRESAS EMISORAS,DIVERSOS,2012-A,2025-T3,D,"BG,ER,FE,ORI"
OE5685,20514796379,CASSIHOLD S.A.C.,,OTRAS EMPRESAS,,2014-A,2014-A,D,ORI
OE5688,20554611479,TRANSPORTADORA DE GAS NATURAL COMPRIMIDO ANDINO S.A.C. - TGNCA S.A.C.,,OTRAS EMPRESAS,,2014-A,2014-A,D,ORI
OE5758,20555496053,CALIZAS DEL NORTE S.A.C,,OTRAS EMPRESAS,,2014-A,2014-A,D,ORI
OE5770,20554545743,CORPORACION PRIMAX S.A.,4661,EMPRESAS MERCADO INVERSIONISTA INSTITUCIONAL,DIVERSOS,2014-A,2025-A,D,"BG,ER,FE,ORI"
OE5771,20553646058,FARMINGTON ENTERPRISES S.A.,,OTRAS EMPRESAS,,2013-A,2013-A,D,ORI
OE5854,20553849161,BBVA CONSUMER FINANCE - EDPYME EN LIQUIDACION,,OTRAS EMPRESAS,,2013-A,2014-A,D,ORI
OE5855,20555271566,VITAPRO S.A.,,OTRAS EMPRESAS,,2014-A,2014-A,D,ORI
OE5869,20492134091,GRUAS ETAC PERU S.A.C.,,OTRAS EMPRESAS,,2014-A,2014-A,D,ORI
OE5911,20555702991,REPSOL TRADING PERU S.A.C.,,OTRAS EMPRESAS,,2014-A,2014-A,D,ORI
OE5916,20555481374,RENTA 4 SOCIEDAD AGENTE DE BOLSA S.A.,,SOCIEDADES AGENTES DE BOLSA,,2014-T2,2026-T2,I,"BG,ER,FE"
OE5920,20508528656,GLOBAL ALIMENTOS S.A.C.,,OTRAS EMPRESAS,,2013-A,2014-A,D,ORI
OE5922,20557345931,MASTERBREAD S.A.,,OTRAS EMPRESAS,,2014-A,2014-A,D,ORI
OE5926,20555116919,CAPIA SOCIEDAD ADMINISTRADORA DE FONDOS DE INVERSION S.A (ANTES ANDINO SAFI S.A.),6599,SOCIEDADES ADMINISTRADORAS DE FONDOS DE INVERSION,,2014-T2,2026-T2,D,"BG,ER,FE,ORI"
OE5954,20521371103,COMPAÑIA HIDROELECTRICA TINGO S.A.,,OTRAS EMPRESAS,,2014-A,2014-A,D,ORI
OE5960,20563343193,INVERSIONES IMBABURA S.A.,,OTRAS EMPRESAS,,2014-A,2014-A,D,ORI
OE5996,20562926322,R. TRADING S.A.,,OTRAS EMPRESAS,,2014-A,2014-A,D,ORI
OE6000,20554447814,HOLDING VENCEDOR S.A.C.,,OTRAS EMPRESAS,,2014-A,2014-A,D,ORI
OE6024,20562933370,SRM SOCIEDAD ADMINISTRADORA DE FONDOS DE INVERSION S.A. - SRM SAFI S.A.,,SOCIEDADES ADMINISTRADORAS DE FONDOS DE INVERSION,,2014-T4,2023-T1,D,"BG,ER,FE,ORI"
OE6034,20304576929,INVERSIONES LA CRUZ S.R.L.,,OTRAS EMPRESAS,,2014-A,2014-A,D,ORI
OE6174,20535936669,TRITON TRADING S.A. (ANTES TRITON RENTAL S.A.),,EMPRESAS MERCADO ALTERNATIVO DE VALORES,DIVERSOS,2015-A,2016-A,D,"BG,ER,FE,ORI"
OE6194,20562685881,CAPITARIA S.A. SOCIEDAD INTERMEDIARIA DE VALORES,,SOCIEDADES AGENTES DE BOLSA,,2015-T1,2017-T1,I,"BG,ER,FE"
OE6202,20547523181,TASA OMEGA SA,,OTRAS EMPRESAS,,2014-A,2014-A,D,ORI
OE6228,20557079441,EMPRESA COMERCIALIZADORA DE BEBIDAS S.A.C.,,OTRAS EMPRESAS,,2014-A,2014-A,D,ORI
OE6230,20522554732,DESARROLLO Y EDIFICACION DE VIVIENDA S.A. - DE VIVIENDA S.A.,,OTRAS EMPRESAS,,2014-A,2014-A,D,ORI
OE6231,20521542943,OBRAINSA CONCESION VALLE DEL ZAÑA S.A.,,OTRAS EMPRESAS,,2014-A,2014-A,D,ORI
OE6255,20543349403,INVERSIONES KANDOO S.A.C.,,OTRAS EMPRESAS,,2014-A,2014-A,D,ORI
OE6281,20492452115,DESARROLLOS INMOBILIARIOS PERUANOS S.A.C.,,OTRAS EMPRESAS,,2014-A,2014-A,D,ORI
OE6289,20546568319,ICCGSA AGROINDUSTRIAL S.A.C.,,OTRAS EMPRESAS,,2014-A,2014-A,D,ORI
OE6678,20600170539,LXG ASSET MANAGEMENT S.A. SOCIEDAD ADMINISTRADORA DE FONDOS DE INVERSION,6599,SOCIEDADES ADMINISTRADORAS DE FONDOS DE INVERSION,,2015-T4,2025-T4,D,"BG,ER,FE,ORI"
OE6679,20600212916,FLIP SOCIEDAD ADMINISTRADORA DE FONDOS SOCIEDAD ANONIMA CERRADA,6599,SOCIEDADES ADMINISTRADORAS DE FONDOS MUTUOS Y FONDOS DE INVERSION,,2015-T4,2026-T2,D,"BG,ER,FE,ORI"
OE6685,20554698817,LIS ARGENTIS CORPORATION S.A.C.,7499,OTRAS EMPRESAS,,2015-T4,2024-A,D,"BG,ER,FE,ORI"
OE6804,20600163346,FACTOTAL PERU S.A.,6599,EMPRESAS EMISORAS,DIVERSOS,2021-T3,2026-T2,D,"BG,ER,FE,ORI"
OE6887,20601116619,BBVA PERU HOLDING S.A.C. (ANTES NEWCO PERU S.A.C.),,OTRAS EMPRESAS,,2016-T3,2016-A,D,"BG,ER,FE,ORI"
OE6900,20600323980,CENTENARIO RENTA INMOBILIARIA S.A.C.,6810,EMPRESAS MERCADO INVERSIONISTA INSTITUCIONAL,DIVERSOS,2021-A,2025-A,D,"BG,ER,FE,ORI"
OE6901,20600058119,CENTENARIO DESARROLLO URBANO S.A.C.,7010,EMPRESAS EMISORAS,DIVERSOS,2022-T4,2026-T2,D,"BG,ER,FE,ORI"
OE6914,20601034809,EUROCAPITAL SERVICIOS FINANCIEROS S.A.C.,,EMPRESAS MERCADO INVERSIONISTA INSTITUCIONAL,DIVERSOS,2018-A,2018-A,D,"BG,ER,FE,ORI"
OE6928,20601413885,FOSSAL S.A.A.,6420,EMPRESAS EMISORAS,DIVERSOS,2016-T4,2026-T2,D,"BG,ER,FE,ORI"
OE6930,20601051487,PRUDENTIALSAF SOCIEDAD ADMINISTRADORA DE FONDOS S.A.C.,6599,SOCIEDADES ADMINISTRADORAS DE FONDOS MUTUOS Y FONDOS DE INVERSION,,2016-T3,2026-T2,D,"BG,ER,FE,ORI"
OE7005,20517225402,NISA ASSET MANAGEMENT S.A.,,EMPRESAS EMISORAS,DIVERSOS,2017-T3,2018-T4,D,"BG,ER,FE,ORI"
OE7449,20602078311,PRECIA S.A.C.,,EMPRESAS PROVEEDORAS DE PRECIOS,,2017-T2,2020-A,D,"BG,ER,FE,ORI"
OE7505,20601752426,EL CLAN EAFC S.A.,6499,EMPRESAS ADMINISTRADORAS DE FONDOS COLECTIVOS,,2017-T2,2026-T2,D,"BG,ER,FE,ORI"
OE7511,20601498996,ACRES SOCIEDAD ADMINISTRADORA DE FONDOS DE INVERSION S.A.,6430,SOCIEDADES ADMINISTRADORAS DE FONDOS DE INVERSION,,2017-T3,2026-T2,D,"BG,ER,FE,ORI"
OE7522,20601761611,CORE CAPITAL SOCIEDAD ADMINISTRADORA DE FONDOS DE INVERSION S.A.,6430,SOCIEDADES ADMINISTRADORAS DE FONDOS DE INVERSION,,2017-T3,2026-T2,D,"BG,ER,FE,ORI"
OE7553,20601524903,MGI SOCIEDAD ADMINISTRADORA DE FONDOS DE INVERSION S.A. - MGI SAFI S.A.,6430,SOCIEDADES ADMINISTRADORAS DE FONDOS DE INVERSION,,2017-T4,2026-T2,D,"BG,ER,FE,ORI"
OE7591,20601299268,EL DORADO ASSET MANAGEMENT SOCIEDAD ADMINISTRADORA DE FONDOS S.A.,6599,SOCIEDADES ADMINISTRADORAS DE FONDOS MUTUOS Y FONDOS DE INVERSION,,2017-T4,2026-T2,D,"BG,ER,FE,ORI"
OE7660,20602939619,ORICA SOLUCIONES DE VOLADURA S.A.C.,,OTRAS EMPRESAS,,2017-A,2019-A,D,"BG,ER,FE,ORI"
OE7661,20602930816,BRECA INMOBILIARIA S.A.C.,6420,OTRAS EMPRESAS,,2017-A,2024-A,D,"BG,ER,FE,ORI"
OE7662,20602938876,BRECA MINERIA S.A.C.,6420,OTRAS EMPRESAS,,2017-A,2024-A,D,"BG,ER,FE,ORI"
OE7663,20602939741,BRECA TURISMO S.A.C.,,OTRAS EMPRESAS,,2017-A,2020-A,D,"BG,ER,FE,ORI"
OE7690,20602931413,BRECA SEGUROS Y SALUD S.A.C.,6420,OTRAS EMPRESAS,,2017-A,2024-A,E,"BG,ER,FE,ORI"
OE7706,20602741827,DIAPHANUM SOCIEDAD ADMINISTRADORA DE FONDOS DE INVERSION SOCIEDAD ANONIMA CERRADA,6630,SOCIEDADES ADMINISTRADORAS DE FONDOS DE INVERSION,,2018-T2,2026-T2,D,"BG,ER,FE,ORI"
OE7738,20545533406,LATINA MEDIA S.A.,,EMPRESAS EMISORAS,DIVERSOS,2018-T2,2018-T3,D,"BG,ER,FE,ORI"
OE7816,20602150837,AI INVERSIONES PALO ALTO S.A.,7412,EMPRESAS EMISORAS,DIVERSOS,2018-T4,2026-T2,D,"BG,ER,FE,ORI"
OE7880,20603910835,OPTIMA SOCIEDAD ADMINISTRADORA DE FONDOS DE INVERSION S.A.C.,,SOCIEDADES ADMINISTRADORAS DE FONDOS DE INVERSION,,2019-T3,2021-T3,D,"BG,ER,FE,ORI"
OE7967,20605495339,INMOBILIARIA SIC S.A.,7010,EMPRESAS EMISORAS,DIVERSOS,2019-A,2026-T2,D,"BG,ER,FE,ORI"
OE8005,20510759606,DESARROLLADORA DEL PACIFICO SOCIEDAD ANONIMA CERRADA,6810,EMPRESAS MERCADO INVERSIONISTA INSTITUCIONAL,DIVERSOS,2019-A,2025-A,D,"BG,ER,FE,ORI"
OE8099,20605052917,COPEN INVERSIONES S.A.,7490,EMPRESAS EMISORAS,DIVERSOS,2023-T4,2026-T2,D,"BG,ER,FE,ORI"
OE8135,20565638905,ANDEAN CROWN CAPITAL MARKETS SOCIEDAD ANONIMA,7020,SOCIEDADES ESTRUCTURADORAS - SES,,2022-A,2025-A,D,"BG,ER,FE,ORI"
OE8147,20605667351,INVERSIONES.IO PERU SOCIEDAD ADMINISTRADORA DE PLATAFORMA DE FINANCIAMIENTO PARTICIPATIVO FINANCIERO S.A.C. - INV.IO PERU SOCIEDAD ADMINISTRADORA DE PFPF S.A.C.,7020,SOCIEDADES ADMINISTRADORAS DE PLATAFORMAS DE FINANCIAMIENTO PARTICIPATIVO FINANCIERO,FINANCIERAS,2022-T2,2026-T2,D,"BG,ER,FE,ORI"
OE8165,20605396497,BLUM SOCIEDAD ADMINISTRADORA DE FONDOS S.A.,6430,SOCIEDADES ADMINISTRADORAS DE FONDOS MUTUOS Y FONDOS DE INVERSION,,2020-T3,2026-T2,D,"BG,ER,FE,ORI"
OE8579,20607835544,BOLSA DE VALORES DE LIMA S.A.,6712,BOLSAS DE VALORES Y OTRAS ENTIDADES RESPONSABLES DE LA CONDUCCIÓN DE MECANISMOS CENTRALIZADOS DE NEG,,2021-T3,2026-T2,D,"BG,ER,FE,ORI"
OE8735,20604550468,ANKA SOCIEDAD ADMINISTRADORA DE FONDOS DE INVERSION S.A.,6630,SOCIEDADES ADMINISTRADORAS DE FONDOS DE INVERSION,,2021-T4,2026-T2,D,"BG,ER,FE,ORI"
OE8815,20511904162,EMPRESA DE CREDITO VIVELA S.A.,6499,EMPRESAS MERCADO INVERSIONISTA INSTITUCIONAL,FINANCIERAS,2025-A,2025-A,F,"BG,ER,FE,ORI"
OE8912,20608551701,BANCO BCI PERU S.A. - BANCO BCI,6519,EMPRESAS EMISORAS,BANCOS,2022-T2,2026-T2,F,"BG,ER,FE,ORI"
OE8998,20609591278,PROPONTE SOCIEDAD ANONIMA CERRADA EMPRESA ADMINISTRADORA DE FONDOS COLECTIVOS,6599,EMPRESAS ADMINISTRADORAS DE FONDOS COLECTIVOS,,2023-T4,2026-T2,D,"BG,ER,FE,ORI"
OE9112,20607400351,SANTANDER FINANCIAMIENTOS S.A.,6519,EMPRESAS EMISORAS,FINANCIERAS,2024-T1,2026-T2,F,"BG,ER,FE,ORI"
OT1008,20108068281,CAJA DE PENSIONES MILITAR POLICIAL,6602,OTRAS EMPRESAS,DIVERSOS,2000-A,2025-T1,"B,F","BG,ER,FE,ORI"
R00001,20177353656,APOYO Y ASOCIADOS INTERNACIONALES S.A.C. CLASIFICADORA DE RIESGO,6619,EMPRESAS CLASIFICADORAS DE RIESGO,,2000-T1,2026-T2,D,"BG,ER,FE,ORI"
R00002,20262276407,CLASIFICADORA DE RIESGO PACIFIC CREDIT RATING SAC,7499,EMPRESAS CLASIFICADORAS DE RIESGO,,2000-T1,2026-T2,D,"BG,ER,FE,ORI"
R00003,20265258370,CLASS Y ASOCIADOS S.A. CLASIFICADORA DE RIESGO,,EMPRESAS CLASIFICADORAS DE RIESGO,,2000-T1,2022-T2,D,"BG,ER,FE,ORI"
R00004,20296081567,MOODY S LOCAL PE CLASIFICADORA DE RIESGO S.A. (ANTES EQUILIBRIUM CLASIFICADORA DE RIESGO S.A.),6619,EMPRESAS CLASIFICADORAS DE RIESGO,,2000-T1,2026-T2,D,"BG,ER,FE,ORI"
S80059,20100312574,ARGENTA SOCIEDAD AGENTE DE BOLSA S.A. EN LIQUIDACION,,SOCIEDADES AGENTES DE BOLSA,,2000-T1,2001-T1,I,"BG,ER,FE"
S80061,20100576474,SEMINARIO Y CIA. SOCIEDAD AGENTE DE BOLSA S.A.,,SOCIEDADES AGENTES DE BOLSA,,2000-T1,2026-T2,I,"BG,ER,FE"
S80066,20100611563,MGS Y ASOCIADOS SOCIEDAD AGENTE DE BOLSA S.A.,,SOCIEDADES AGENTES DE BOLSA,,2000-T1,2014-T3,I,"BG,ER,FE"
S80080,20101031340,CREDICORP CAPITAL SOCIEDAD AGENTE DE BOLSA S.A.,,SOCIEDADES AGENTES DE BOLSA,,2000-T1,2026-T2,I,"BG,ER,FE"
S80081,20117920811,PROVALOR SOCIEDAD AGENTE DE BOLSA S.A.,,SOCIEDADES AGENTES DE BOLSA,,2000-T1,2022-T1,I,"BG,ER,FE"
S80082,20107213695,INVERSION Y DESARROLLO SOCIEDAD AGENTE DE BOLSA S.A.C.,,SOCIEDADES AGENTES DE BOLSA,,2000-T1,2026-T2,I,"BG,ER,FE"
S80083,20100576395,PERUVAL S.A.SOCIEDAD AGENTE DE BOLSA (RET),,SOCIEDADES AGENTES DE BOLSA,,2000-T1,2004-T4,I,"BG,ER,FE"
S80086,20158369975,INTERCAPITAL SOCIEDAD AGENTE DE BOLSA S.A.,,SOCIEDADES AGENTES DE BOLSA,,2000-T1,2012-T1,I,"BG,ER,FE"
S80087,20179010870,SURINVEST SOCIEDAD AGENTE DE BOLSA S.A. (RET),,SOCIEDADES AGENTES DE BOLSA,,2000-T1,2003-T3,I,"BG,ER,FE"
S80101,20100116716,CITICORP PERU S.A.,,SOCIEDADES AGENTES DE BOLSA,,2000-T1,2018-T3,I,"BG,ER,FE"
S80103,,FINVEST SOCIEDAD AGENTE DE BOLSA S.A. (RET),,SOCIEDADES AGENTES DE BOLSA,,2000-T1,2004-T3,I,"BG,ER,FE"
S80105,20122773770,MAGOT SOCIEDAD AGENTE DE BOLSA SAC,,SOCIEDADES AGENTES DE BOLSA,,2000-T1,2026-T2,I,"BG,ER,FE"
S80141,20203188219,SUDAMERICANO BOLSA SOCIEDAD AGENTE DE BOLSA S.A. (RET),,SOCIEDADES AGENTES DE BOLSA,,2000-T1,2006-T1,I,"BG,ER,FE"
S80145,20213552083,PROMOTORES E INVERSIONES INVESTA S.A. SOCIEDAD AGENTE DE BOLSA,6612,SOCIEDADES AGENTES DE BOLSA,,2000-T1,2026-T2,I,"BG,ER,FE"
S80148,20216295618,NORINVEST SOCIEDAD AGENTE DE BOLSA S.A. (RET),,SOCIEDADES AGENTES DE BOLSA,,2000-T1,2001-T2,I,"BG,ER,FE"
S80163,20219019115,LATINOAMERICANA SOCIEDAD CONSULTORA S.A. (ANTES LATINOAMERICANA S.A. SOCIEDAD AGENTE DE BOLSA),,SOCIEDADES AGENTES DE BOLSA,,2000-T1,2012-T4,I,"BG,ER,FE"
S80164,20342020870,BBVA BOLSA SOCIEDAD AGENTE DE BOLSA S.A.,6612,SOCIEDADES AGENTES DE BOLSA,,2000-T1,2026-T2,I,"BG,ER,FE"
S80165,20338205261,INTELIGO SOCIEDAD AGENTE DE BOLSA S.A.,6612,SOCIEDADES AGENTES DE BOLSA,,2000-T1,2026-T2,I,"BG,ER,FE"
SG0001,20379902996,GRUPO CORIL SOCIEDAD AGENTE DE BOLSA S.A.,,SOCIEDADES AGENTES DE BOLSA,,2000-T1,2026-T2,I,"BG,ER,FE"
SG0004,20472315154,FIT CAPITAL S.A.C.,,SOCIEDADES AGENTES DE BOLSA,,2000-T3,2023-T3,I,"BG,ER,FE"
SG0005,20513808519,BNB VALORES PERU S.A. SOCIEDAD AGENTE DE BOLSA,,SOCIEDADES AGENTES DE BOLSA,,2006-T4,2026-T2,"D,I","BG,ER,FE,ORI"
SP0001,20380383030,EMPRESA DE GENERACION ELECTRICA CAHUA S.A.,,EMPRESAS EMISORAS,SERVICIOS PUBLICOS,2000-T1,2009-T4,D,"BG,ER,FE"
SP0002,20325493811,SHOUGANG GENERACION ELECTRICA S.A.A.,4010,EMPRESAS EMISORAS,SERVICIOS PUBLICOS,2000-T1,2026-T2,D,"BG,ER,FE,ORI"
SP0003,20497017051,ARCATA ENERGIA S.A.A.,,EMPRESAS EMISORAS,SERVICIOS PUBLICOS,2000-T3,2000-T4,D,"BG,ER,FE"
SP0004,20100177693,TC SIGLO 21 S.A.A.,,EMPRESAS EMISORAS,SERVICIOS PUBLICOS,2000-T4,2006-A,D,"BG,ER,FE"
SP0005,20500698340,TELEFONICA EMPRESAS PERU S.A.A.,,EMPRESAS EMISORAS,SERVICIOS PUBLICOS,2000-T4,2006-T1,D,"BG,ER,FE"
SP0006,20405479592,EMPRESA REGIONAL DE SERVICIO PUBLICO DE ELECTRICIDAD DE PUNO S.A.A. - ELECTROPUNO,3510,EMPRESAS EMISORAS,SERVICIOS PUBLICOS,2002-A,2026-T2,D,"BG,ER,FE,ORI"
SP0007,20502597061,STATKRAFT PERU S.A. (ANTES SN POWER PERU S.A.),,EMPRESAS EMISORAS,SERVICIOS PUBLICOS,2003-T2,2014-A,D,"BG,ER,FE,ORI"
SP0008,20504645046,RED DE ENERGIA DEL PERU S.A.,4110,EMPRESAS EMISORAS,SERVICIOS PUBLICOS,2003-T2,2026-T2,D,"BG,ER,FE,ORI"
SP0009,20262221335,EMPRESA DE GENERACION ELECTRICA SAN GABAN S.A.,4010,EMPRESAS EMISORAS,SERVICIOS PUBLICOS,2003-T4,2026-T2,D,"BG,ER,FE,ORI"
SP0010,20100188628,SOCIEDAD ELECTRICA DEL SUR OESTE S.A. - SEAL,3510,EMPRESAS EMISORAS,SERVICIOS PUBLICOS,2003-A,2026-T2,D,"BG,ER,FE,ORI"
SP0011,20216293593,EMPRESA DE GENERACION ELECTRICA DE AREQUIPA S.A. - EGASA (RET.),,EMPRESAS EMISORAS,SERVICIOS PUBLICOS,2003-T4,2003-T4,D,"BG,ER,FE"
SP0012,20100152356,SERVICIO DE AGUA POTABLE Y ALCANTARILLADO - SEDAPAL,4100,EMPRESAS EMISORAS,SERVICIOS PUBLICOS,2003-A,2026-T2,D,"BG,ER,FE,ORI"
T00001,20375985340,CITICORP PERU SOCIEDAD TITULIZADORA S.A.,,SOCIEDADES TITULIZADORAS,,2000-T1,2016-T3,D,"BG,ER,FE,ORI"
T00002,20379806768,GRUPO CORIL SOCIEDAD TITULIZADORA S.A.,6711,SOCIEDADES TITULIZADORAS,,2000-T1,2026-T2,D,"BG,ER,FE,ORI"
T00003,20375887763,CREDICORP CAPITAL SOCIEDAD TITULIZADORA S.A.,6711,SOCIEDADES TITULIZADORAS,,2000-T1,2026-T2,D,"BG,ER,FE,ORI"
T00004,20425641761,BBVA SOCIEDAD TITULIZADORA S.A.,7499,SOCIEDADES TITULIZADORAS,,2000-T1,2026-T2,D,"BG,ER,FE,ORI"
T00005,20374996411,TRUST SOCIEDAD TITULIZADORA S.A.,6719,SOCIEDADES TITULIZADORAS,,2000-T1,2026-T2,D,"BG,ER,FE,ORI"
T00006,20426911869,SCOTIA SOCIEDAD TITULIZADORA S.A.,6719,SOCIEDADES TITULIZADORAS,,2000-T1,2026-T2,D,"BG,ER,FE,ORI"
T00007,20433434324,INTERNACIONAL DE TITULOS SOCIEDAD TITULIZADORA S.A.-INTERTITULOS ST,6711,SOCIEDADES TITULIZADORAS,,2000-T1,2026-T2,D,"BG,ER,FE,ORI"
TD0001,20103733015,HONDA DEL PERU S.A,,EMPRESAS EMISORAS,DIVERSAS DEL TRABAJO,2000-T4,2014-A,D,"BG,ER,FE,ORI"
TI0001,20417926632,MOTORES DIESEL ANDINOS S.A.,,EMPRESAS EMISORAS,INDUSTRIALES,2000-T1,2021-T2,D,"BG,ER,FE,ORI"
TI0002,20417378911,INTRADEVCO INDUSTRIAL S.A.,,EMPRESAS EMISORAS,INDUSTRIALES,2000-T1,2019-T2,D,"BG,ER,FE,ORI"
TI0003,20100192650,MICHELL Y CIA. S.A.,1711,EMPRESAS EMISORAS,INDUSTRIALES,2000-T1,2026-T2,D,"BG,ER,FE,ORI"
TM0001,20381444997,COMPAÑIA MINERA ARCATA S.A,,EMPRESAS EMISORAS,MINERAS DEL TRABAJO,2000-T1,2004-T1,D,"BG,ER,FE"
VL0001,20154981021,SUMMA ASESORES FINANCIEROS S.A.,7414,EMPRESAS VALORIZADORAS,,2007-A,2025-A,D,"BG,ER,FE,ORI"
VL0004,20260496281,APOYO CONSULTORIA S.A.C.,7020,SOCIEDADES ESTRUCTURADORAS - SES,,2011-A,2025-A,D,"BG,ER,FE,ORI"
